date,day,price,atm_ce_1,atm_pe_1,itm_ce_1,itm_ce_2,itm_ce_3,itm_ce_4,itm_ce_5,itm_pe_1,itm_pe_2,itm_pe_3,itm_pe_4,itm_pe_5,otm_ce_1,otm_ce_2,otm_ce_3,otm_ce_4,otm_ce_5,otm_pe_1,otm_pe_2,otm_pe_3,otm_pe_4,otm_pe_5
01-09-2025,1,24511.4,102.35,54.05,75.05,52.75,36.25,24.35,16.25,75.4,104.45,136.6,174.5,216.2,75.05,52.75,36.25,24.35,16.25,75.4,104.45,136.6,174.5,216.2
02-09-2025,0,24676,37,54.2,19.65,9.35,4.65,2.55,1.7,86.6,128.25,172.1,220.9,268.85,19.65,9.35,4.65,2.55,1.7,86.6,128.25,172.1,220.9,268.85
03-09-2025,6,24588.45,132.15,128.25,108.2,86.9,68.5,54.25,41.3,152.6,181.4,212.4,246.15,287.2,108.2,86.9,68.5,54.25,41.3,152.6,181.4,212.4,246.15,287.2
04-09-2025,5,24876.95,109.05,111.25,86.35,65.7,48.15,37.15,26.6,137.6,167.55,202.4,238.95,280.9,86.35,65.7,48.15,37.15,26.6,137.6,167.55,202.4,238.95,280.9
05-09-2025,4,24801.6,97.25,74.45,72.55,53.55,38.1,27.3,19.1,100.05,127.1,163.3,205.45,242.1,72.55,53.55,38.1,27.3,19.1,100.05,127.1,163.3,205.45,242.1
08-09-2025,1,24804.4,78.75,58.3,55.6,37.6,23.2,14.05,9.05,83.3,114.25,154.85,191.6,236.5,55.6,37.6,23.2,14.05,9.05,83.3,114.25,154.85,191.6,236.5
09-09-2025,0,24847.4,54.45,42.05,34.05,19.4,11.3,5.7,3.5,70.2,106.2,147.25,195.4,239.95,34.05,19.4,11.3,5.7,3.5,70.2,106.2,147.25,195.4,239.95
10-09-2025,6,24979,112.7,126.2,90.05,69.55,53.55,39.35,30.05,152.9,184.05,220,257,295,90.05,69.55,53.55,39.35,30.05,152.9,184.05,220,257,295
11-09-2025,5,24963.65,133.7,81.55,104.5,80.45,60.35,45.3,32.25,101.85,127.85,158.25,192.45,230.25,104.5,80.45,60.35,45.3,32.25,101.85,127.85,158.25,192.45,230.25
12-09-2025,4,25065.6,108.95,60.6,80.55,57.85,40.1,26.6,17.4,82.25,108.6,140,177.4,218.8,80.55,57.85,40.1,26.6,17.4,82.25,108.6,140,177.4,218.8
15-09-2025,1,25124.25,70.05,54.25,45.5,27.95,16.7,9.6,5.85,79.15,111.35,150.6,192.7,240.15,45.5,27.95,16.7,9.6,5.85,79.15,111.35,150.6,192.7,240.15
16-09-2025,0,25089.6,33.95,43.1,17,8.95,4.5,2.8,1.85,77.3,116.9,166,208.65,263.4,17,8.95,4.5,2.8,1.85,77.3,116.9,166,208.65,263.4
17-09-2025,6,25293.7,148.15,87.25,119.05,94.25,73,54.45,41.35,109,133.35,162.3,194.25,231.45,119.05,94.25,73,54.45,41.35,109,133.35,162.3,194.25,231.45
18-09-2025,5,25421.35,121.8,69.45,92.85,69.15,51.5,36.6,25.7,91.3,118.15,149.4,185,224.8,92.85,69.15,51.5,36.6,25.7,91.3,118.15,149.4,185,224.8
19-09-2025,4,25392,79.4,67.4,55.3,37.35,24.7,15.8,10.3,93.65,126.1,162.45,204,248.3,55.3,37.35,24.7,15.8,10.3,93.65,126.1,162.45,204,248.3
22-09-2025,1,25222.95,109.1,36.2,76.75,48.5,30.75,18.7,12.05,51.7,75.75,106.75,145.45,187.8,76.75,48.5,30.75,18.7,12.05,51.7,75.75,106.75,145.45,187.8
23-09-2025,0,25221.3,68.1,25.25,39.1,21.2,12.05,7.6,4.45,45.7,77.3,119,160.05,206.85,39.1,21.2,12.05,7.6,4.45,45.7,77.3,119,160.05,206.85
24-09-2025,6,25101.85,144.55,93.2,116.35,92.45,72.15,55.95,42.55,115.05,140.2,170.4,203.45,241.2,116.35,92.45,72.15,55.95,42.55,115.05,140.2,170.4,203.45,241.2
25-09-2025,5,25031.45,96.6,101.25,73.9,56,41.55,30.4,22.4,128.1,159.4,194.75,231.95,276.05,73.9,56,41.55,30.4,22.4,128.1,159.4,194.75,231.95,276.05
26-09-2025,4,24828.15,108.95,86.05,81.3,59.75,45.3,32.75,24.55,110.4,137.35,169.25,207.35,251.7,81.3,59.75,45.3,32.75,24.55,110.4,137.35,169.25,207.35,251.7
29-09-2025,1,24683.35,108.7,47.5,78.95,54.05,36.8,25,17,66.4,93.1,125.3,162.45,204.9,78.95,54.05,36.8,25,17,66.4,93.1,125.3,162.45,204.9
30-09-2025,0,24706.2,58.35,42.05,35.85,20.05,11.7,7.25,4.75,67.6,103.2,143.75,190.7,239,35.85,20.05,11.7,7.25,4.75,67.6,103.2,143.75,190.7,239
01-10-2025,6,24625.05,130.9,124.3,105.75,84.2,66.05,50.75,37.4,147.8,176.8,206.25,241.15,281.15,105.75,84.2,66.05,50.75,37.4,147.8,176.8,206.25,241.15,281.15
03-10-2025,4,24778.8,103.35,74.7,76.1,54.4,38.2,25.95,17.25,96.9,125.4,157.75,195.6,238.6,76.1,54.4,38.2,25.95,17.25,96.9,125.4,157.75,195.6,238.6
06-10-2025,1,24922.25,69.35,54.9,47.6,29.25,17.5,10.75,5.7,78.3,114.35,149.95,189.55,239.85,47.6,29.25,17.5,10.75,5.7,78.3,114.35,149.95,189.55,239.85
07-10-2025,0,25130.2,30.35,64,16.55,8.85,4.45,2.7,1.8,98,140.7,189.2,235.7,285.95,16.55,8.85,4.45,2.7,1.8,98,140.7,189.2,235.7,285.95
08-10-2025,6,25120.65,127.7,90.9,100.7,77.7,59.15,44,31.95,113.95,141.15,170.8,205,242.6,100.7,77.7,59.15,44,31.95,113.95,141.15,170.8,205,242.6
09-10-2025,5,25055.5,121,82.2,95.5,73,54.05,39.95,29.1,103.3,128.4,160.75,198,235.3,95.5,73,54.05,39.95,29.1,103.3,128.4,160.75,198,235.3
10-10-2025,4,25169.75,126.7,53.95,93.2,68.15,48.6,33.25,22.25,75.2,99.65,126.4,161.3,201.75,93.2,68.15,48.6,33.25,22.25,75.2,99.65,126.4,161.3,201.75
13-10-2025,1,25183.05,96.9,61.3,67.25,44.95,29.2,17.6,11.05,81.95,109.05,141.25,181.75,225,67.25,44.95,29.2,17.6,11.05,81.95,109.05,141.25,181.75,225
14-10-2025,0,25295.4,49.35,52.7,28.4,16.2,8.6,5.15,2.95,82.8,118.05,162.55,208.7,256.3,28.4,16.2,8.6,5.15,2.95,82.8,118.05,162.55,208.7,256.3
15-10-2025,6,25221.5,179.25,74.8,145,114.7,89.8,71.3,53.45,94.35,116.95,140.35,168.1,207.5,145,114.7,89.8,71.3,53.45,94.35,116.95,140.35,168.1,207.5
16-10-2025,5,25408.9,138.1,67.25,106.35,78.55,56.55,37.15,26.6,85.6,109.75,137.85,179.2,207.5,106.35,78.55,56.55,37.15,26.6,85.6,109.75,137.85,179.2,207.5
17-10-2025,4,25561.25,95,87.2,70,49.6,33.8,22.6,14.9,111.9,141.45,177.65,216.3,259.95,70,49.6,33.8,22.6,14.9,111.9,141.45,177.65,216.3,259.95
20-10-2025,1,25907.45,76.2,45.25,50.3,32.2,19,11.65,7.7,71.25,101.3,139.25,181.65,227.25,50.3,32.2,19,11.65,7.7,71.25,101.3,139.25,181.65,227.25
23-10-2025,5,26037.95,154.15,104.4,125.85,100.7,79.75,61.8,46.9,125.6,151.2,178.65,211.8,244.85,125.85,100.7,79.75,61.8,46.9,125.6,151.2,178.65,211.8,244.85
24-10-2025,4,25868.2,173.25,69.15,142.05,113.3,89,67.95,50.5,86,106.7,131.55,160.7,195.7,142.05,113.3,89,67.95,50.5,86,106.7,131.55,160.7,195.7
27-10-2025,1,25873.8,117.75,51.9,89.55,65.55,46.25,33.1,23.3,71.3,96.3,130.3,166.1,205.55,89.55,65.55,46.25,33.1,23.3,71.3,96.3,130.3,166.1,205.55
28-10-2025,0,25991.95,81.2,60.95,54.7,36.5,24.15,14.25,8,86.65,116,148.5,192.5,238.85,54.7,36.5,24.15,14.25,8,86.65,116,148.5,192.5,238.85
29-10-2025,6,26020.15,201.8,114.8,173,146.95,126,102.65,86.75,135.4,158.65,184.25,216.2,246.95,173,146.95,126,102.65,86.75,135.4,158.65,184.25,216.2,246.95
30-10-2025,5,25972,177.6,97.85,149.85,124.1,102.85,81.55,66.6,115.05,141.25,166.75,201,232.2,149.85,124.1,102.85,81.55,66.6,115.05,141.25,166.75,201,232.2
31-10-2025,4,25844,124.85,102.9,98,78.05,60.25,46.55,35.05,129.2,158.5,190.55,226.25,266.35,98,78.05,60.25,46.55,35.05,129.2,158.5,190.55,226.25,266.35
03-11-2025,1,25673.9,141.25,56.9,111.25,85.15,63.15,48.3,35.7,77.45,103.25,131.9,164.25,201.75,111.25,85.15,63.15,48.3,35.7,77.45,103.25,131.9,164.25,201.75
04-11-2025,0,25781.1,54.85,77.9,36.4,23.35,14.7,9.5,6.1,109.15,147.05,189.05,232.95,279.1,36.4,23.35,14.7,9.5,6.1,109.15,147.05,189.05,232.95,279.1
06-11-2025,5,25644.55,153.6,103.8,125.8,100.95,79.65,61.75,47.6,125.8,149.25,181.4,213.3,250.25,125.8,100.95,79.65,61.75,47.6,125.8,149.25,181.4,213.3,250.25
07-11-2025,4,25364.35,132.2,78.6,105.55,81.9,63.2,48.3,36.9,100.25,130.85,161.2,197.75,233.9,105.55,81.9,63.2,48.3,36.9,100.25,130.85,161.2,197.75,233.9
10-11-2025,1,25557.25,104.15,54.05,76.05,52.25,34.85,22.5,14.5,73,101.5,131.4,170.05,213.85,76.05,52.25,34.85,22.5,14.5,73,101.5,131.4,170.05,213.85
11-11-2025,0,25583.25,70.05,45.25,43.15,24.3,13.15,6.3,3.15,66.5,97.4,135.95,179.2,226.8,43.15,24.3,13.15,6.3,3.15,66.5,97.4,135.95,179.2,226.8
12-11-2025,6,25817.45,201.8,95.9,169.85,139.7,117.75,93.8,75.15,115.6,138,161.9,191.4,220.55,169.85,139.7,117.75,93.8,75.15,115.6,138,161.9,191.4,220.55
13-11-2025,5,25846.2,132.1,116.8,108.6,87,67.2,52.4,40.1,140.55,168.4,200,234.45,271,108.6,87,67.2,52.4,40.1,140.55,168.4,200,234.45,271
14-11-2025,4,25784.45,164.7,109.15,136.25,111.55,89.1,72.05,56.75,131.5,158.2,188.85,219.1,255.75,136.25,111.55,89.1,72.05,56.75,131.5,158.2,188.85,219.1,255.75
17-11-2025,1,25924.25,116.15,63.6,90.25,66.25,47.3,33.7,23.1,82.4,109.55,145.1,180.85,219.25,90.25,66.25,47.3,33.7,23.1,82.4,109.55,145.1,180.85,219.25
18-11-2025,0,25942.7,52.6,66.2,33.65,21.55,12.55,7.1,4.3,99.55,133.6,177.5,224,270,33.65,21.55,12.55,7.1,4.3,99.55,133.6,177.5,224,270
19-11-2025,6,25891.25,169.5,139.9,137.8,119.25,98.45,80.8,65.5,166.5,190.5,223.2,252,291.95,137.8,119.25,98.45,80.8,65.5,166.5,190.5,223.2,252,291.95
20-11-2025,5,26089.35,146.65,110.8,120.55,97.55,75.2,58.4,44.75,132.75,156.85,188.6,218.7,255.25,120.55,97.55,75.2,58.4,44.75,132.75,156.85,188.6,218.7,255.25
21-11-2025,4,26107.4,133.9,97.95,107.25,83.85,64.7,48.5,36.25,120.3,148,178.9,212.05,249.7,107.25,83.85,64.7,48.5,36.25,120.3,148,178.9,212.05,249.7
24-11-2025,1,26097.6,105,69.4,77.85,55.8,39.35,25.7,16.15,92.45,120.75,151.85,187.8,227.3,77.85,55.8,39.35,25.7,16.15,92.45,120.75,151.85,187.8,227.3
25-11-2025,0,25934.9,58.9,62.05,38.25,24.55,15.1,9.7,6.3,93.45,127.15,169.5,214.7,261.55,38.25,24.55,15.1,9.7,6.3,93.45,127.15,169.5,214.7,261.55
26-11-2025,6,25955.55,180.25,95.4,150.25,122.4,99.25,80.2,63.35,116.4,139.6,167.2,195.1,229.7,150.25,122.4,99.25,80.2,63.35,116.4,139.6,167.2,195.1,229.7
27-11-2025,5,26225.45,137.45,106.6,110.85,89.25,68.05,51.6,39.15,129.35,153.85,185,221.05,257.45,110.85,89.25,68.05,51.6,39.15,129.35,153.85,185,221.05,257.45
28-11-2025,4,26203.05,123.2,88.6,95.85,72.2,52.65,37.75,26.8,111.45,139.35,171.4,205.65,240.35,95.85,72.2,52.65,37.75,26.8,111.45,139.35,171.4,205.65,240.35
01-12-2025,1,26291.55,86.85,67.2,60.5,40.35,25.6,15.9,9.65,91.7,121.65,155.95,197.65,240.35,60.5,40.35,25.6,15.9,9.65,91.7,121.65,155.95,197.65,240.35
02-12-2025,0,26118.7,62.95,43.9,38,20.75,11.5,6.6,3.9,68.7,102,142.65,187.5,233.15,38,20.75,11.5,6.6,3.9,68.7,102,142.65,187.5,233.15
03-12-2025,6,26028,134.2,134.65,109.1,87.5,70.4,55.45,43.4,159.9,191,221.75,258.75,294.7,109.1,87.5,70.4,55.45,43.4,159.9,191,221.75,258.75,294.7
04-12-2025,5,25955.15,120.75,110.4,97.9,77.3,60.3,46.3,35.85,134.95,165.95,199.15,235.1,274.55,97.9,77.3,60.3,46.3,35.85,134.95,165.95,199.15,235.1,274.55
05-12-2025,4,26022.7,131.4,77.05,103.15,80,59.4,43.75,31.2,98.9,124.45,155.35,190.05,227.2,103.15,80,59.4,43.75,31.2,98.9,124.45,155.35,190.05,227.2
08-12-2025,1,26152.85,85.8,60.3,59.25,38.9,24.1,14.1,8.05,85.1,113.3,150.05,189.3,232.15,59.25,38.9,24.1,14.1,8.05,85.1,113.3,150.05,189.3,232.15
09-12-2025,0,25840.7,62.55,50.95,41.2,25.15,15.45,9.55,6.55,76.2,112.4,152.4,195.95,244,41.2,25.15,15.45,9.55,6.55,76.2,112.4,152.4,195.95,244
10-12-2025,6,25866.05,137.75,126.1,112.05,89.4,71.25,56,44.05,150.55,181.1,211.2,246.65,283.55,112.05,89.4,71.25,56,44.05,150.55,181.1,211.2,246.65,283.55
11-12-2025,5,25731.5,150.55,101.1,122.6,99.45,80.8,63.6,49.8,124.85,152.1,182.05,215.2,252.15,122.6,99.45,80.8,63.6,49.8,124.85,152.1,182.05,215.2,252.15
12-12-2025,4,25989.05,99.1,90.4,73.25,52.6,36.85,25.4,17.25,114.5,145.3,179.4,218.55,258,73.25,52.6,36.85,25.4,17.25,114.5,145.3,179.4,218.55,258
15-12-2025,1,25964.6,79.2,69.3,56,37.7,24.95,15.85,10.05,95.35,127.6,163.55,205.15,250,56,37.7,24.95,15.85,10.05,95.35,127.6,163.55,205.15,250
16-12-2025,0,25931.3,45.7,62.45,27.3,14.8,7.85,4.4,2.8,93.25,132.05,173.05,221.4,269.55,27.3,14.8,7.85,4.4,2.8,93.25,132.05,173.05,221.4,269.55
17-12-2025,6,25886.8,125.15,126,101.4,80.8,63.05,48.75,36.4,152.8,180.85,213,246.85,287.4,101.4,80.8,63.05,48.75,36.4,152.8,180.85,213,246.85,287.4
18-12-2025,5,25778.95,108.05,110.75,85.55,66.35,51.55,38.7,29.95,137.95,169.55,203.3,240.75,281.65,85.55,66.35,51.55,38.7,29.95,137.95,169.55,203.3,240.75,281.65
19-12-2025,4,25927.2,83.75,101.75,61.7,44.95,31,21.55,14.85,130.8,163,200.5,239.05,281.9,61.7,44.95,31,21.55,14.85,130.8,163,200.5,239.05,281.9
22-12-2025,1,26095.7,74.55,61.95,50,34.35,21,12.35,7.45,89,119.7,156.05,199.3,245,50,34.35,21,12.35,7.45,89,119.7,156.05,199.3,245
23-12-2025,0,26154.85,62.7,33.7,35.2,18.25,8.85,3.75,1.95,58.2,94,132.05,178.65,226.1,35.2,18.25,8.85,3.75,1.95,58.2,94,132.05,178.65,226.1
24-12-2025,6,26161.5,114.45,94.3,88.65,67.35,49.7,35.85,25.4,118.15,147.2,178.8,216,254.15,88.65,67.35,49.7,35.85,25.4,118.15,147.2,178.8,216,254.15
26-12-2025,4,26115.6,82.65,72.2,59.15,39.25,26.45,17.15,11,99.2,133.9,168.75,208.65,254.55,59.15,39.25,26.45,17.15,11,99.2,133.9,168.75,208.65,254.55
29-12-2025,1,26068.95,69.65,48.7,47.15,29.4,18,9.95,5.75,72.65,105.8,143.45,186.75,233.05,47.15,29.4,18,9.95,5.75,72.65,105.8,143.45,186.75,233.05
30-12-2025,0,25903.1,41.9,38.6,22.7,12.45,6.8,4.1,2.75,67.95,105.95,151.8,200.3,247.3,22.7,12.45,6.8,4.1,2.75,67.95,105.95,151.8,200.3,247.3
31-12-2025,6,26011.1,132.65,82.55,104.4,80.65,60.4,44.2,31.65,104.4,130,161.1,194.55,232.8,104.4,80.65,60.4,44.2,31.65,104.4,130,161.1,194.55,232.8
01-01-2026,5,26194.3,96.9,86.4,71.25,50.7,34.8,22.4,15.1,112.25,139.85,175,217.45,257.2,71.25,50.7,34.8,22.4,15.1,112.25,139.85,175,217.45,257.2
02-01-2026,4,26170.05,103,50.55,73.3,49,31.15,18.2,10,71.4,98.3,128.85,165.9,209.2,73.3,49,31.15,18.2,10,71.4,98.3,128.85,165.9,209.2
05-01-2026,1,26319.15,88.1,47.2,58.1,34.8,20.9,12.15,7,67.45,99.2,134.7,174.8,220.35,58.1,34.8,20.9,12.15,7,67.45,99.2,134.7,174.8,220.35
06-01-2026,0,26214.7,78.2,22.2,45.2,23,9.6,4.3,2.3,38.35,65.35,106.2,147.6,199.25,45.2,23,9.6,4.3,2.3,38.35,65.35,106.2,147.6,199.25
07-01-2026,6,26133.85,95.65,113.45,73.7,55.65,41.6,29.95,21.7,141.1,173,208.05,246.25,289.25,73.7,55.65,41.6,29.95,21.7,141.1,173,208.05,246.25,289.25
08-01-2026,5,26115.1,94.9,86.75,71.2,52.25,37.4,26.75,18.55,112.5,143.9,179.8,217.2,260.1,71.2,52.25,37.4,26.75,18.55,112.5,143.9,179.8,217.2,260.1
09-01-2026,4,25909.9,105.15,79.1,78.55,57.3,40.95,29.15,20.6,103.2,133.75,165.15,204.7,246.5,78.55,57.3,40.95,29.15,20.6,103.2,133.75,165.15,204.7,246.5
12-01-2026,1,25615.5,119.45,52.4,90.2,63.1,45.45,31.6,21.5,71.05,97.95,125.3,161.2,201.95,90.2,63.1,45.45,31.6,21.5,71.05,97.95,125.3,161.2,201.95
13-01-2026,0,25863.7,53.3,65.25,35.3,22.4,13.6,8.05,4.6,96.85,133.35,173.8,215.8,267.65,35.3,22.4,13.6,8.05,4.6,96.85,133.35,173.8,215.8,267.65
14-01-2026,6,25707.75,134.1,135.75,109.6,84.3,67.7,56.35,42.75,159.75,196.25,229.3,255.8,299.8,109.6,84.3,67.7,56.35,42.75,159.75,196.25,229.3,255.8,299.8
16-01-2026,4,25691.9,142.75,93.3,113.6,90,71.7,54.3,41.1,115.8,144.2,171.3,207.5,245.15,113.6,90,71.7,54.3,41.1,115.8,144.2,171.3,207.5,245.15
19-01-2026,1,25581.05,67.1,117,48.9,35.4,25.85,18.95,14.3,150.35,187.3,227.55,271.7,315.3,48.9,35.4,25.85,18.95,14.3,150.35,187.3,227.55,271.7,315.3
20-01-2026,0,25571.85,55.2,55.3,35.4,21.3,12.65,7.2,4.6,84.25,120.2,160.85,207.9,254.55,35.4,21.3,12.65,7.2,4.6,84.25,120.2,160.85,207.9,254.55
21-01-2026,6,25247.3,146.95,162.8,120.45,103.2,82.5,66.9,53.45,192.8,215.65,248.85,281.9,320.55,120.45,103.2,82.5,66.9,53.45,192.8,215.65,248.85,281.9,320.55
22-01-2026,5,25316.4,165.25,112.6,138.3,112.65,92,74.15,58.8,133.3,159.75,188.85,221.15,254,138.3,112.65,92,74.15,58.8,133.3,159.75,188.85,221.15,254
23-01-2026,4,25261.95,167.05,86.65,137.15,108.85,85.95,69.55,52.05,105.4,132.25,162,188.45,225.8,137.15,108.85,85.95,69.55,52.05,105.4,132.25,162,188.45,225.8
27-01-2026,0,25053.25,149.65,52.6,110.55,86.9,64.85,46,32.95,74.35,94.85,120,159,187.1,110.55,86.9,64.85,46,32.95,74.35,94.85,120,159,187.1
28-01-2026,6,25322.25,268.2,213.95,240.4,214,190,167.6,146.3,235.9,257.05,284.75,311.9,340.4,240.4,214,190,167.6,146.3,235.9,257.05,284.75,311.9,340.4
29-01-2026,5,25281.95,199.7,210.2,174.95,154.8,133.7,116.55,100.6,237.05,263.15,292,325.1,359.5,174.95,154.8,133.7,116.55,100.6,237.05,263.15,292,325.1,359.5
30-01-2026,4,25277.05,180.35,205.95,156.8,134.45,115.65,99.05,84.05,231.3,258.45,291.5,323.35,360,156.8,134.45,115.65,99.05,84.05,231.3,258.45,291.5,323.35,360
02-02-2026,1,24782.9,135.2,202.2,113.85,95.25,79.65,66.15,54.7,231.15,263.15,291.95,327.8,370.55,113.85,95.25,79.65,66.15,54.7,231.15,263.15,291.95,327.8,370.55
03-02-2026,0,25780.1,170,284.75,161.55,146.45,150.9,132.15,123.8,323.45,367.3,397.25,442.25,485.75,161.55,146.45,150.9,132.15,123.8,323.45,367.3,397.25,442.25,485.75
04-02-2026,6,25682.55,178.2,186.55,153.4,133.2,113.6,96.9,82.8,213.9,242.2,272.5,307,341.9,153.4,133.2,113.6,96.9,82.8,213.9,242.2,272.5,307,341.9
05-02-2026,5,25718.2,168.05,142.05,143.9,120.85,99.9,83.3,69.05,163.4,191.5,224.1,255.2,292.3,143.9,120.85,99.9,83.3,69.05,163.4,191.5,224.1,255.2,292.3
06-02-2026,4,25588.3,123.6,133.05,103.5,82.05,66.45,54.1,42.7,158.35,191.25,225.35,259.55,300.6,103.5,82.05,66.45,54.1,42.7,158.35,191.25,225.35,259.55,300.6
09-02-2026,1,25830.2,90.5,92.1,67,51.4,37.3,27.6,20.45,119.95,149.7,188.75,227.25,269.35,67,51.4,37.3,27.6,20.45,119.95,149.7,188.75,227.25,269.35
10-02-2026,0,25931,34.3,75.1,20.65,11.25,6.35,4.1,2.8,109.55,152.15,197.5,244.85,295.9,20.65,11.25,6.35,4.1,2.8,109.55,152.15,197.5,244.85,295.9
11-02-2026,6,25981.1,135.1,118.05,109.5,87.1,68.8,52.7,40.65,141.5,170.75,200.9,235.55,274.5,109.5,87.1,68.8,52.7,40.65,141.5,170.75,200.9,235.55,274.5
12-02-2026,5,25862.3,151,85.4,120.1,95,75.2,56.65,42.75,107.6,131.75,158.7,192.1,228.95,120.1,95,75.2,56.65,42.75,107.6,131.75,158.7,192.1,228.95
13-02-2026,4,25590.5,126,99.2,100.15,80.1,60.2,47.1,35.15,121.65,147.9,180.45,213.65,256.25,100.15,80.1,60.2,47.1,35.15,121.65,147.9,180.45,213.65,256.25
16-02-2026,1,25447.8,83.5,109.55,63.45,47.5,35.95,26.75,19.9,138.5,173.2,210.25,253.45,296.35,63.45,47.5,35.95,26.75,19.9,138.5,173.2,210.25,253.45,296.35
17-02-2026,0,25598.6,56.2,50.3,33.85,19.3,11.7,7.25,5.15,79.2,117.4,157.95,203.8,251.75,33.85,19.3,11.7,7.25,5.15,79.2,117.4,157.95,203.8,251.75
18-02-2026,6,25717,160.75,127.3,133.85,109.65,90,72.1,57.85,150.95,178.25,206.65,239.3,275.3,133.85,109.65,90,72.1,57.85,150.95,178.25,206.65,239.3,275.3
19-02-2026,3,25844,117,118.05,90.15,71.7,53.35,41.3,30.55,147.6,173.1,210.9,242.2,284.5,90.15,71.7,53.35,41.3,30.55,147.6,173.1,210.9,242.2,284.5
20-02-2026,2,25465.85,127.95,158.65,108.1,94,74,60.95,49,191.25,181.9,258.45,295.35,327.7,108.1,94,74,60.95,49,191.25,181.9,258.45,295.35,327.7
23-02-2026,1,25661.55,97.25,109.7,74.2,56.15,41.7,30.6,22.25,136,165.5,200.75,242.3,284.5,74.2,56.15,41.7,30.6,22.25,136,165.5,200.75,242.3,284.5
24-02-2026,0,25605.9,61.9,70.25,40.2,26.4,16.55,10.5,6.85,101.25,133.9,173.8,218.5,266.05,40.2,26.4,16.55,10.5,6.85,101.25,133.9,173.8,218.5,266.05
25-02-2026,4,25547,156.2,179.25,140,106.65,94.45,75,70.9,181,220.1,260.15,272.3,315.25,140,106.65,94.45,75,70.9,181,220.1,260.15,272.3,315.25
02-03-2026,1,24839.8,121.3,109.5,92.6,68.25,48.8,35.1,24.1,135.6,161.7,189.3,227,262.6,92.6,68.25,48.8,35.1,24.1,135.6,161.7,189.3,227,262.6
04-03-2026,6,24364.35,311.6,264.05,281.6,255.8,233.8,206.45,185.15,283.85,319.95,345.55,357.35,383.65,281.6,255.8,233.8,206.45,185.15,283.85,319.95,345.55,357.35,383.65
05-03-2026,5,24626.2,221.85,308.3,198.7,174,153.35,134.15,116.45,333.5,362.8,390.6,419.75,452.45,198.7,174,153.35,134.15,116.45,333.5,362.8,390.6,419.75,452.45
06-03-2026,4,24644.65,183.95,247,160.25,137.2,117,99.95,83.15,272.1,300.4,329.7,362,396.05,160.25,137.2,117,99.95,83.15,272.1,300.4,329.7,362,396.05
09-03-2026,1,23844.8,253.8,204.2,225.3,198.5,173.3,149.45,128.45,225.45,251.65,273.8,302.75,330.45,225.3,198.5,173.3,149.45,128.45,225.45,251.65,273.8,302.75,330.45
10-03-2026,0,24200.65,99.6,102.9,77.2,58.9,43.35,32.6,22.2,130.5,160.9,195.6,231.3,274.35,77.2,58.9,43.35,32.6,22.2,130.5,160.9,195.6,231.3,274.35
11-03-2026,6,24255.55,261.9,248.45,231.5,204.3,178.7,157.1,140.65,272.7,300.4,326.9,354.95,386.35,231.5,204.3,178.7,157.1,140.65,272.7,300.4,326.9,354.95,386.35
12-03-2026,5,23575.45,300.3,282.1,268.55,243,224.65,200.8,175.95,304.9,328.35,351.9,378.3,411.7,268.55,243,224.65,200.8,175.95,304.9,328.35,351.9,378.3,411.7
13-03-2026,4,23455.5,253.75,236.05,223.55,201.3,177.1,158.15,138.05,260.5,285.75,313.7,341.05,375.95,223.55,201.3,177.1,158.15,138.05,260.5,285.75,313.7,341.05,375.95
16-03-2026,1,23133,218.55,166.3,190,166.55,145.2,119,102.25,189.9,210.75,234,259.6,296.05,190,166.55,145.2,119,102.25,189.9,210.75,234,259.6,296.05
17-03-2026,0,23401.95,78,92.5,57.65,40.8,29,19.4,13.65,116.85,153.65,186.6,232.55,270.7,57.65,40.8,29,19.4,13.65,116.85,153.65,186.6,232.55,270.7
18-03-2026,6,23701.7,207.85,227.55,180.75,156.5,134.55,114.9,99.1,251.65,279.8,308.05,340.65,369,180.75,156.5,134.55,114.9,99.1,251.65,279.8,308.05,340.65,369
19-03-2026,5,23303.85,249.55,218.15,218.95,190.1,164.95,142.1,121.45,236.05,263.8,287.1,309.8,345.65,218.95,190.1,164.95,142.1,121.45,236.05,263.8,287.1,309.8,345.65
20-03-2026,4,23253.2,222,237.9,194.8,174.55,152.1,130.25,113.15,264.5,290.25,317.95,355.6,385.35,194.8,174.55,152.1,130.25,113.15,264.5,290.25,317.95,355.6,385.35
23-03-2026,1,22692.9,197.25,250.6,173.05,151.2,131.35,113.8,97.45,278.5,306.2,338.1,365.8,399.4,173.05,151.2,131.35,113.8,97.45,278.5,306.2,338.1,365.8,399.4
24-03-2026,0,22802.25,140.7,87.9,113.25,88.95,70.35,54.8,41.65,109.1,139.05,169.05,203.95,239.25,113.25,88.95,70.35,54.8,41.65,109.1,139.05,169.05,203.95,239.25
25-03-2026,6,23156.1,276.4,299,250.9,227.05,203.85,183.2,164,323.4,348.5,375.65,403.4,433.8,250.9,227.05,203.85,183.2,164,323.4,348.5,375.65,403.4,433.8
30-03-2026,1,22487.95,205.05,92.1,263,149.95,129.55,129,91.1,110.35,131.5,180.1,240,202.05,263,149.95,129.55,129,91.1,110.35,131.5,180.1,240,202.05
01-04-2026,6,22824.1,350.25,284.75,324.4,298.6,273.55,248.95,227.3,307.6,332.05,356.95,384.85,412.35,324.4,298.6,273.55,248.95,227.3,307.6,332.05,356.95,384.85,412.35
02-04-2026,5,22254.65,299.25,297.45,273.65,248.4,224.5,202.9,182.95,323.35,351,374.2,399.45,432.1,273.65,248.4,224.5,202.9,182.95,323.35,351,374.2,399.45,432.1
06-04-2026,1,22669.15,237.15,208.8,209.35,184.1,160.65,140.7,120.65,231.25,258.25,284.9,311,342.9,209.35,184.1,160.65,140.7,120.65,231.25,258.25,284.9,311,342.9
07-04-2026,0,22739.3,105.95,105.7,82.75,62.9,47.1,35.25,25.55,129.85,160.9,195.55,230.1,275.15,82.75,62.9,47.1,35.25,25.55,129.85,160.9,195.55,230.1,275.15
08-04-2026,6,23875.25,228.55,289.7,204,181.25,161.1,142.85,126.3,317.45,344.9,375.15,404.1,428.05,204,181.25,161.1,142.85,126.3,317.45,344.9,375.15,404.1,428.05
09-04-2026,5,23881.8,172,219.4,149.9,128.6,110.65,94.95,80,245.2,276.95,308,340.5,376.45,149.9,128.6,110.65,94.95,80,245.2,276.95,308,340.5,376.45
10-04-2026,4,23938.5,145.8,192.15,123.35,103.25,85.85,70.55,57.45,221.1,250.45,283.25,320.2,355.8,123.35,103.25,85.85,70.55,57.45,221.1,250.45,283.25,320.2,355.8
13-04-2026,1,23583.95,119.4,77.05,88.8,65.95,46.3,31.3,20.25,96.75,121.75,153,189,222.75,88.8,65.95,46.3,31.3,20.25,96.75,121.75,153,189,222.75
15-04-2026,6,24232,222.55,220,194.4,172,146.6,126.7,107.95,244.65,269.2,296.2,326.15,356.2,194.4,172,146.6,126.7,107.95,244.65,269.2,296.2,326.15,356.2
16-04-2026,5,24360.9,189.8,205.8,164.35,142.05,120.15,102.2,85,229.8,256.25,287.55,315,351.3,164.35,142.05,120.15,102.2,85,229.8,256.25,287.55,315,351.3
