symbol,tf,gate,exit,side,n,tpm,wr,rr,avg,net,tr,ho,stress3x,verdict
EURUSD,M15,none,h20,long,3036,13.691235555555556,49.76943346508564,1.0477651245752184,0.018436594202898546,55.97349999999999,70.4102,-14.436700000000002,-207.0,FAIL
EURUSD,M15,none,h12,long,3051,13.75888,50.442477876106196,1.0110614062175718,0.012605571943625044,38.45960000000001,54.6819,-16.2223,-226.0,FAIL
EURUSD,M15,none,h8,long,3063,13.812995555555556,51.97518772445315,0.9502355092586585,0.011124649036891938,34.0748,57.319299999999984,-23.244499999999995,-231.8,FAIL
EURUSD,M15,none,be0.5,long,3197,14.417285925925926,33.187363152955896,2.0239705846992058,0.001738254613700343,5.557199999999996,25.93610000000001,-20.3789,-256.3,FAIL
EURUSD,M15,adx25,h20,long,2223,10.024906666666666,50.607287449392715,1.0145466467655089,0.018793702204228522,41.778400000000005,47.45729999999999,-5.678899999999999,-152.0,FAIL
EURUSD,M15,adx25,h12,long,2230,10.056474074074075,50.98654708520179,0.9728036417031557,0.005204215246636771,11.6054,24.561099999999996,-12.955699999999998,-181.9,FAIL
EURUSD,M15,adx25,h8,long,2237,10.088041481481481,51.76575771122038,0.9107151406179208,-0.009022887796155564,-20.184199999999997,1.768099999999997,-21.9523,-212.3,FAIL
EURUSD,M15,adx25,be0.5,long,2332,10.516456296296296,34.04802744425386,1.8916118011766367,-0.007829202401372217,-18.25770000000001,-2.008700000000008,-16.249,-209.4,FAIL
EURUSD,M15,adx30,h20,long,2607,11.756604444444445,49.52052167242041,1.0217692711871735,0.0011421940928270037,2.9776999999999987,14.987799999999996,-12.0101,-220.2,FAIL
EURUSD,M15,adx30,h12,long,2621,11.81973925925926,50.20984357115604,0.9817820563359565,-0.004343990843189619,-11.38559999999999,6.655999999999999,-18.0416,-235.8,FAIL
EURUSD,M15,adx30,h8,long,2630,11.860325925925926,51.52091254752852,0.9162086383666231,-0.010500532319391636,-27.616400000000002,-1.9231999999999942,-25.693199999999997,-252.0,FAIL
EURUSD,M15,adx30,be0.5,long,2742,12.365404444444446,33.07804522246535,1.9258085936811293,-0.016060357403355215,-44.037499999999994,-24.661499999999993,-19.375999999999998,-262.5,FAIL
EURUSD,M15,slope1.0,h20,long,2211,9.970791111111112,49.66078697421981,1.0303844050869961,0.008000316598824064,17.688700000000004,22.362300000000012,-4.6736,-174.9,FAIL
EURUSD,M15,slope1.0,h12,long,2220,10.011377777777778,50.31531531531531,0.9936439951436755,0.0027369369369369388,6.076000000000004,15.9338,-9.8578,-187.6,FAIL
EURUSD,M15,slope1.0,h8,long,2230,10.056474074074075,51.52466367713004,0.9291749197785147,-0.004934843049327356,-11.004700000000003,7.021500000000006,-18.0262,-204.4,FAIL
EURUSD,M15,slope1.0,be0.5,long,2323,10.47586962962963,32.93155402496771,1.9597038167859373,-0.012524924666379677,-29.09539999999999,-18.700200000000002,-10.3952,-221.3,FAIL
EURUSD,M15,slope1.5,h20,long,2734,12.329327407407408,49.524506217995615,1.0417770923081304,0.010746927578639353,29.382099999999994,33.6048,-4.2227000000000015,-206.5,FAIL
EURUSD,M15,slope1.5,h12,long,2747,12.387952592592592,50.345831816527124,0.9996208281025858,0.00590451401528941,16.21970000000001,27.0227,-10.802999999999997,-221.1,FAIL
EURUSD,M15,slope1.5,h8,long,2757,12.433048888888889,51.72288719622779,0.9356676641165715,0.000970330068915484,2.6751999999999896,24.393900000000016,-21.718699999999995,-235.1,FAIL
EURUSD,M15,slope1.5,be0.5,long,2878,12.978714074074075,32.80055594162613,2.0009968009501797,-0.007644405837387074,-22.0006,-8.296799999999998,-13.703799999999998,-256.0,FAIL
EURUSD,M15,atrp0.5,h20,long,2198,9.912165925925926,48.99909008189263,1.065838739808981,0.011892220200181984,26.1391,32.30839999999999,-6.169300000000001,-175.7,FAIL
EURUSD,M15,atrp0.5,h12,long,2205,9.943733333333334,50.385487528344676,1.0103503226464987,0.011596507936507941,25.57030000000001,28.730399999999996,-3.160099999999997,-177.9,FAIL
EURUSD,M15,atrp0.5,h8,long,2214,9.98432,51.76151761517615,0.9547054770842957,0.009792366757000908,21.68030000000001,30.6672,-8.986899999999999,-182.7,FAIL
EURUSD,M15,atrp0.5,be0.5,long,2310,10.417244444444444,32.683982683982684,2.099752642104037,0.006325367965367959,14.611599999999985,17.522999999999996,-2.9114000000000058,-198.9,FAIL
EURUSD,M30,none,h20,long,530,5.5080914988050536,48.679245283018865,1.2429616911213333,0.09013754716981132,47.7729,20.436699999999995,27.3362,4.6,PASS
EURUSD,M30,none,h12,long,530,5.5080914988050536,50.37735849056604,1.1310095443983688,0.07044132075471699,37.3339,13.415499999999998,23.918400000000002,-5.1,FAIL
EURUSD,M30,none,h8,long,530,5.5080914988050536,51.132075471698116,1.0324538983744822,0.03377132075471697,17.898799999999994,5.888699999999999,12.010099999999998,-23.5,FAIL
EURUSD,M30,none,be0.5,long,554,5.757514510071697,29.783393501805055,2.4265322859025034,0.00971444043321299,5.381799999999996,4.723600000000002,0.6581999999999981,-33.0,FAIL
EURUSD,M30,adx25,h20,long,306,3.18014339364971,46.40522875816993,1.1201786436602856,-0.01583464052287582,-4.845400000000001,-9.594999999999999,4.749599999999999,-28.2,FAIL
EURUSD,M30,adx25,h12,long,306,3.18014339364971,48.03921568627451,1.0862231311835913,0.002107843137254895,0.6449999999999978,-5.3786000000000005,6.023599999999997,-23.3,FAIL
EURUSD,M30,adx25,h8,long,306,3.18014339364971,50.65359477124183,0.9892709129395217,0.006603267973856215,2.0206000000000017,-4.149000000000001,6.169600000000001,-22.2,FAIL
EURUSD,M30,adx25,be0.5,long,321,3.3360327756913626,31.464174454828658,2.224603869561268,0.007231152647975073,2.3211999999999984,-4.3285,6.649699999999999,-27.7,FAIL
EURUSD,M30,adx30,h20,long,386,4.01155343120519,45.854922279792746,1.1785918826767197,-0.0009911917098445596,-0.38260000000000005,-8.245499999999998,7.862899999999998,-30.0,FAIL
EURUSD,M30,adx30,h12,long,386,4.01155343120519,47.92746113989637,1.1174559522644718,0.014205181347150255,5.483199999999998,-4.264600000000003,9.7478,-24.7,FAIL
EURUSD,M30,adx30,h8,long,386,4.01155343120519,50.77720207253886,1.005869651028043,0.016322538860103625,6.300499999999999,-1.6873999999999985,7.9879000000000016,-24.1,FAIL
EURUSD,M30,adx30,be0.5,long,407,4.229798566063503,30.46683046683047,2.2469708436724556,-0.0054324324324324345,-2.2110000000000007,-6.177899999999999,3.966899999999999,-40.1,FAIL
EURUSD,M30,slope1.0,h20,long,310,3.221713895527484,46.12903225806452,1.1881739314502153,0.009183225806451619,2.8468000000000018,7.647499999999997,-4.800700000000002,-21.6,FAIL
EURUSD,M30,slope1.0,h12,long,310,3.221713895527484,48.38709677419355,1.0843581804038764,0.00817806451612902,2.535199999999996,8.455699999999997,-5.9205000000000005,-21.8,FAIL
EURUSD,M30,slope1.0,h8,long,310,3.221713895527484,50.0,0.998892142475838,-0.0004799999999999987,-0.1487999999999996,4.6752999999999965,-4.8241,-24.6,FAIL
EURUSD,M30,slope1.0,be0.5,long,326,3.38799590303858,28.834355828220858,2.3064103770063458,-0.022907055214723932,-7.4677000000000024,-3.5279000000000025,-3.939800000000001,-32.2,FAIL
EURUSD,M30,slope1.5,h20,long,445,4.624718333902356,47.640449438202246,1.2497984334738812,0.07071573033707865,31.4685,3.4748999999999994,27.993599999999997,-4.7,FAIL
EURUSD,M30,slope1.5,h12,long,445,4.624718333902356,49.66292134831461,1.137248217939036,0.058916629213483146,26.2179,1.7271999999999994,24.490699999999997,-9.5,FAIL
EURUSD,M30,slope1.5,h8,long,445,4.624718333902356,51.01123595505618,1.0321512747793746,0.031775730337078645,14.140199999999997,-1.5131000000000034,15.6533,-21.1,FAIL
EURUSD,M30,slope1.5,be0.5,long,468,4.863748719699556,29.48717948717949,2.3882419836956528,-0.0004378205128205125,-0.20489999999999986,-5.364400000000003,5.1594999999999995,-35.6,FAIL
EURUSD,M30,atrp0.5,h20,long,400,4.157050187777399,49.5,1.2318788235820979,0.10213925000000001,40.855700000000006,13.475100000000005,27.3806,6.5,PASS
EURUSD,M30,atrp0.5,h12,long,400,4.157050187777399,51.5,1.1165937811999358,0.08612174999999998,34.448699999999995,13.557800000000006,20.890900000000002,0.6,PASS
EURUSD,M30,atrp0.5,h8,long,400,4.157050187777399,51.74999999999999,1.0312434981560878,0.04324674999999998,17.298699999999993,6.866799999999996,10.431899999999999,-15.6,FAIL
EURUSD,M30,atrp0.5,be0.5,long,418,4.344117446227382,29.904306220095695,2.391262173913043,0.0066566985645933,2.7824999999999993,-3.6650999999999994,6.447599999999999,-28.0,FAIL
GBPUSD,M15,none,h20,both,5965,26.899940740740742,51.299245599329424,1.0099927043113188,0.02982529756915339,177.90789999999998,179.80920000000003,-1.9013000000000009,-337.3,FAIL
GBPUSD,M15,none,h12,both,6019,27.143460740740743,52.30104668549593,0.9652312546126941,0.024406213656753616,146.901,155.9179,-9.016900000000005,-368.9,FAIL
GBPUSD,M15,none,h8,both,6039,27.233653333333333,52.83987415134956,0.9469824944384029,0.023089799635701274,139.4393,122.832,16.607300000000002,-378.2,FAIL
GBPUSD,M15,none,be0.5,both,6238,28.131069629629632,35.37992946457198,1.9530997444867968,0.021428695094581594,133.67219999999998,89.81349999999999,43.8587,-391.9,FAIL
GBPUSD,M15,adx25,h20,both,4522,20.392545185185185,51.59221583370191,0.9765206277666889,0.018919725785050863,85.555,91.9112,-6.356200000000001,-302.5,FAIL
GBPUSD,M15,adx25,h12,both,4556,20.545872592592595,52.194907813871815,0.9442134476791195,0.012978994732221248,59.13230000000001,76.96429999999998,-17.832,-328.9,FAIL
GBPUSD,M15,adx25,h8,both,4565,20.58645925925926,52.79299014238773,0.9178751059129201,0.01004418400876232,45.851699999999994,44.46320000000001,1.3885000000000018,-342.5,FAIL
GBPUSD,M15,adx25,be0.5,both,4717,21.271922962962964,35.95505617977528,1.8445647386589699,0.011225015899936401,52.94840000000001,13.860400000000006,39.088,-340.1,FAIL
GBPUSD,M15,adx30,h20,both,5160,23.26968888888889,51.4922480620155,0.9926527427123835,0.02501023255813953,129.0528,129.63870000000003,-0.585900000000001,-315.6,FAIL
GBPUSD,M15,adx30,h12,both,5202,23.459093333333335,52.05690119184929,0.9590671362470538,0.017369896193771626,90.3582,99.52640000000001,-9.1682,-354.1,FAIL
GBPUSD,M15,adx30,h8,both,5219,23.535757037037037,52.53880053650124,0.9353858486526229,0.01347842498562943,70.34389999999999,62.70779999999999,7.636099999999999,-374.2,FAIL
GBPUSD,M15,adx30,be0.5,both,5390,24.306903703703703,35.565862708719855,1.8926707944111267,0.014013877551020406,75.53479999999999,35.83330000000003,39.701499999999996,-363.9,FAIL
GBPUSD,M15,slope1.0,h20,both,4364,19.680023703703704,51.374885426214476,0.9946506190722986,0.02365071035747021,103.21170000000001,104.57260000000002,-1.3608999999999973,-276.3,FAIL
GBPUSD,M15,slope1.0,h12,both,4398,19.83335111111111,52.02364711232378,0.9623353945598111,0.018156821282401092,79.8537,86.55519999999999,-6.701499999999998,-299.7,FAIL
GBPUSD,M15,slope1.0,h8,both,4411,19.891976296296296,52.9358422126502,0.9269534814882776,0.01604253003854001,70.76359999999998,58.6108,12.152799999999996,-309.5,FAIL
GBPUSD,M15,slope1.0,be0.5,both,4550,20.518814814814814,35.604395604395606,1.8988178138056289,0.015583384615384617,70.90440000000001,38.89090000000001,32.0135,-326.8,FAIL
GBPUSD,M15,slope1.5,h20,both,5336,24.063383703703703,51.199400299850076,1.0040874105715814,0.024976386806596702,133.274,146.333,-13.059000000000001,-326.5,FAIL
GBPUSD,M15,slope1.5,h12,both,5380,24.261807407407407,52.04460966542751,0.964739918965912,0.019757713754646848,106.29650000000004,125.40579999999999,-19.109299999999998,-354.0,FAIL
GBPUSD,M15,slope1.5,h8,both,5400,24.352,52.70370370370371,0.9338591619358195,0.01545238888888889,83.44290000000001,81.38909999999998,2.0538000000000016,-377.3,FAIL
GBPUSD,M15,slope1.5,be0.5,both,5581,25.168242962962964,35.047482530012545,1.9313993837922863,0.013181132413545958,73.56389999999999,36.04390000000001,37.52,-392.9,FAIL
GBPUSD,M15,atrp0.5,h20,both,4440,20.022755555555555,49.7972972972973,1.0411191756697917,0.0159559009009009,70.8442,67.1799,3.6642999999999954,-331.0,FAIL
GBPUSD,M15,atrp0.5,h12,both,4451,20.072361481481483,51.04470905414513,0.9907574162995111,0.014463423949674231,64.3767,63.344499999999975,1.0321999999999907,-336.8,FAIL
GBPUSD,M15,atrp0.5,h8,both,4461,20.11745777777778,51.80452813270568,0.958307381129996,0.01187188971082717,52.9605,26.873399999999997,26.087100000000003,-349.0,FAIL
GBPUSD,M15,atrp0.5,be0.5,both,4636,20.906642962962962,33.8869715271786,2.0228379623902457,0.011720923209663505,54.33820000000001,18.908100000000008,35.4301,-362.9,FAIL
GBPUSD,M30,none,h20,both,992,10.309484465687948,45.564516129032256,1.16423942861312,-0.013672883064516132,-13.563500000000003,-18.073799999999995,4.5103,-80.3,FAIL
GBPUSD,M30,none,h12,both,998,10.371840218504609,47.795591182364724,1.0738691557851103,-0.008286873747494988,-8.270299999999997,-7.598699999999994,-0.6716000000000015,-75.7,FAIL
GBPUSD,M30,none,h8,both,998,10.371840218504609,48.49699398797595,1.030076698666722,-0.012807014028056115,-12.781400000000003,-3.4948999999999995,-9.286500000000004,-80.3,FAIL
GBPUSD,M30,none,be0.5,both,1027,10.673226357118471,31.84031158714703,2.2630809866160577,0.019635637779941574,20.165799999999997,15.460100000000004,4.7056999999999976,-61.8,FAIL
GBPUSD,M30,adx25,h20,both,628,6.526568794810516,45.54140127388535,1.1034667513481127,-0.04127149681528662,-25.918499999999998,-33.7903,7.871800000000001,-67.4,FAIL
GBPUSD,M30,adx25,h12,both,631,6.557746671218847,47.70206022187005,1.0478704984314822,-0.021582408874801902,-13.618500000000001,-26.0545,12.435999999999998,-56.1,FAIL
GBPUSD,M30,adx25,h8,both,631,6.557746671218847,47.86053882725832,0.9943251124541712,-0.03703819334389858,-23.371100000000006,-18.5196,-4.851499999999996,-65.3,FAIL
GBPUSD,M30,adx25,be0.5,both,643,6.682458176852168,31.41524105754277,2.0016605089043003,-0.030082737169517884,-19.3432,-14.822199999999999,-4.521000000000002,-67.4,FAIL
GBPUSD,M30,adx30,h20,both,774,8.043892113349266,44.832041343669246,1.1119690821634922,-0.05235645994832041,-40.5239,-39.36109999999999,-1.1628000000000025,-90.6,FAIL
GBPUSD,M30,adx30,h12,both,779,8.095855240696483,47.11168164313222,1.0448681801662179,-0.03443388960205392,-26.824000000000005,-27.130200000000002,0.30620000000000225,-78.3,FAIL
GBPUSD,M30,adx30,h8,both,779,8.095855240696483,47.368421052631575,1.0038236919493655,-0.04159191270860076,-32.400099999999995,-18.1823,-14.217799999999999,-83.6,FAIL
GBPUSD,M30,adx30,be0.5,both,793,8.241351997268692,31.399747793190414,2.076628742684229,-0.01757591424968474,-13.937699999999998,-6.663699999999999,-7.274000000000003,-79.7,FAIL
GBPUSD,M30,slope1.0,h20,both,618,6.422642540116081,46.116504854368934,1.1172456528367884,-0.02314223300970874,-14.3019,-25.376599999999996,11.0747,-55.9,FAIL
GBPUSD,M30,slope1.0,h12,both,622,6.464213041993855,49.035369774919616,1.0340958378581007,-0.002430546623794205,-1.5117999999999956,-13.281099999999999,11.7693,-44.3,FAIL
GBPUSD,M30,slope1.0,h8,both,622,6.464213041993855,49.67845659163987,0.9795527612204753,-0.013506430868167203,-8.401,-7.3927999999999985,-1.0082,-50.9,FAIL
GBPUSD,M30,slope1.0,be0.5,both,632,6.56813929668829,32.120253164556964,2.1074184868237356,-0.0009629746835442968,-0.6085999999999956,-10.443299999999992,9.834700000000002,-55.1,FAIL
GBPUSD,M30,slope1.5,h20,both,812,8.43881188118812,45.19704433497537,1.1587675702853886,-0.023947906403940882,-19.445699999999995,-26.197200000000002,6.751500000000002,-73.6,FAIL
GBPUSD,M30,slope1.5,h12,both,817,8.490775008535337,47.49082007343941,1.0775900654081938,-0.01255226438188494,-10.255199999999997,-17.849400000000003,7.594199999999996,-65.4,FAIL
GBPUSD,M30,slope1.5,h8,both,817,8.490775008535337,47.858017135862916,1.015404194378995,-0.029235373317013466,-23.8853,-17.775599999999997,-6.109699999999999,-78.5,FAIL
GBPUSD,M30,slope1.5,be0.5,both,840,8.729805394332537,31.547619047619047,2.2154804467576583,0.007307976190476184,6.138699999999995,0.3373000000000026,5.8014,-58.4,FAIL
GBPUSD,M30,atrp0.5,h20,both,771,8.012714236940935,46.43320363164721,1.124656619985654,-0.01327911802853436,-10.238199999999992,-7.973199999999991,-2.265000000000006,-63.9,FAIL
GBPUSD,M30,atrp0.5,h12,both,775,8.05428473881871,48.774193548387096,1.0486630750354555,-0.0007421935483871032,-0.575200000000005,2.2379,-2.8130999999999986,-55.2,FAIL
GBPUSD,M30,atrp0.5,h8,both,775,8.05428473881871,50.064516129032256,1.0091235377640115,0.004895225806451612,3.793799999999999,4.169300000000003,-0.3754999999999984,-51.4,FAIL
GBPUSD,M30,atrp0.5,be0.5,both,797,8.282922499146467,32.24592220828105,2.2272961554097215,0.020185069008782943,16.087500000000006,10.758000000000001,5.329500000000001,-47.4,FAIL
USDCHF,M15,none,h20,both,5386,24.288865185185188,51.03973264017824,1.0178092434822426,0.028396750835499446,152.94490000000002,179.0233,-26.078400000000002,-483.5,FAIL
USDCHF,M15,none,h12,both,5420,24.442192592592594,52.011070110701105,0.9802036415472376,0.02593784132841329,140.58310000000003,158.42449999999997,-17.841400000000007,-498.7,FAIL
USDCHF,M15,none,h8,both,5439,24.527875555555557,51.92130906416621,0.9612139075027853,0.014269001654715943,77.60910000000001,91.77960000000002,-14.1705,-556.2,FAIL
USDCHF,M15,none,be0.5,both,5606,25.280983703703704,36.086336068498035,1.8039968557169426,0.006081127363539063,34.09079999999999,60.035199999999975,-25.9444,-570.9,FAIL
USDCHF,M15,adx25,h20,both,4083,18.41281777777778,51.16336027430811,0.9805423756206533,0.012671516042125885,51.737799999999986,86.15780000000001,-34.42,-424.8,FAIL
USDCHF,M15,adx25,h12,both,4105,18.51202962962963,51.74177831912302,0.9590638212708723,0.011836053593179047,48.58699999999999,80.72050000000002,-32.1335,-430.7,FAIL
USDCHF,M15,adx25,h8,both,4117,18.566145185185185,51.12946320136022,0.9480373674891062,-0.003100024289531214,-12.762800000000007,11.58470000000002,-24.347499999999997,-485.4,FAIL
USDCHF,M15,adx25,be0.5,both,4244,19.13886814814815,36.710650329877474,1.689855946210644,-0.006630984919886896,-28.14189999999999,-0.6252000000000013,-27.516699999999993,-494.9,FAIL
USDCHF,M15,adx30,h20,both,4725,21.308,51.02645502645503,0.9952021852460992,0.017219661375661374,81.3629,106.769,-25.406100000000002,-473.5,FAIL
USDCHF,M15,adx30,h12,both,4754,21.43877925925926,51.74589819099705,0.9689686695900677,0.016305826672275977,77.5179,96.1523,-18.634399999999996,-480.7,FAIL
USDCHF,M15,adx30,h8,both,4769,21.506423703703703,51.37345355420424,0.9546674373726075,0.0032529251415391093,15.513200000000012,31.622600000000013,-16.1094,-536.4,FAIL
USDCHF,M15,adx30,be0.5,both,4915,22.16482962962963,36.21566632756867,1.7374634301165277,-0.004481159715157681,-22.024900000000002,3.9852000000000043,-26.0101,-550.9,FAIL
USDCHF,M15,slope1.0,h20,both,3967,17.889700740740743,50.56717922863625,0.9976510327952149,0.009685026468364005,38.420500000000004,64.9001,-26.479599999999998,-424.5,FAIL
USDCHF,M15,slope1.0,h12,both,3987,17.979893333333333,51.36694256333082,0.9579334002116768,0.004987083019814396,19.883499999999994,43.18770000000001,-23.3042,-441.9,FAIL
USDCHF,M15,slope1.0,h8,both,3997,18.02498962962963,51.06329747310483,0.9423106180611741,-0.006432124093069804,-25.709200000000006,-3.442200000000021,-22.267000000000003,-483.6,FAIL
USDCHF,M15,slope1.0,be0.5,both,4127,18.611241481481482,35.7160164768597,1.7453526490946607,-0.010200290768112429,-42.096599999999995,-12.12220000000001,-29.974400000000003,-494.2,FAIL
USDCHF,M15,slope1.5,h20,both,4859,21.91229037037037,50.89524593537765,1.0072870298853964,0.020561123688001646,99.9065,129.5016,-29.595099999999995,-471.9,FAIL
USDCHF,M15,slope1.5,h12,both,4889,22.04757925925926,51.62609940683166,0.9730981973264549,0.01615422376764164,78.97799999999998,100.08869999999999,-21.110699999999998,-493.6,FAIL
USDCHF,M15,slope1.5,h8,both,4908,22.13326222222222,51.5077424612877,0.9554828669681615,0.00563964955175224,27.679399999999994,46.90249999999999,-19.2231,-541.6,FAIL
USDCHF,M15,slope1.5,be0.5,both,5060,22.818725925925925,36.06719367588933,1.7731472052054298,0.00010154150197628332,0.5137999999999936,33.62789999999998,-33.1141,-553.7,FAIL
USDCHF,M15,atrp0.5,h20,both,3789,17.086986666666668,49.063077329110584,1.0292496973586525,-0.004218870414357346,-15.985299999999985,18.767899999999976,-34.7532,-476.2,FAIL
USDCHF,M15,atrp0.5,h12,both,3804,17.15463111111111,50.0,0.98787046345819,-0.005352181913774977,-20.35970000000001,2.2514999999999965,-22.6112,-481.5,FAIL
USDCHF,M15,atrp0.5,h8,both,3819,17.222275555555555,49.75124378109453,0.9669964585139268,-0.017002854150301124,-64.9339,-44.03439999999999,-20.8995,-522.3,FAIL
USDCHF,M15,atrp0.5,be0.5,both,3950,17.813037037037038,34.40506329113924,1.819369172620734,-0.015582405063291133,-61.55049999999998,-35.3952,-26.1553,-517.5,FAIL
USDCHF,M30,none,h20,both,935,9.71710481392967,44.598930481283425,1.2309776668347923,-0.004875080213903735,-4.558199999999992,13.306700000000003,-17.8649,-99.7,FAIL
USDCHF,M30,none,h12,both,937,9.737890064868557,47.81216648879402,1.116629939767375,0.011342155816435441,10.627600000000008,33.0655,-22.437899999999996,-85.9,FAIL
USDCHF,M30,none,h8,both,937,9.737890064868557,48.34578441835646,1.1222087687887532,0.021017716115261483,19.69360000000001,36.760600000000004,-17.067,-77.7,FAIL
USDCHF,M30,none,be0.5,both,962,9.997705701604644,29.10602910602911,2.424966048632218,-0.001509147609147604,-1.451799999999995,18.0338,-19.485599999999998,-94.4,FAIL
USDCHF,M30,adx25,h20,both,600,6.235575281666098,45.83333333333333,1.1500004152708556,-0.014243333333333311,-8.545999999999987,3.9533000000000023,-12.499300000000003,-69.4,FAIL
USDCHF,M30,adx25,h12,both,601,6.245967907135541,48.25291181364393,1.0908031590314828,0.008361397670549081,5.025199999999998,23.445,-18.419800000000002,-57.2,FAIL
USDCHF,M30,adx25,h8,both,601,6.245967907135541,48.58569051580699,1.0997757654583542,0.016179201331114806,9.7237,23.6308,-13.907099999999998,-52.9,FAIL
USDCHF,M30,adx25,be0.5,both,614,6.381072038238307,30.781758957654727,2.1590091612776803,-0.014028013029315944,-8.61319999999999,9.461300000000001,-18.0745,-68.7,FAIL
USDCHF,M30,adx30,h20,both,732,7.60740184363264,44.94535519125683,1.1996490443745698,-0.011040983606557368,-8.081999999999994,2.2592,-10.341199999999995,-82.6,FAIL
USDCHF,M30,adx30,h12,both,733,7.617794469102083,47.61255115961801,1.1061677805254257,0.002646657571623467,1.9400000000000013,20.013300000000005,-18.0733,-73.4,FAIL
USDCHF,M30,adx30,h8,both,733,7.617794469102083,47.748976807639835,1.1252235556338468,0.011804911323328799,8.65300000000001,20.707100000000004,-12.054099999999998,-67.4,FAIL
USDCHF,M30,adx30,be0.5,both,750,7.794469102082623,29.86666666666667,2.2980345474837662,-0.007521999999999998,-5.641499999999999,11.243299999999998,-16.8848,-79.0,FAIL
USDCHF,M30,slope1.0,h20,both,569,5.91340389211335,44.991212653778554,1.183959891019392,-0.017014059753954303,-9.681,12.235800000000001,-21.9168,-66.5,FAIL
USDCHF,M30,slope1.0,h12,both,570,5.923796517582793,47.368421052631575,1.0923423582148315,-0.008410175438596493,-4.793800000000001,19.227500000000003,-24.021299999999997,-62.0,FAIL
USDCHF,M30,slope1.0,h8,both,570,5.923796517582793,48.07017543859649,1.0628063413490245,-0.006857719298245612,-3.908899999999999,17.5423,-21.451200000000004,-61.1,FAIL
USDCHF,M30,slope1.0,be0.5,both,584,6.069293274155002,28.93835616438356,2.159256632497153,-0.044018150684931506,-25.7066,3.6415000000000006,-29.348100000000002,-77.6,FAIL
USDCHF,M30,slope1.5,h20,both,762,7.919180607715944,44.750656167979,1.221719089030806,-0.005606167979002609,-4.271899999999988,19.397599999999997,-23.6695,-81.9,FAIL
USDCHF,M30,slope1.5,h12,both,763,7.929573233185388,47.575360419397114,1.1205235529389326,0.008352162516382702,6.372700000000002,33.34349999999999,-26.970799999999997,-72.3,FAIL
USDCHF,M30,slope1.5,h8,both,763,7.929573233185388,47.96854521625164,1.0990088200856645,0.005572739187418085,4.251999999999999,28.286299999999997,-24.0343,-74.1,FAIL
USDCHF,M30,slope1.5,be0.5,both,781,8.116640491635371,29.19334186939821,2.3328697480063796,-0.013438668373879636,-10.495599999999996,15.028100000000004,-25.523699999999998,-82.5,FAIL
USDCHF,M30,atrp0.5,h20,both,716,7.441119836121544,45.81005586592179,1.2125896154788476,0.0132122905027933,9.460000000000003,20.151100000000003,-10.691099999999995,-67.1,FAIL
USDCHF,M30,atrp0.5,h12,both,717,7.451512461590987,49.09344490934449,1.1082843037046188,0.03316136680613669,23.776700000000005,33.3039,-9.527199999999997,-54.1,FAIL
USDCHF,M30,atrp0.5,h8,both,717,7.451512461590987,48.81450488145049,1.1429434380484473,0.037158856345885644,26.642900000000008,32.8147,-6.1717999999999975,-51.6,FAIL
USDCHF,M30,atrp0.5,be0.5,both,741,7.700935472857631,30.229419703103915,2.546130360878661,0.03327260458839407,24.655,22.8426,1.8124000000000056,-59.2,FAIL
