tag,verdict,failed,note,n,net,avg,wr,pf,tr,ho,yrs_pos,maxdd,avg2x,avg3x
VCX gold W24 q0.25 rr3.0 stop2.0,PASS,,,730,119.3395,0.1635,0.3041,1.2316,65.2628,54.0767,11/19,-37.1491,0.119,0.0842
VCX gold W24 q0.25 rr2.0 stop1.5,PASS,,,905,132.0542,0.1459,0.3901,1.234,94.0721,37.9821,13/19,-15.4844,0.0779,0.009
VCX gold W24 q0.35 rr3.0 stop2.0,PASS,,,907,139.6401,0.154,0.3021,1.2176,78.3008,61.3393,13/19,-42.2172,0.122,0.0803
VCX gold W24 q0.35 rr2.0 stop1.5,PASS,,,1140,147.1671,0.1291,0.3842,1.2051,105.4759,41.6912,14/19,-23.2632,0.065,0.0074
VCX gold W48 q0.25 rr3.0 stop2.0,PASS,,,530,71.583,0.1351,0.2962,1.1891,44.557,27.026,11/19,-26.9624,0.0921,0.0506
VCX gold W48 q0.25 rr2.0 stop1.5,PASS,,,599,90.1489,0.1505,0.3907,1.242,75.1208,15.028,14/19,-23.9168,0.0746,0.0226
VCX gold W48 q0.35 rr3.0 stop2.0,PASS,,,663,54.3875,0.082,0.2821,1.1126,29.5025,24.885,12/19,-44.5192,0.0446,0.0104
VCX gold W48 q0.35 rr2.0 stop1.5,PASS,,,773,80.5834,0.1042,0.3752,1.1635,61.8328,18.7506,14/19,-49.5732,0.0359,-0.0175
VCX gold W96 q0.25 rr3.0 stop2.0,PASS,,,339,102.4114,0.3021,0.3392,1.4511,73.5522,28.8593,14/19,-20.563,0.2725,0.229
VCX gold W96 q0.25 rr2.0 stop1.5,PASS,,,394,56.8728,0.1443,0.3883,1.2314,41.4607,15.4121,14/19,-18.3219,0.1043,0.0807
VCX gold W96 q0.35 rr3.0 stop2.0,PASS,,,422,103.029,0.2441,0.3246,1.3574,68.2789,34.7502,14/19,-26.7763,0.2173,0.1751
VCX gold W96 q0.35 rr2.0 stop1.5,PASS,,,503,59.7698,0.1188,0.3797,1.1879,39.5734,20.1964,13/19,-26.1345,0.0856,0.0531
PULLBACK gold dip1 rr3.0 stop2.0,PASS,,,1238,101.0366,0.0816,0.2932,1.1142,28.4252,72.6114,10/19,-55.8716,0.0507,0.0335
PULLBACK gold dip1 rr2.0 stop1.5,reject,"avg>=floor,train+,2x_cost_avg>0",,1893,9.3934,0.005,0.3418,1.0074,-38.7067,48.1001,9/19,-77.4228,-0.0385,-0.0764
PULLBACK gold dip3 rr3.0 stop2.0,PASS,,,1239,104.0148,0.084,0.2938,1.1175,31.4034,72.6114,11/19,-55.8716,0.0531,0.0358
PULLBACK gold dip3 rr2.0 stop1.5,reject,"avg>=floor,train+,2x_cost_avg>0",,1894,11.3645,0.006,0.3421,1.0089,-36.7356,48.1001,9/19,-77.4228,-0.0374,-0.0753
MTF-DONCH gold N24 H4-gated rr2.0,PASS,,,1228,117.7452,0.0959,0.373,1.1508,54.5287,63.2164,13/19,-26.5041,0.0708,0.0357
MTF-DONCH gold N24 H4-gated rr3.0,PASS,,,1025,146.1042,0.1425,0.2995,1.2011,48.1293,97.9749,13/19,-44.9434,0.1207,0.0949
MTF-DONCH gold N48 H4-gated rr2.0,PASS,,,1024,78.2716,0.0764,0.3652,1.1188,43.3442,34.9274,12/19,-30.9836,0.0555,0.0264
MTF-DONCH gold N48 H4-gated rr3.0,PASS,,,870,103.8518,0.1194,0.292,1.1665,49.0293,54.8224,13/19,-28.5911,0.0867,0.0666
EXIT baseline DONCH96 fixed rr3 (deployed),PASS,,,911,125.7946,0.1381,0.2975,1.194,52.9924,72.8022,12/19,-33.9057,0.1001,0.0733
EXIT DONCH96 chandelier 3.0ATR (no target),PASS,,,766,147.9391,0.1931,0.3499,1.3666,90.0184,57.9207,14/19,-39.4739,0.1598,0.1276
EXIT DONCH96 chandelier 4.0ATR (no target),PASS,,,670,176.4744,0.2634,0.3507,1.44,112.6062,63.8682,15/19,-31.7366,0.2286,0.195
EXIT DONCH96 chandelier 5.0ATR (no target),PASS,,,615,207.6022,0.3376,0.3252,1.5283,160.8573,46.7449,13/19,-35.9776,0.3008,0.2654
EXIT DONCH96 trail3.0 + BE at +1R,PASS,,,795,154.167,0.1939,0.3157,1.4261,96.8664,57.3007,14/19,-32.1381,0.1612,0.1278
EXIT DONCH96 trail4.0 + BE at +1R,PASS,,,730,170.1793,0.2331,0.2808,1.497,113.423,56.7563,14/19,-26.9841,0.1993,0.1679
REGIME DONCH96 er_pctile>=0.5 trending,PASS,,,841,80.3224,0.0955,0.2866,1.1322,15.4263,64.8962,11/19,-47.3959,0.0625,0.0378
REGIME DONCH96 er_pctilebaseline all,PASS,,,911,125.7946,0.1381,0.2975,1.194,52.9924,72.8022,12/19,-33.9057,0.1001,0.0733
REGIME DONCH96 er_pctile<0.5 (anti-regime — should be worse),PASS,,,156,69.6289,0.4463,0.3718,1.7051,55.8288,13.8001,14/19,-9.3486,0.4046,0.3738
XASSET DONCH96 + USD-basket weak,reject,train+,,568,35.2315,0.062,0.2817,1.0852,-19.4117,54.6432,8/17,-34.2182,0.016,-0.0024
XASSET DONCH96 + USD-basket STRONG (control — should be worse),PASS,,,438,119.7236,0.2733,0.3288,1.403,66.5873,53.1362,13/19,-23.8478,0.2384,0.227
VCX SPX500 W48 q0.35 rr3 (short history),reject,"avg>=floor,holdout+,2x_cost_avg>0",2022+ only,142,6.6424,0.0468,0.2958,1.0636,17.7451,-11.1027,3/5,-23.762,-0.0297,-0.0628
PULLBACK SPX500 dip3 rr3 (short history),reject,"avg>=floor,train+,2x_cost_avg>0",2022+ only,326,8.0653,0.0247,0.2761,1.0331,-1.4638,9.5291,3/5,-17.3912,-0.0705,-0.1278
VCX GER40 W48 q0.35 rr3 (short history),PASS,,2022+ only,169,32.0198,0.1895,0.3254,1.2735,12.0305,19.9893,4/5,-14.2865,0.1486,0.1094
PULLBACK GER40 dip3 rr3 (short history),PASS,,2022+ only,289,27.734,0.096,0.2907,1.133,14.4985,13.2354,3/5,-24.1131,0.0492,0.0074
VCX US30 W48 q0.35 rr3 (short history),PASS,,2022+ only,125,21.4114,0.1713,0.296,1.2427,9.1769,12.2345,4/5,-17.1691,0.1596,0.1249
PULLBACK US30 dip3 rr3 (short history),PASS,,2022+ only,298,28.6859,0.0963,0.2852,1.1339,2.9988,25.6871,4/5,-21.4736,0.0775,0.0586
VCX JPN225 W48 q0.35 rr3 (short history),reject,train+,2022+ only,145,40.0746,0.2764,0.3448,1.4124,-1.1417,41.2163,4/5,-13.79,0.1883,0.1462
PULLBACK JPN225 dip3 rr3 (short history),PASS,,2022+ only,294,32.7695,0.1115,0.3061,1.1567,0.1125,32.657,4/5,-15.3701,0.0683,0.0369
VCX HK50 W48 q0.35 rr3 (short history),reject,"avg>=floor,train+,2x_cost_avg>0",2022+ only,156,-13.4905,-0.0865,0.2372,0.8884,-19.018,5.5276,2/7,-25.7545,-0.1105,-0.1671
PULLBACK HK50 dip3 rr3 (short history),reject,"avg>=floor,train+,2x_cost_avg>0",2022+ only,255,0.3793,0.0015,0.2588,1.002,-25.708,26.0872,2/7,-38.7651,-0.0539,-0.0995
BOLL30 EURUSD base hours14-24,reject,"avg>=floor,train+,2x_cost_avg>0",,2610,-130.34,-0.0499,0.4345,0.913,-136.3347,5.9946,6/19,-155.2995,-0.1115,-0.1687
BOLL30 EURUSD hours12-22 (neighbor),reject,"avg>=floor,train+,holdout+,2x_cost_avg>0",,2482,-107.3166,-0.0432,0.4126,0.9265,-104.2607,-3.0558,7/19,-132.8389,-0.1039,-0.1603
BOLL30 EURUSD hours16-02 (neighbor),reject,"avg>=floor,train+,2x_cost_avg>0",,3046,-77.2711,-0.0254,0.4632,0.954,-101.9255,24.6544,9/19,-118.4031,-0.0881,-0.1464
BOLL30 EURUSD all-hours (control),reject,"avg>=floor,train+,holdout+,2x_cost_avg>0",,9718,-710.4565,-0.0731,0.3945,0.8816,-614.786,-95.6704,3/19,-715.7045,-0.1339,-0.1904
ROUTE EURUSD BOLL30 er<0.5 ranging,reject,"avg>=floor,train+,2x_cost_avg>0",,1270,-53.9298,-0.0425,0.4457,0.9245,-69.739,15.8092,5/19,-78.9124,-0.106,-0.1648
ROUTE EURUSD BOLL30 er<0.35 deep range,reject,"avg>=floor,train+,2x_cost_avg>0",,908,-60.7746,-0.0669,0.4383,0.8824,-63.2998,2.5253,5/19,-67.7719,-0.1296,-0.1876
ROUTE EURUSD BOLL30 er>=0.5 trending (control),reject,"avg>=floor,train+,holdout+,2x_cost_avg>0",,1450,-82.2375,-0.0567,0.4241,0.9029,-72.3426,-9.8949,8/19,-101.5855,-0.1167,-0.1727
EXTREME EURUSD H1 W48 fade->mid er<0.5,reject,"avg>=floor,holdout+,2x_cost_avg>0",,1092,21.5745,0.0198,0.337,1.0293,23.4103,-1.8359,9/19,-49.4544,-0.0128,-0.0442
EXTREME EURUSD H1 W96 fade->mid er<0.5,reject,holdout+,,389,39.7596,0.1022,0.2982,1.1437,41.6845,-1.9248,11/19,-25.9467,0.0699,0.0388
RSI30 EURUSD 25/75 both,reject,"avg>=floor,holdout+,2x_cost_avg>0",,613,-3.519,-0.0057,0.4144,0.9905,5.7178,-9.2368,8/19,-20.5339,-0.0775,-0.1455
RSI30 EURUSD short-only (deployed shape),reject,"avg>=floor,holdout+,2x_cost_avg>0",,298,0.6017,0.002,0.4161,1.0034,13.3785,-12.7767,11/19,-22.8619,-0.0786,-0.1504
BOLL30 GBPUSD base hours14-24,reject,"avg>=floor,train+,holdout+,2x_cost_avg>0",,2364,-94.1903,-0.0398,0.4607,0.9274,-88.8124,-5.3778,8/19,-127.7087,-0.1003,-0.1568
BOLL30 GBPUSD hours12-22 (neighbor),reject,"avg>=floor,train+,holdout+,2x_cost_avg>0",,2218,-53.2679,-0.024,0.4414,0.9569,-38.4991,-14.7688,10/19,-83.9767,-0.0841,-0.1402
BOLL30 GBPUSD hours16-02 (neighbor),reject,"avg>=floor,train+,holdout+,2x_cost_avg>0",,2902,-98.3085,-0.0339,0.4793,0.9366,-90.958,-7.3505,8/19,-135.779,-0.0944,-0.151
BOLL30 GBPUSD all-hours (control),reject,"avg>=floor,train+,holdout+,2x_cost_avg>0",,9735,-588.0248,-0.0604,0.404,0.9007,-484.7346,-103.2903,2/19,-631.1252,-0.1191,-0.174
ROUTE GBPUSD BOLL30 er<0.5 ranging,reject,"avg>=floor,train+,holdout+,2x_cost_avg>0",,1138,-31.7832,-0.0279,0.478,0.9474,-24.7129,-7.0702,10/19,-49.4447,-0.0898,-0.1476
ROUTE GBPUSD BOLL30 er<0.35 deep range,reject,"avg>=floor,holdout+,2x_cost_avg>0",,811,-2.7688,-0.0034,0.4908,0.9934,10.5164,-13.2852,9/19,-28.6022,-0.0667,-0.1258
ROUTE GBPUSD BOLL30 er>=0.5 trending (control),reject,"avg>=floor,train+,holdout+,2x_cost_avg>0",,1303,-89.4725,-0.0687,0.4367,0.8799,-88.3986,-1.0739,5/19,-114.9279,-0.127,-0.1815
EXTREME GBPUSD H1 W48 fade->mid er<0.5,reject,"avg>=floor,train+,2x_cost_avg>0",,1120,-18.348,-0.0164,0.3232,0.976,-42.3888,24.0408,11/19,-71.9453,-0.0478,-0.078
EXTREME GBPUSD H1 W96 fade->mid er<0.5,reject,"avg>=floor,train+,2x_cost_avg>0",,411,8.8748,0.0216,0.2774,1.0296,-8.4924,17.3672,11/19,-48.5094,-0.0098,-0.0401
RSI30 GBPUSD 25/75 both,reject,"avg>=floor,holdout+,2x_cost_avg>0",,496,-22.2501,-0.0449,0.3992,0.9278,0.7713,-23.0214,8/19,-35.8464,-0.1207,-0.1891
RSI30 GBPUSD short-only (deployed shape),reject,"avg>=floor,holdout+,2x_cost_avg>0",,257,1.9162,0.0075,0.4202,1.0125,11.9263,-10.0101,8/19,-15.0375,-0.0697,-0.1584
BOLL30 USDCHF base hours14-24,reject,"avg>=floor,holdout+,2x_cost_avg>0",,2347,-29.8377,-0.0127,0.464,0.9766,5.4171,-35.2549,9/19,-56.1684,-0.102,-0.1828
BOLL30 USDCHF hours12-22 (neighbor),reject,"avg>=floor,train+,holdout+,2x_cost_avg>0",,2271,-58.7916,-0.0259,0.4302,0.9544,-44.793,-13.9986,8/19,-75.7926,-0.1133,-0.1926
BOLL30 USDCHF hours16-02 (neighbor),reject,"avg>=floor,holdout+,2x_cost_avg>0",,2729,4.2593,0.0016,0.4921,1.003,27.8006,-23.5413,11/19,-59.0675,-0.0882,-0.1695
BOLL30 USDCHF all-hours (control),reject,"avg>=floor,train+,holdout+,2x_cost_avg>0",,9782,-713.4919,-0.0729,0.4067,0.8807,-581.9586,-131.5333,2/19,-719.6111,-0.158,-0.2351
ROUTE USDCHF BOLL30 er<0.5 ranging,reject,"avg>=floor,holdout+,2x_cost_avg>0",,1140,7.2792,0.0064,0.4877,1.0123,21.7801,-14.5009,12/19,-38.5156,-0.0841,-0.1661
ROUTE USDCHF BOLL30 er<0.35 deep range,reject,"avg>=floor,holdout+,2x_cost_avg>0",,808,35.1864,0.0435,0.5025,1.0858,39.2414,-4.055,11/19,-22.1068,-0.0495,-0.1337
ROUTE USDCHF BOLL30 er>=0.5 trending (control),reject,"avg>=floor,train+,holdout+,2x_cost_avg>0",,1303,-68.0768,-0.0522,0.4321,0.9088,-42.2487,-25.8281,6/19,-79.7289,-0.1397,-0.2189
EXTREME USDCHF H1 W48 fade->mid er<0.5,reject,"avg>=floor,train+,holdout+,2x_cost_avg>0",,1070,-53.8542,-0.0503,0.3336,0.926,-19.0026,-34.8517,7/19,-84.4781,-0.097,-0.1412
EXTREME USDCHF H1 W96 fade->mid er<0.5,reject,"avg>=floor,train+,holdout+,2x_cost_avg>0",,393,-44.566,-0.1134,0.2545,0.8512,-34.0607,-10.5052,7/19,-75.8881,-0.1581,-0.2005
RSI30 USDCHF 25/75 both,reject,"avg>=floor,holdout+,2x_cost_avg>0",,522,15.484,0.0297,0.4349,1.0507,17.6224,-2.1384,10/19,-18.6132,-0.0761,-0.1692
RSI30 USDCHF short-only (deployed shape),reject,2x_cost_avg>0,,245,23.8039,0.0972,0.4612,1.1742,14.4953,9.3086,15/19,-27.1003,-0.0071,-0.1222
BOLL-H1 USDCAD both all-hours,reject,"avg>=floor,train+,holdout+,2x_cost_avg>0",,5006,-275.9496,-0.0551,0.3993,0.9104,-208.3458,-67.6038,4/17,-293.7765,-0.1324,-0.2033
BOLL-H1 USDCAD er<0.5 ranging,reject,"avg>=floor,train+,holdout+,2x_cost_avg>0",,2474,-176.916,-0.0715,0.4022,0.8829,-175.9444,-0.9717,4/17,-196.7104,-0.1479,-0.2181
F1 neighbor q0.2 pad0.05 stop1.5,PASS,,neighbor,329,99.997,0.3039,0.3313,1.4458,80.4953,19.5017,14/19,-22.7631,0.2823,0.2374
F1 neighbor q0.2 pad0.05 stop2.0,PASS,,neighbor,307,88.9765,0.2898,0.3388,1.4325,69.0749,19.9016,12/19,-24.4559,0.2585,0.2196
F1 neighbor q0.2 pad0.05 stop2.5,PASS,,neighbor,295,86.6548,0.2937,0.3627,1.4598,70.0805,16.5743,14/19,-20.3658,0.269,0.2401
F1 neighbor q0.2 pad0.1 stop1.5,PASS,,neighbor,315,102.3476,0.3249,0.3365,1.4804,82.8371,19.5104,14/19,-20.7146,0.3034,0.2575
F1 neighbor q0.2 pad0.1 stop2.0,PASS,,neighbor,295,87.8703,0.2979,0.339,1.4447,66.9646,20.9057,12/19,-23.5256,0.266,0.2263
F1 neighbor q0.2 pad0.1 stop2.5,PASS,,neighbor,284,88.1167,0.3103,0.3662,1.4874,70.558,17.5587,14/19,-18.3364,0.2946,0.2652
F1 neighbor q0.2 pad0.2 stop1.5,PASS,,neighbor,302,96.012,0.3179,0.3344,1.4688,76.5016,19.5104,16/19,-18.6781,0.288,0.2547
F1 neighbor q0.2 pad0.2 stop2.0,PASS,,neighbor,283,86.7943,0.3067,0.3428,1.4607,68.1933,18.601,14/19,-22.5109,0.2745,0.234
F1 neighbor q0.2 pad0.2 stop2.5,PASS,,neighbor,274,85.7861,0.3131,0.3686,1.494,68.4722,17.3138,14/19,-17.3246,0.2974,0.2675
F1 neighbor q0.25 pad0.05 stop1.5,PASS,,neighbor,381,99.1318,0.2602,0.3202,1.3753,78.688,20.4438,13/19,-21.9682,0.2317,0.1937
F1 neighbor q0.25 pad0.05 stop2.0,PASS,,neighbor,349,101.5644,0.291,0.3381,1.4337,72.7063,28.8581,13/19,-23.6132,0.2617,0.219
F1 neighbor q0.25 pad0.05 stop2.5,PASS,,neighbor,327,83.2027,0.2544,0.3517,1.3911,59.6488,23.554,13/19,-20.9425,0.231,0.2038
F1 neighbor q0.25 pad0.1 stop1.5,PASS,,neighbor,368,100.4915,0.2731,0.3234,1.3958,82.0478,18.4437,13/19,-18.9016,0.2445,0.2061
F1 neighbor q0.25 pad0.1 stop2.0,PASS,,neighbor,339,102.4114,0.3021,0.3392,1.4511,73.5522,28.8593,14/19,-20.563,0.2725,0.229
F1 neighbor q0.25 pad0.1 stop2.5,PASS,,neighbor,318,86.627,0.2724,0.3553,1.4203,63.0911,23.5359,15/19,-17.9022,0.2571,0.2297
F1 neighbor q0.25 pad0.2 stop1.5,PASS,,neighbor,355,97.8387,0.2756,0.3239,1.4,78.3901,19.4486,12/19,-17.8179,0.2469,0.2156
F1 neighbor q0.25 pad0.2 stop2.0,PASS,,neighbor,329,102.3258,0.311,0.3435,1.4675,75.7712,26.5545,14/19,-20.6045,0.2811,0.2369
F1 neighbor q0.25 pad0.2 stop2.5,PASS,,neighbor,309,88.5199,0.2865,0.3625,1.4472,65.2288,23.2911,15/19,-15.88,0.2709,0.2429
F1 neighbor q0.3 pad0.05 stop1.5,PASS,,neighbor,432,119.8291,0.2774,0.3241,1.4032,81.8368,37.9923,14/19,-26.0929,0.2501,0.2146
F1 neighbor q0.3 pad0.05 stop2.0,PASS,,neighbor,390,114.0234,0.2924,0.3385,1.4371,73.9797,40.0437,14/19,-24.6752,0.2646,0.2249
F1 neighbor q0.3 pad0.05 stop2.5,PASS,,neighbor,362,98.1412,0.2711,0.3564,1.4208,63.8202,34.321,15/19,-25.1112,0.2458,0.2197
F1 neighbor q0.3 pad0.1 stop1.5,PASS,,neighbor,417,118.5756,0.2844,0.3261,1.4139,85.2277,33.3479,15/19,-24.0435,0.2571,0.2212
F1 neighbor q0.3 pad0.1 stop2.0,PASS,,neighbor,378,112.6489,0.298,0.3386,1.4445,74.8491,37.7998,15/19,-23.7373,0.27,0.2266
F1 neighbor q0.3 pad0.1 stop2.5,PASS,,neighbor,352,97.3839,0.2767,0.358,1.4284,64.8793,32.5046,15/19,-23.0813,0.2613,0.235
F1 neighbor q0.3 pad0.2 stop1.5,PASS,,neighbor,400,111.9659,0.2799,0.325,1.4068,80.6094,31.3565,14/19,-23.3599,0.2524,0.2225
F1 neighbor q0.3 pad0.2 stop2.0,PASS,,neighbor,366,106.5684,0.2912,0.3388,1.4345,74.0705,32.4979,15/19,-23.6844,0.2628,0.2186
F1 neighbor q0.3 pad0.2 stop2.5,PASS,,neighbor,341,93.6084,0.2745,0.3607,1.427,64.3464,29.262,15/19,-20.8584,0.259,0.2322
F2 trail2.5 maxhold192,PASS,,exit-upgrade,840,122.1126,0.1454,0.375,1.3074,66.0248,56.0878,12/19,-33.0936,0.113,0.0817
F2 trail3.0 maxhold192,PASS,,exit-upgrade,766,147.9391,0.1931,0.3499,1.3666,90.0184,57.9207,14/19,-39.4739,0.1598,0.1276
F2 trail3.5 maxhold192,PASS,,exit-upgrade,718,152.6854,0.2127,0.3468,1.3709,99.1988,53.4867,14/19,-32.8742,0.1787,0.146
F2 trail4.0 maxhold192,PASS,,exit-upgrade,670,176.4744,0.2634,0.3507,1.44,112.6062,63.8682,15/19,-31.7366,0.2286,0.195
F2 trail4.5 maxhold192,PASS,,exit-upgrade,638,196.1131,0.3074,0.3464,1.4995,137.8527,58.2604,14/19,-34.3267,0.2712,0.2364
F2 trail5.0 maxhold192,PASS,,exit-upgrade,615,207.6022,0.3376,0.3252,1.5283,160.8573,46.7449,13/19,-35.9776,0.3008,0.2654
F3 neighbor N16 rr2.5,PASS,,neighbor,1301,110.6448,0.085,0.3221,1.1238,46.3636,64.2812,12/19,-27.2581,0.0747,0.0452
F3 neighbor N16 rr3.0,PASS,,neighbor,1183,145.183,0.1227,0.2959,1.1722,46.9752,98.2078,13/19,-27.2015,0.0946,0.0556
F3 neighbor N16 rr3.5,PASS,,neighbor,1100,131.19,0.1193,0.2736,1.1625,27.7234,103.4667,10/19,-33.2168,0.1027,0.0717
F3 neighbor N24 rr2.5,PASS,,neighbor,1105,144.6696,0.1309,0.3339,1.194,60.5459,84.1236,14/19,-33.3145,0.1171,0.0877
F3 neighbor N24 rr3.0,PASS,,neighbor,1025,146.1042,0.1425,0.2995,1.2011,48.1293,97.9749,13/19,-44.9434,0.1207,0.0949
F3 neighbor N24 rr3.5,PASS,,neighbor,950,149.9064,0.1578,0.2832,1.2182,59.842,90.0644,13/19,-39.4978,0.1455,0.1165
F3 neighbor N32 rr2.5,PASS,,neighbor,1041,133.9191,0.1286,0.3324,1.1902,50.666,83.2531,14/19,-27.2553,0.1102,0.0787
F3 neighbor N32 rr3.0,PASS,,neighbor,972,127.0688,0.1307,0.2953,1.1833,48.5541,78.5146,13/19,-37.4718,0.1023,0.0785
F3 neighbor N32 rr3.5,PASS,,neighbor,902,164.7028,0.1826,0.2871,1.254,85.4721,79.2307,14/19,-34.7358,0.1619,0.1303
MACROSS gold FIXED rr3.0 (deployed shape),PASS,,,389,64.1636,0.1649,0.3085,1.2355,37.8486,26.315,14/19,-31.1306,0.1245,0.1328
MACROSS gold TRAIL 3.0ATR,PASS,,,409,81.6727,0.1997,0.3643,1.3764,65.7241,15.9486,14/19,-24.8781,0.1634,0.1326
MACROSS gold TRAIL 4.0ATR,PASS,,,402,61.8818,0.1539,0.3284,1.2566,43.787,18.0948,11/19,-32.0086,0.1219,0.1557
MACROSS gold TRAIL 5.0ATR,PASS,,,391,108.7871,0.2782,0.2941,1.4272,66.6166,42.1705,15/19,-38.5392,0.2398,0.2105
BOS gold FIXED rr5.0 (deployed shape),PASS,,,1691,273.0307,0.1615,0.2655,1.2186,186.3697,86.661,13/19,-43.4059,0.1251,0.0853
BOS gold TRAIL 3.0ATR,PASS,,,2035,236.4446,0.1162,0.3459,1.2131,152.4154,84.0292,12/19,-48.2083,0.0834,0.0519
BOS gold TRAIL 4.0ATR,PASS,,,1725,253.9742,0.1472,0.3206,1.2387,164.4744,89.4998,13/19,-58.8479,0.1138,0.0838
BOS gold TRAIL 5.0ATR,PASS,,,1527,270.371,0.1771,0.2927,1.2664,174.0533,96.3177,13/19,-69.8362,0.1379,0.1114
DONCH96 SPX500 FIXED rr3.0 (deployed shape),reject,"avg>=floor,2x_cost_avg>0",2022+ only,198,8.7683,0.0443,0.3182,1.0632,2.1716,6.5968,3/5,-20.8017,-0.0221,-0.0921
DONCH96 SPX500 TRAIL 3.0ATR,PASS,,2022+ only,183,30.249,0.1653,0.4098,1.3342,18.7456,11.5034,4/5,-20.0687,0.0784,0.006
DONCH96 SPX500 TRAIL 4.0ATR,PASS,,2022+ only,164,27.61,0.1684,0.4024,1.3013,15.3857,12.2243,4/5,-15.4391,0.0804,-0.0011
DONCH96 SPX500 TRAIL 5.0ATR,PASS,,2022+ only,157,13.4774,0.0858,0.3248,1.1385,11.0944,2.383,3/5,-16.9953,0.0016,-0.0767
DONCH96 GER40 FIXED rr3.0 (deployed shape),PASS,,2022+ only,200,43.9258,0.2196,0.335,1.3222,18.2077,25.718,3/5,-10.0668,0.1619,0.1528
DONCH96 GER40 TRAIL 3.0ATR,PASS,,2022+ only,172,50.1843,0.2918,0.3953,1.577,14.334,35.8503,3/5,-10.3361,0.23,0.1893
DONCH96 GER40 TRAIL 4.0ATR,PASS,,2022+ only,155,47.6425,0.3074,0.3613,1.5136,19.1787,28.4638,3/5,-9.6546,0.2688,0.2252
DONCH96 GER40 TRAIL 5.0ATR,PASS,,2022+ only,141,56.9819,0.4041,0.3475,1.6465,20.3626,36.6193,3/5,-11.8026,0.3616,0.3133
DONCH96 US30 FIXED rr3.0 (deployed shape),PASS,,2022+ only,181,27.2517,0.1506,0.3204,1.2222,16.4877,10.764,3/5,-15.1922,0.134,0.1326
DONCH96 US30 TRAIL 3.0ATR,PASS,,2022+ only,162,46.0266,0.2841,0.3889,1.5508,20.665,25.3616,5/5,-10.0386,0.253,0.2234
DONCH96 US30 TRAIL 4.0ATR,PASS,,2022+ only,146,46.6447,0.3195,0.3836,1.5586,18.7951,27.8497,5/5,-11.5048,0.2863,0.2546
DONCH96 US30 TRAIL 5.0ATR,PASS,,2022+ only,136,50.3738,0.3704,0.3309,1.5947,30.0614,20.3124,3/5,-12.5497,0.3344,0.3001
DONCH96 JPN225 FIXED rr3.0 (deployed shape),reject,train+,2022+ only,202,30.9741,0.1533,0.3218,1.2212,-5.8729,36.847,4/5,-13.8989,0.0622,0.0185
DONCH96 JPN225 TRAIL 3.0ATR,reject,train+,2022+ only,172,51.9322,0.3019,0.3837,1.5742,-1.1888,53.121,4/5,-13.5347,0.2409,0.1801
DONCH96 JPN225 TRAIL 4.0ATR,reject,train+,2022+ only,157,41.2209,0.2626,0.3503,1.4428,-3.1263,44.3472,4/5,-15.5453,0.1981,0.1349
DONCH96 JPN225 TRAIL 5.0ATR,reject,train+,2022+ only,142,48.7985,0.3437,0.3521,1.5458,-7.7436,56.5422,4/5,-15.3135,0.267,0.2001
BOS GER40 FIXED rr3.0 (deployed shape),reject,avg>=floor,2022+ only,424,16.2207,0.0383,0.283,1.0526,9.2001,7.0205,3/5,-19.7169,0.026,-0.0294
BOS GER40 TRAIL 3.0ATR,PASS,,2022+ only,442,34.9797,0.0791,0.3416,1.1471,6.3647,28.615,3/5,-18.3357,0.0258,-0.0239
BOS GER40 TRAIL 4.0ATR,PASS,,2022+ only,372,49.1127,0.132,0.3226,1.211,28.5112,20.6016,3/5,-25.049,0.084,0.0318
BOS GER40 TRAIL 5.0ATR,PASS,,2022+ only,340,33.3985,0.0982,0.2735,1.1444,19.7872,13.6114,3/5,-29.7228,0.0553,0.0032
"BOLL30 EURUSD ungated (deployed shape, broker data)",reject,"avg>=floor,train+,holdout+,2x_cost_avg>0",,1093,-23.3843,-0.0214,0.4483,0.962,-21.689,-1.6953,3/9,-39.8516,-0.0985,-0.1695
BOLL30 EURUSD er<0.5 ranging,reject,"avg>=floor,train+,2x_cost_avg>0",,528,-14.1289,-0.0268,0.4545,0.9516,-28.6136,14.4848,3/9,-37.5911,-0.1065,-0.1796
BOLL30 EURUSD er<0.35 deep range,reject,"avg>=floor,train+,holdout+,2x_cost_avg>0",,373,-20.3055,-0.0544,0.445,0.9036,-19.6653,-0.6402,2/9,-25.7388,-0.1335,-0.2059
BOLL30 EURUSD er>=0.5 trending (control),reject,"avg>=floor,holdout+,2x_cost_avg>0",,611,-8.1563,-0.0133,0.4452,0.9765,7.0567,-15.2131,5/9,-25.0658,-0.0889,-0.1585
"RSI30 USDCHF ungated (deployed shape, broker data)",PASS,,,80,19.6295,0.2454,0.525,1.4846,12.4409,7.1886,8/9,-5.2047,0.0518,-0.0836
RSI30 USDCHF er<0.5 ranging,reject,"n>=min,train+",,1,1.4124,1.4124,1.0,inf,0.0,1.4124,1/1,0.0,1.3389,-1.2237
RSI30 USDCHF er<0.35 deep range,reject,"n>=min,train+",,1,1.4124,1.4124,1.0,inf,0.0,1.4124,1/1,0.0,1.3389,-1.2237
RSI30 USDCHF er>=0.5 trending (control),reject,n>=min,,79,18.2172,0.2306,0.519,1.4498,12.4409,5.7763,8/9,-5.2047,0.0355,-0.0692
