id,family,symbol,tf,n,tpm,wr,rr_real,avg_r,net,tr,ho,n_ho,stress3x,verdict
GS01-XAUUSD-M15,GS01,XAUUSD,M15,33,0.56,27.3,3.0,0.0909,3.0,0.0,3.0,13,-16.0,REJECT
GS01-XAUUSD-H1,GS01,XAUUSD,H1,8,0.14,25.0,3.0,0.0,0.0,-2.0,2.0,2,-7.0,REJECT
GS01-XAGUSD-H1,GS01,XAGUSD,H1,23,0.12,4.3,3.0,-0.8261,-19.0,-17.0,-2.0,2,-19.0,REJECT
GS01-EURUSD-H1,GS01,EURUSD,H1,32,0.17,15.6,3.0,-0.375,-12.0,-8.0,-4.0,8,-13.0,REJECT
GS01-GBPUSD-H1,GS01,GBPUSD,H1,28,0.15,46.4,3.0,0.8571,24.0,25.0,-1.0,1,17.0,REJECT
GS01L-XAUUSD-M15,GS01L,XAUUSD,M15,360,6.15,26.1,2.71,-0.032,-11.5,-18.1,6.6,114,-39.3,REJECT
GS01L-XAUUSD-H1,GS01L,XAUUSD,H1,83,1.42,25.3,2.98,0.0073,0.6,-9.4,10.0,26,-6.5,REJECT
GS01L-XAUUSD-H4,GS01L,XAUUSD,H4,14,0.24,42.9,2.52,0.5073,7.1,1.1,6.0,6,11.1,WATCH
GS01L-EURUSD-H1,GS01L,EURUSD,H1,283,1.47,24.0,2.72,-0.1061,-30.0,-32.5,2.4,47,-35.5,REJECT
GS01L-GBPUSD-H1,GS01L,GBPUSD,H1,298,1.55,30.9,2.86,0.1915,57.1,49.0,8.1,41,50.5,DEPLOY-CANDIDATE
GS02-XAUUSD-M15,GS02,XAUUSD,M15,10,0.17,50.0,1.55,0.223,2.2,2.2,0.0,0,1.7,REJECT
GS02-XAUUSD-H1,GS02,XAUUSD,H1,1,0.02,0.0,0.0,-1.0,-1.0,-1.0,0.0,0,-1.0,REJECT
GS02-XAGUSD-H1,GS02,XAGUSD,H1,8,0.04,12.5,2.65,-0.4255,-3.4,-1.4,-2.0,2,-3.6,REJECT
GS02-EURUSD-H1,GS02,EURUSD,H1,7,0.04,28.6,1.57,-0.2647,-1.9,-3.2,1.3,2,-2.0,REJECT
GS02-GBPUSD-H1,GS02,GBPUSD,H1,9,0.05,33.3,1.97,-0.0085,-0.1,-0.1,0.0,0,-0.3,REJECT
GS02T-XAUUSD-M15,GS02T,XAUUSD,M15,2586,44.15,31.4,2.05,-0.0395,-102.2,-83.2,-19.0,753,-260.1,REJECT
GS02T-XAUUSD-H1,GS02T,XAUUSD,H1,959,16.37,29.0,2.2,-0.0711,-68.2,0.1,-68.3,282,-113.7,REJECT
GS02T-XAUUSD-H4,GS02T,XAUUSD,H4,289,4.93,30.8,2.19,-0.0178,-5.1,8.1,-13.2,85,-11.3,REJECT
GS02T-XAGUSD-H1,GS02T,XAGUSD,H1,2930,15.92,31.8,1.67,-0.1504,-440.7,-390.8,-49.8,475,-528.6,REJECT
GS02T-EURUSD-H1,GS02T,EURUSD,H1,3357,17.45,30.2,2.26,-0.0138,-46.3,-63.2,16.9,531,-168.2,REJECT
GS02T-GBPUSD-H1,GS02T,GBPUSD,H1,3423,17.79,29.3,2.25,-0.049,-167.8,-149.7,-18.2,548,-333.4,REJECT
GS03-XAUUSD-M15,GS03,XAUUSD,M15,1023,17.47,44.5,1.2,-0.0137,-14.0,14.3,-28.3,310,-63.2,REJECT
GS03-EURUSD-M15,GS03,EURUSD,M15,921,19.15,44.2,1.13,-0.0438,-40.4,-12.1,-28.3,567,-86.5,REJECT
GS03-GBPUSD-M15,GS03,GBPUSD,M15,933,19.39,44.4,1.18,-0.0247,-23.0,-34.8,11.8,575,-55.5,REJECT
GS04-XAUUSD-D1,GS04,XAUUSD,D1,33,0.56,45.5,1.66,0.1136,3.8,0.7,3.0,11,3.7,WATCH
GS04-XAGUSD-D1,GS04,XAGUSD,D1,99,0.54,37.4,1.85,0.0307,3.0,-2.1,5.1,16,1.5,REJECT
GS04-EURUSD-D1,GS04,EURUSD,D1,116,0.6,32.8,1.61,-0.076,-8.8,-5.7,-3.1,21,-9.1,REJECT
GS04-GBPUSD-D1,GS04,GBPUSD,D1,115,0.6,32.2,1.67,-0.0794,-9.1,-8.4,-0.7,17,-9.4,REJECT
GS04-SPX500-D1,GS04,SPX500,D1,45,0.56,46.7,1.26,0.0354,1.6,0.2,1.4,13,1.3,WATCH
GS06-XAUUSD-M15,GS06,XAUUSD,M15,841,14.36,45.1,1.33,0.0499,41.9,11.5,30.4,239,-5.6,REJECT
GS06-XAUUSD-H1,GS06,XAUUSD,H1,185,3.16,44.3,1.48,0.1013,18.7,8.7,10.1,50,12.2,DEPLOY-CANDIDATE
GS06-XAUUSD-H4,GS06,XAUUSD,H4,53,0.9,41.5,1.55,0.0589,3.1,0.2,2.9,15,1.5,WATCH
GS06-EURUSD-H1,GS06,EURUSD,H1,706,3.67,46.5,1.36,0.0982,69.4,71.6,-2.2,105,46.9,REJECT
GS06-GBPUSD-H1,GS06,GBPUSD,H1,732,3.8,43.7,1.4,0.0483,35.4,32.9,2.4,113,20.9,WATCH
GS08-XAUUSD-M15,GS08,XAUUSD,M15,335,5.72,16.7,3.42,-0.262,-87.8,-76.8,-11.0,92,-116.0,REJECT
GS08-XAUUSD-H1,GS08,XAUUSD,H1,115,1.96,18.3,3.33,-0.2101,-24.2,-4.6,-19.5,31,-27.8,REJECT
GS08-EURUSD-H1,GS08,EURUSD,H1,303,1.58,23.1,3.45,0.029,8.8,18.3,-9.5,41,-3.3,REJECT
GS08-GBPUSD-H1,GS08,GBPUSD,H1,324,1.68,21.6,3.39,-0.0514,-16.7,-13.7,-2.9,53,-41.0,REJECT
GS09-XAUUSD-M15,GS09,XAUUSD,M15,1038,17.72,36.7,1.67,-0.0173,-18.0,-37.8,19.8,298,-63.9,REJECT
GS09-EURUSD-M15,GS09,EURUSD,M15,932,19.38,35.0,1.75,-0.0384,-35.8,-15.0,-20.7,565,-52.7,REJECT
GS09-GBPUSD-M15,GS09,GBPUSD,M15,938,19.49,35.5,1.74,-0.0247,-23.2,-3.0,-20.1,567,-105.9,REJECT
GS09F-XAUUSD-M15,GS09F,XAUUSD,M15,337,5.75,37.4,1.72,0.0171,5.8,8.1,-2.4,102,-3.8,REJECT
GS09F-EURUSD-M15,GS09F,EURUSD,M15,331,6.88,32.3,1.7,-0.123,-40.7,-7.8,-32.9,210,-52.8,REJECT
GS09F-GBPUSD-M15,GS09F,GBPUSD,M15,322,6.69,36.0,1.69,-0.0321,-10.4,-2.0,-8.3,210,-30.0,REJECT
GS10-XAUUSD-M15,GS10,XAUUSD,M15,601,10.26,26.5,2.68,-0.0263,-15.8,-9.0,-6.8,163,-41.3,REJECT
GS10-XAUUSD-H1,GS10,XAUUSD,H1,145,2.48,18.6,2.9,-0.2735,-39.7,-26.7,-13.0,45,-41.5,REJECT
GS10-EURUSD-H1,GS10,EURUSD,H1,478,2.49,28.5,2.86,0.0983,47.0,19.2,27.8,81,34.2,DEPLOY-CANDIDATE
GS10-GBPUSD-H1,GS10,GBPUSD,H1,473,2.46,25.8,2.8,-0.0204,-9.7,-15.8,6.2,86,-14.6,REJECT
SMC1-XAUUSD-M15,SMC1,XAUUSD,M15,995,16.99,25.6,2.86,-0.0102,-10.1,-30.5,20.4,290,-94.0,REJECT
SMC1-XAUUSD-H1,SMC1,XAUUSD,H1,437,7.46,26.8,2.85,0.0298,13.0,1.0,12.0,120,-11.6,REJECT
SMC1-EURUSD-M15,SMC1,EURUSD,M15,745,15.49,28.2,2.8,0.0701,52.2,47.8,4.4,464,-13.7,REJECT
SMC1-GBPUSD-M15,SMC1,GBPUSD,M15,832,17.29,27.5,2.83,0.0528,44.0,54.7,-10.7,511,-11.4,REJECT
BRKR-XAUUSD-M15,BRKR,XAUUSD,M15,1840,31.41,32.2,1.92,-0.0584,-107.5,-94.4,-13.2,536,-226.3,REJECT
BRKR-XAUUSD-H1,BRKR,XAUUSD,H1,490,8.37,32.9,1.87,-0.0565,-27.7,-26.1,-1.6,147,-34.1,REJECT
BRKR-EURUSD-H1,BRKR,EURUSD,H1,1796,9.34,34.0,1.9,-0.0148,-26.6,-70.7,44.1,271,-84.0,REJECT
BRKR-GBPUSD-H1,BRKR,GBPUSD,H1,1880,9.77,33.1,1.92,-0.0306,-57.5,-68.4,10.9,296,-147.3,REJECT
HAVW-XAUUSD-H1,HAVW,XAUUSD,H1,369,6.3,52.6,1.83,0.1661,61.3,43.4,17.9,94,53.5,DEPLOY-CANDIDATE
HAVW-XAUUSD-H4,HAVW,XAUUSD,H4,101,1.72,63.4,1.66,0.2329,23.5,20.6,2.9,29,22.4,DEPLOY-CANDIDATE
HAVW-XAUUSD-D1,HAVW,XAUUSD,D1,16,0.27,50.0,1.48,0.0913,1.5,1.3,0.1,4,1.4,WATCH
HAVW-EURUSD-H4,HAVW,EURUSD,H4,320,1.66,63.1,1.93,0.2771,88.7,71.3,17.4,47,84.3,DEPLOY-CANDIDATE
HAVW-GBPUSD-H4,HAVW,GBPUSD,H4,335,1.74,56.7,1.98,0.2211,74.1,66.0,8.1,45,69.9,DEPLOY-CANDIDATE
PIVR2-XAUUSD-M15,PIVR2,XAUUSD,M15,12,0.2,50.0,2.18,0.4457,5.3,3.5,1.8,3,4.5,WATCH
PIVR2-XAUUSD-H1,PIVR2,XAUUSD,H1,16,0.27,43.8,1.82,0.2055,3.3,5.3,-2.0,4,2.0,REJECT
GS07-XAUUSD-M30,GS07,XAUUSD,M30,205,3.5,37.6,1.93,0.0331,6.8,-2.0,8.8,67,7.8,REJECT
GS07-EURUSD-M30,GS07,EURUSD,M30,390,4.05,40.3,1.57,0.0132,5.1,8.8,-3.7,110,4.4,REJECT
GS07-GBPUSD-M30,GS07,GBPUSD,M30,401,4.17,39.7,1.79,0.0349,14.0,8.0,6.0,125,6.6,WATCH
