entry_time,exit_time,side,entry,exit,risk,r,bars,kind,ny_date,dur_h
2020-07-23 15:00:00-04:00,2020-07-23 16:00:00-04:00,-1,1888.78,1882.84,19.28,0.308,1,trail/stop,2020-07-23,1
2020-07-24 07:00:00-04:00,2020-07-24 08:00:00-04:00,-1,1890.46,1889.23,19.9,0.062,1,trail/stop,2020-07-24,1
2020-07-24 13:00:00-04:00,2020-07-24 14:00:00-04:00,-1,1900.36,1899.91,19.33,0.023,1,trail/stop,2020-07-24,1
2020-07-27 09:00:00-04:00,2020-07-27 10:00:00-04:00,-1,1931.76,1917.6,19.89,0.712,1,trail/stop,2020-07-27,1
2020-07-28 00:00:00-04:00,2020-07-28 05:00:00-04:00,-1,1943.26,1932.15,23.53,0.472,5,trail/stop,2020-07-28,5
2020-07-31 10:00:00-04:00,2020-07-31 11:00:00-04:00,-1,1967.22,1968.87,22.77,-0.072,1,trail/stop,2020-07-31,1
2020-08-05 09:00:00-04:00,2020-08-05 10:00:00-04:00,-1,2035.0,2011.75,21.37,1.088,1,trail/stop,2020-08-05,1
2020-08-06 05:00:00-04:00,2020-08-06 07:00:00-04:00,-1,2046.32,2052.66,24.26,-0.261,2,trail/stop,2020-08-06,2
2020-08-06 12:00:00-04:00,2020-08-06 13:00:00-04:00,-1,2057.75,2060.87,26.65,-0.117,1,trail/stop,2020-08-06,1
2020-08-14 03:00:00-04:00,2020-08-14 09:00:00-04:00,-1,1942.52,1955.18,38.54,-0.329,6,trail/stop,2020-08-14,6
2020-08-25 04:00:00-04:00,2020-08-25 05:00:00-04:00,1,1935.1,1938.13,23.62,0.128,1,trail/stop,2020-08-25,1
2020-08-25 15:00:00-04:00,2020-08-26 01:00:00-04:00,1,1928.74,1918.42,20.19,-0.511,9,trail/stop,2020-08-25,9
2020-08-26 10:00:00-04:00,2020-08-27 08:00:00-04:00,1,1935.38,1935.22,20.83,-0.008,21,trail/stop,2020-08-26,21
2020-09-01 10:00:00-04:00,2020-09-04 08:00:00-04:00,-1,1982.82,1944.01,19.89,1.952,67,trail/stop,2020-09-01,67
2020-09-10 03:00:00-04:00,2020-09-10 04:00:00-04:00,-1,1943.9,1938.51,18.79,0.287,1,trail/stop,2020-09-10,1
2020-09-10 13:00:00-04:00,2020-09-11 09:00:00-04:00,-1,1953.9,1954.22,19.13,-0.017,19,trail/stop,2020-09-10,19
2020-09-15 10:00:00-04:00,2020-09-16 01:00:00-04:00,-1,1955.98,1961.7,14.35,-0.399,14,trail/stop,2020-09-15,14
2020-09-16 14:00:00-04:00,2020-09-17 20:00:00-04:00,-1,1962.46,1949.46,14.19,0.916,28,trail/stop,2020-09-16,28
2020-09-24 04:00:00-04:00,2020-09-24 05:00:00-04:00,1,1860.92,1871.36,23.68,0.441,1,trail/stop,2020-09-24,1
2020-09-29 09:00:00-04:00,2020-09-29 10:00:00-04:00,-1,1884.04,1883.54,17.51,0.029,1,trail/stop,2020-09-29,1
2020-10-01 16:00:00-04:00,2020-10-01 18:00:00-04:00,-1,1903.74,1901.41,17.21,0.135,1,trail/stop,2020-10-01,1
2020-10-02 10:00:00-04:00,2020-10-02 11:00:00-04:00,-1,1902.8,1909.23,19.58,-0.329,1,trail/stop,2020-10-02,1
2020-10-06 11:00:00-04:00,2020-10-07 02:00:00-04:00,-1,1911.2,1888.31,14.65,1.563,14,trail/stop,2020-10-06,14
2020-10-11 21:00:00-04:00,2020-10-11 22:00:00-04:00,-1,1924.88,1920.05,14.31,0.338,1,trail/stop,2020-10-11,1
2020-10-20 06:00:00-04:00,2020-10-20 07:00:00-04:00,1,1906.22,1905.44,13.27,-0.059,1,trail/stop,2020-10-20,1
2020-10-21 08:00:00-04:00,2020-10-21 09:00:00-04:00,-1,1916.12,1911.4,13.78,0.342,1,trail/stop,2020-10-21,1
2020-10-21 14:00:00-04:00,2020-10-21 15:00:00-04:00,-1,1924.44,1920.66,14.5,0.261,1,trail/stop,2020-10-21,1
2020-10-26 03:00:00-04:00,2020-10-26 04:00:00-04:00,1,1900.42,1901.1,13.03,0.052,1,trail/stop,2020-10-26,1
2020-10-29 10:00:00-04:00,2020-10-29 11:00:00-04:00,1,1873.88,1870.66,14.17,-0.227,1,trail/stop,2020-10-29,1
2020-11-03 20:00:00-05:00,2020-11-03 21:00:00-05:00,-1,1899.68,1896.73,13.9,0.212,1,trail/stop,2020-11-03,1
2020-11-06 10:00:00-05:00,2020-11-06 14:00:00-05:00,-1,1941.7,1954.67,20.73,-0.625,4,trail/stop,2020-11-06,4
2020-11-23 04:00:00-05:00,2020-11-25 08:00:00-05:00,-1,1868.94,1815.65,13.53,3.939,50,trail/stop,2020-11-23,50
2020-12-01 22:00:00-05:00,2020-12-01 23:00:00-05:00,-1,1808.82,1800.78,17.53,0.458,1,trail/stop,2020-12-01,1
2020-12-02 08:00:00-05:00,2020-12-02 10:00:00-05:00,-1,1820.26,1821.66,16.47,-0.085,2,trail/stop,2020-12-02,2
2020-12-03 09:00:00-05:00,2020-12-03 14:00:00-05:00,-1,1836.24,1839.98,16.18,-0.231,5,trail/stop,2020-12-03,5
2020-12-04 04:00:00-05:00,2020-12-04 05:00:00-05:00,-1,1840.52,1839.92,16.52,0.036,1,trail/stop,2020-12-04,1
2020-12-16 03:00:00-05:00,2020-12-16 04:00:00-05:00,-1,1854.06,1856.7,14.04,-0.187,1,trail/stop,2020-12-16,1
2020-12-16 08:00:00-05:00,2020-12-16 14:00:00-05:00,-1,1857.5,1859.27,14.74,-0.12,6,trail/stop,2020-12-16,6
2020-12-31 13:00:00-05:00,2021-01-03 18:00:00-05:00,-1,1894.16,1897.93,12.74,-0.296,1,trail/stop,2020-12-31,1
2021-01-05 10:00:00-05:00,2021-01-05 11:00:00-05:00,-1,1943.72,1950.36,19.4,-0.343,1,trail/stop,2021-01-05,1
2021-01-06 07:00:00-05:00,2021-01-06 15:00:00-05:00,-1,1945.2,1921.5,18.42,1.287,8,trail/stop,2021-01-06,8
2021-01-27 11:00:00-05:00,2021-01-27 19:00:00-05:00,1,1849.08,1839.06,15.05,-0.666,7,trail/stop,2021-01-27,7
2021-02-01 11:00:00-05:00,2021-02-01 12:00:00-05:00,-1,1860.1,1864.58,23.07,-0.195,1,trail/stop,2021-02-01,1
2021-02-09 07:00:00-05:00,2021-02-09 08:00:00-05:00,-1,1843.6,1843.7,15.71,-0.007,1,trail/stop,2021-02-09,1
2021-02-10 05:00:00-05:00,2021-02-10 08:00:00-05:00,-1,1839.26,1846.62,14.81,-0.496,3,trail/stop,2021-02-10,3
2021-02-17 07:00:00-05:00,2021-02-17 08:00:00-05:00,1,1790.94,1798.52,16.09,0.471,1,trail/stop,2021-02-17,1
2021-02-17 18:00:00-05:00,2021-02-17 19:00:00-05:00,1,1777.06,1777.35,18.41,0.015,1,trail/stop,2021-02-17,1
2021-02-23 03:00:00-05:00,2021-02-23 04:00:00-05:00,-1,1808.56,1809.38,15.92,-0.051,1,trail/stop,2021-02-23,1
2021-03-04 01:00:00-05:00,2021-03-04 03:00:00-05:00,1,1718.32,1715.28,18.91,-0.161,2,trail/stop,2021-03-04,2
2021-03-08 22:00:00-05:00,2021-03-08 23:00:00-05:00,1,1687.54,1691.19,18.55,0.197,1,trail/stop,2021-03-08,1
2021-03-15 10:00:00-04:00,2021-03-16 00:00:00-04:00,-1,1723.82,1735.14,16.01,-0.706,13,trail/stop,2021-03-15,13
2021-03-17 07:00:00-04:00,2021-03-17 13:00:00-04:00,-1,1729.32,1735.89,11.81,-0.557,6,trail/stop,2021-03-17,6
2021-03-18 03:00:00-04:00,2021-03-18 04:00:00-04:00,-1,1739.5,1738.57,14.18,0.066,1,trail/stop,2021-03-18,1
2021-03-22 10:00:00-04:00,2021-03-22 21:00:00-04:00,1,1738.08,1732.86,15.36,-0.34,10,trail/stop,2021-03-22,10
2021-03-25 09:00:00-04:00,2021-03-25 10:00:00-04:00,1,1739.0,1733.86,11.63,-0.442,1,trail/stop,2021-03-25,1
2021-03-26 09:00:00-04:00,2021-03-29 02:00:00-04:00,1,1728.84,1725.55,12.09,-0.273,15,trail/stop,2021-03-26,15
2021-03-31 02:00:00-04:00,2021-03-31 03:00:00-04:00,1,1683.78,1687.6,13.29,0.288,1,trail/stop,2021-03-31,1
2021-04-04 20:00:00-04:00,2021-04-04 21:00:00-04:00,-1,1727.92,1722.18,13.2,0.435,1,trail/stop,2021-04-04,1
2021-04-06 03:00:00-04:00,2021-04-06 04:00:00-04:00,-1,1730.06,1733.26,11.33,-0.283,1,trail/stop,2021-04-06,1
2021-04-08 23:00:00-04:00,2021-04-09 00:00:00-04:00,-1,1752.56,1749.78,10.43,0.267,1,trail/stop,2021-04-08,1
2021-04-12 06:00:00-04:00,2021-04-12 09:00:00-04:00,1,1741.58,1736.3,10.94,-0.483,3,trail/stop,2021-04-12,3
2021-04-12 23:00:00-04:00,2021-04-13 00:00:00-04:00,1,1735.96,1734.13,10.95,-0.168,1,trail/stop,2021-04-12,1
2021-04-13 08:00:00-04:00,2021-04-14 09:00:00-04:00,1,1729.22,1737.54,11.53,0.722,24,trail/stop,2021-04-13,24
2021-04-16 03:00:00-04:00,2021-04-16 04:00:00-04:00,-1,1762.42,1755.6,11.11,0.614,1,trail/stop,2021-04-16,1
2021-04-19 08:00:00-04:00,2021-04-20 10:00:00-04:00,-1,1782.02,1777.63,13.33,0.33,25,trail/stop,2021-04-19,25
2021-04-22 22:00:00-04:00,2021-04-23 03:00:00-04:00,1,1788.72,1782.46,12.39,-0.506,5,trail/stop,2021-04-22,5
2021-04-27 00:00:00-04:00,2021-04-27 18:00:00-04:00,1,1779.9,1775.51,11.59,-0.379,17,trail/stop,2021-04-27,17
2021-05-04 12:00:00-04:00,2021-05-04 23:00:00-04:00,-1,1775.5,1783.0,13.05,-0.574,10,trail/stop,2021-05-04,10
2021-05-12 11:00:00-04:00,2021-05-13 10:00:00-04:00,-1,1827.02,1823.7,14.53,0.228,22,trail/stop,2021-05-12,22
2021-05-19 04:00:00-04:00,2021-05-19 08:00:00-04:00,-1,1867.82,1864.48,11.4,0.292,4,trail/stop,2021-05-19,4
2021-05-21 11:00:00-04:00,2021-05-23 20:00:00-04:00,-1,1873.98,1883.8,17.88,-0.55,8,trail/stop,2021-05-21,8
2021-05-25 03:00:00-04:00,2021-05-26 09:00:00-04:00,1,1884.94,1900.5,12.74,1.222,29,trail/stop,2021-05-25,29
2021-06-01 05:00:00-04:00,2021-06-02 08:00:00-04:00,-1,1911.44,1902.72,10.69,0.815,26,trail/stop,2021-06-01,26
2021-06-04 03:00:00-04:00,2021-06-04 04:00:00-04:00,1,1872.98,1885.06,13.26,0.911,1,trail/stop,2021-06-04,1
2021-06-10 09:00:00-04:00,2021-06-11 05:00:00-04:00,1,1891.04,1891.78,12.82,0.058,19,trail/stop,2021-06-10,19
2021-06-14 10:00:00-04:00,2021-06-14 11:00:00-04:00,1,1864.58,1865.88,14.64,0.089,1,trail/stop,2021-06-14,1
2021-06-30 06:00:00-04:00,2021-06-30 07:00:00-04:00,1,1757.12,1762.94,13.15,0.443,1,trail/stop,2021-06-30,1
2021-07-01 11:00:00-04:00,2021-07-01 20:00:00-04:00,-1,1774.12,1777.33,14.48,-0.222,8,trail/stop,2021-07-01,8
2021-07-02 03:00:00-04:00,2021-07-02 04:00:00-04:00,-1,1775.76,1780.03,11.92,-0.359,1,trail/stop,2021-07-02,1
2021-07-02 11:00:00-04:00,2021-07-02 13:00:00-04:00,-1,1782.74,1785.27,13.85,-0.183,2,trail/stop,2021-07-02,2
2021-07-08 04:00:00-04:00,2021-07-08 10:00:00-04:00,1,1807.48,1804.36,13.19,-0.236,6,trail/stop,2021-07-08,6
2021-07-13 09:00:00-04:00,2021-07-13 09:00:00-04:00,-1,1800.24,1812.36,12.11,-1.0,0,trail/stop,2021-07-13,0
2021-07-15 07:00:00-04:00,2021-07-15 19:00:00-04:00,-1,1824.1,1831.04,12.65,-0.549,11,trail/stop,2021-07-15,11
2021-07-19 09:00:00-04:00,2021-07-20 10:00:00-04:00,1,1809.2,1811.77,12.95,0.198,24,trail/stop,2021-07-19,24
2021-07-20 11:00:00-04:00,2021-07-22 08:00:00-04:00,-1,1809.4,1804.4,14.04,0.356,43,trail/stop,2021-07-20,43
2021-07-22 09:00:00-04:00,2021-07-23 06:00:00-04:00,1,1802.98,1799.22,12.49,-0.301,20,trail/stop,2021-07-22,20
2021-07-27 07:00:00-04:00,2021-07-28 07:00:00-04:00,1,1796.88,1797.21,11.68,0.028,23,trail/stop,2021-07-27,23
2021-07-29 21:00:00-04:00,2021-07-29 22:00:00-04:00,-1,1827.28,1825.2,10.83,0.192,1,trail/stop,2021-07-29,1
2021-08-10 12:00:00-04:00,2021-08-12 08:00:00-04:00,1,1731.58,1746.27,26.19,0.561,42,trail/stop,2021-08-10,42
2021-08-17 08:00:00-04:00,2021-08-17 09:00:00-04:00,-1,1791.28,1792.92,10.48,-0.156,1,trail/stop,2021-08-17,1
2021-08-22 22:00:00-04:00,2021-08-24 20:00:00-04:00,1,1785.66,1800.08,11.66,1.237,44,trail/stop,2021-08-22,44
2021-08-26 07:00:00-04:00,2021-08-26 08:00:00-04:00,1,1788.04,1787.61,10.46,-0.04,1,trail/stop,2021-08-26,1
2021-09-01 11:00:00-04:00,2021-09-02 22:00:00-04:00,-1,1809.72,1813.62,10.6,-0.368,33,trail/stop,2021-09-01,33
2021-09-06 00:00:00-04:00,2021-09-06 01:00:00-04:00,-1,1825.66,1820.03,9.36,0.6,1,trail/stop,2021-09-06,1
2021-09-08 04:00:00-04:00,2021-09-08 05:00:00-04:00,1,1798.98,1805.8,9.49,0.72,1,trail/stop,2021-09-08,1
2021-09-09 04:00:00-04:00,2021-09-09 08:00:00-04:00,1,1792.4,1791.18,11.35,-0.107,4,trail/stop,2021-09-09,4
2021-09-14 09:00:00-04:00,2021-09-15 08:00:00-04:00,1,1797.28,1798.36,10.89,0.098,22,trail/stop,2021-09-14,22
2021-09-22 01:00:00-04:00,2021-09-22 02:00:00-04:00,-1,1775.82,1768.95,11.15,0.617,1,trail/stop,2021-09-22,1
2021-09-30 09:00:00-04:00,2021-09-30 20:00:00-04:00,1,1737.34,1751.69,13.65,1.051,10,trail/stop,2021-09-30,10
2021-10-03 23:00:00-04:00,2021-10-04 10:00:00-04:00,-1,1758.94,1761.47,13.38,-0.189,11,trail/stop,2021-10-03,11
2021-10-04 11:00:00-04:00,2021-10-05 01:00:00-04:00,1,1766.56,1757.61,15.07,-0.594,13,trail/stop,2021-10-04,13
2021-10-07 06:00:00-04:00,2021-10-07 07:00:00-04:00,-1,1759.82,1764.69,11.6,-0.42,1,trail/stop,2021-10-07,1
2021-10-13 09:00:00-04:00,2021-10-13 09:00:00-04:00,-1,1761.56,1772.96,11.39,-1.0,0,trail/stop,2021-10-13,0
2021-10-14 09:00:00-04:00,2021-10-14 14:00:00-04:00,-1,1798.94,1798.96,13.43,-0.002,5,trail/stop,2021-10-14,5
2021-10-19 11:00:00-04:00,2021-10-19 21:00:00-04:00,-1,1772.96,1773.55,12.51,-0.047,9,trail/stop,2021-10-19,9
2021-10-22 12:00:00-04:00,2021-10-22 13:00:00-04:00,-1,1785.72,1793.06,14.46,-0.507,1,trail/stop,2021-10-22,1
2021-10-27 07:00:00-04:00,2021-10-27 08:00:00-04:00,1,1789.32,1790.34,10.9,0.093,1,trail/stop,2021-10-27,1
2021-11-02 06:00:00-04:00,2021-11-03 13:00:00-04:00,-1,1792.36,1768.49,11.82,2.018,30,trail/stop,2021-11-02,30
2021-11-03 14:00:00-04:00,2021-11-03 15:00:00-04:00,1,1772.88,1777.17,11.34,0.379,1,trail/stop,2021-11-03,1
2021-11-10 19:00:00-05:00,2021-11-10 20:00:00-05:00,-1,1848.4,1836.37,14.06,0.856,1,trail/stop,2021-11-10,1
2021-11-11 11:00:00-05:00,2021-11-11 12:00:00-05:00,-1,1861.48,1857.69,16.41,0.231,1,trail/stop,2021-11-11,1
2021-11-19 05:00:00-05:00,2021-11-19 09:00:00-05:00,1,1864.26,1855.25,11.96,-0.754,4,trail/stop,2021-11-19,4
2021-11-30 11:00:00-05:00,2021-12-01 00:00:00-05:00,-1,1784.44,1784.42,18.0,0.001,12,trail/stop,2021-11-30,12
2021-12-08 07:00:00-05:00,2021-12-08 08:00:00-05:00,-1,1786.52,1784.71,11.2,0.161,1,trail/stop,2021-12-08,1
2021-12-13 09:00:00-05:00,2021-12-15 14:00:00-05:00,-1,1783.06,1769.52,10.44,1.298,51,trail/stop,2021-12-13,51
2021-12-21 03:00:00-05:00,2021-12-21 10:00:00-05:00,1,1793.24,1790.1,10.49,-0.3,7,trail/stop,2021-12-21,7
2021-12-27 13:00:00-05:00,2021-12-27 15:00:00-05:00,-1,1808.1,1810.91,8.66,-0.324,2,trail/stop,2021-12-27,2
2021-12-27 21:00:00-05:00,2021-12-28 00:00:00-05:00,-1,1809.98,1810.68,8.04,-0.087,3,trail/stop,2021-12-27,3
2021-12-28 10:00:00-05:00,2021-12-29 10:00:00-05:00,-1,1813.68,1797.99,8.6,1.825,23,trail/stop,2021-12-28,23
2021-12-30 04:00:00-05:00,2022-01-03 02:00:00-05:00,1,1801.78,1822.99,9.27,2.288,41,trail/stop,2021-12-30,41
2022-01-11 09:00:00-05:00,2022-01-11 10:00:00-05:00,-1,1805.52,1804.45,11.12,0.095,1,trail/stop,2022-01-11,1
2022-01-12 03:00:00-05:00,2022-01-12 04:00:00-05:00,-1,1817.14,1811.87,10.18,0.517,1,trail/stop,2022-01-12,1
2022-01-13 21:00:00-05:00,2022-01-14 07:00:00-05:00,1,1822.52,1819.9,9.38,-0.279,10,trail/stop,2022-01-13,10
2022-02-10 04:00:00-05:00,2022-02-10 05:00:00-05:00,-1,1831.88,1831.94,7.51,-0.008,1,trail/stop,2022-02-10,1
2022-02-17 21:00:00-05:00,2022-02-17 22:00:00-05:00,-1,1890.06,1884.07,13.82,0.433,1,trail/stop,2022-02-17,1
2022-02-20 21:00:00-05:00,2022-02-21 13:00:00-05:00,-1,1895.58,1901.51,15.56,-0.381,16,trail/stop,2022-02-20,16
2022-02-22 04:00:00-05:00,2022-02-22 09:00:00-05:00,-1,1896.34,1906.85,14.95,-0.703,5,trail/stop,2022-02-22,5
2022-02-24 10:00:00-05:00,2022-02-24 11:00:00-05:00,-1,1934.34,1926.12,20.49,0.402,1,trail/stop,2022-02-24,1
2022-02-27 19:00:00-05:00,2022-02-28 02:00:00-05:00,1,1910.18,1893.6,32.68,-0.507,7,trail/stop,2022-02-27,7
2022-03-07 07:00:00-05:00,2022-03-07 08:00:00-05:00,-1,1990.12,1965.82,23.32,1.042,1,trail/stop,2022-03-07,1
2022-03-21 04:00:00-04:00,2022-03-21 05:00:00-04:00,1,1926.2,1923.95,17.08,-0.131,1,trail/stop,2022-03-21,1
2022-03-22 22:00:00-04:00,2022-03-22 23:00:00-04:00,1,1923.26,1923.45,15.1,0.013,1,trail/stop,2022-03-22,1
2022-04-04 03:00:00-04:00,2022-04-05 10:00:00-04:00,1,1927.98,1928.03,16.05,0.003,30,trail/stop,2022-04-04,30
2022-04-05 12:00:00-04:00,2022-04-06 05:00:00-04:00,-1,1920.68,1930.84,16.63,-0.61,16,trail/stop,2022-04-05,16
2022-04-07 23:00:00-04:00,2022-04-08 08:00:00-04:00,-1,1929.94,1935.2,14.64,-0.359,9,trail/stop,2022-04-07,9
2022-04-18 11:00:00-04:00,2022-04-18 12:00:00-04:00,-1,1983.9,1986.49,16.61,-0.156,1,trail/stop,2022-04-18,1
2022-04-21 14:00:00-04:00,2022-04-22 04:00:00-04:00,1,1947.34,1943.61,15.21,-0.245,13,trail/stop,2022-04-21,13
2022-05-06 05:00:00-04:00,2022-05-06 06:00:00-04:00,1,1881.92,1892.12,17.82,0.572,1,trail/stop,2022-05-06,1
2022-05-17 10:00:00-04:00,2022-05-18 11:00:00-04:00,-1,1823.84,1822.97,18.52,0.047,24,trail/stop,2022-05-17,24
2022-05-20 05:00:00-04:00,2022-05-20 06:00:00-04:00,-1,1845.52,1841.89,14.58,0.25,1,trail/stop,2022-05-20,1
2022-05-24 22:00:00-04:00,2022-05-25 00:00:00-04:00,-1,1861.32,1863.11,12.9,-0.139,2,trail/stop,2022-05-24,2
2022-05-26 10:00:00-04:00,2022-05-29 19:00:00-04:00,1,1849.42,1850.59,13.0,0.09,31,trail/stop,2022-05-26,31
2022-06-01 09:00:00-04:00,2022-06-03 08:00:00-04:00,1,1844.3,1862.88,12.9,1.44,45,trail/stop,2022-06-01,45
2022-06-06 07:00:00-04:00,2022-06-06 08:00:00-04:00,1,1853.04,1854.03,11.51,0.085,1,trail/stop,2022-06-06,1
2022-06-07 04:00:00-04:00,2022-06-07 06:00:00-04:00,1,1842.26,1846.35,11.47,0.357,2,trail/stop,2022-06-07,2
2022-06-08 21:00:00-04:00,2022-06-10 08:00:00-04:00,-1,1851.8,1844.0,11.17,0.698,34,trail/stop,2022-06-08,34
2022-06-10 11:00:00-04:00,2022-06-12 21:00:00-04:00,1,1856.04,1864.29,14.02,0.588,9,trail/stop,2022-06-10,9
2022-06-13 03:00:00-04:00,2022-06-13 04:00:00-04:00,-1,1861.58,1840.91,15.64,1.321,1,trail/stop,2022-06-13,1
2022-06-17 07:00:00-04:00,2022-06-17 08:00:00-04:00,-1,1845.08,1843.31,18.33,0.096,1,trail/stop,2022-06-17,1
2022-06-24 04:00:00-04:00,2022-06-24 05:00:00-04:00,1,1830.18,1832.25,13.9,0.149,1,trail/stop,2022-06-24,1
2022-06-24 11:00:00-04:00,2022-06-27 10:00:00-04:00,1,1826.7,1827.47,14.58,0.053,22,trail/stop,2022-06-24,22
2022-06-28 22:00:00-04:00,2022-06-29 02:00:00-04:00,1,1822.32,1819.82,10.95,-0.227,4,trail/stop,2022-06-28,4
2022-06-29 07:00:00-04:00,2022-06-29 09:00:00-04:00,1,1825.02,1822.41,10.97,-0.239,2,trail/stop,2022-06-29,2
2022-06-30 09:00:00-04:00,2022-06-30 10:00:00-04:00,1,1822.7,1811.96,12.98,-0.827,1,trail/stop,2022-06-30,1
2022-07-01 10:00:00-04:00,2022-07-01 12:00:00-04:00,1,1794.34,1799.59,15.51,0.339,2,trail/stop,2022-07-01,2
2022-07-04 12:00:00-04:00,2022-07-07 01:00:00-04:00,-1,1806.38,1747.08,15.53,3.819,56,trail/stop,2022-07-04,56
2022-07-08 07:00:00-04:00,2022-07-08 08:00:00-04:00,1,1741.28,1734.42,15.11,-0.454,1,trail/stop,2022-07-08,1
2022-07-11 10:00:00-04:00,2022-07-11 15:00:00-04:00,1,1741.46,1732.17,13.36,-0.696,5,trail/stop,2022-07-11,5
2022-07-12 12:00:00-04:00,2022-07-12 13:00:00-04:00,1,1732.08,1730.54,14.47,-0.106,1,trail/stop,2022-07-12,1
2022-07-13 11:00:00-04:00,2022-07-13 20:00:00-04:00,1,1742.42,1729.62,16.21,-0.79,8,trail/stop,2022-07-13,8
2022-07-14 15:00:00-04:00,2022-07-14 16:00:00-04:00,1,1710.98,1719.54,17.06,0.501,1,trail/stop,2022-07-14,1
2022-07-18 11:00:00-04:00,2022-07-19 07:00:00-04:00,-1,1714.8,1717.58,15.5,-0.179,19,trail/stop,2022-07-18,19
2022-07-21 09:00:00-04:00,2022-07-21 09:00:00-04:00,1,1706.92,1694.23,12.69,-1.0,0,trail/stop,2022-07-21,0
2022-07-25 08:00:00-04:00,2022-07-25 21:00:00-04:00,-1,1725.86,1727.19,15.76,-0.084,12,trail/stop,2022-07-25,12
2022-07-28 15:00:00-04:00,2022-07-28 16:00:00-04:00,-1,1753.34,1747.32,13.65,0.44,1,trail/stop,2022-07-28,1
2022-07-28 22:00:00-04:00,2022-07-28 23:00:00-04:00,-1,1753.4,1748.77,13.5,0.343,1,trail/stop,2022-07-28,1
2022-08-01 11:00:00-04:00,2022-08-01 12:00:00-04:00,-1,1768.18,1773.2,14.92,-0.336,1,trail/stop,2022-08-01,1
2022-08-02 11:00:00-04:00,2022-08-03 00:00:00-04:00,-1,1776.7,1769.47,14.8,0.488,12,trail/stop,2022-08-02,12
2022-08-18 05:00:00-04:00,2022-08-18 09:00:00-04:00,1,1766.28,1763.09,10.68,-0.299,4,trail/stop,2022-08-18,4
2022-08-19 09:00:00-04:00,2022-08-19 10:00:00-04:00,1,1756.62,1752.0,11.36,-0.406,1,trail/stop,2022-08-19,1
2022-08-22 11:00:00-04:00,2022-08-22 12:00:00-04:00,1,1737.56,1738.85,11.58,0.111,1,trail/stop,2022-08-22,1
2022-08-24 07:00:00-04:00,2022-08-24 08:00:00-04:00,-1,1744.42,1747.1,11.91,-0.226,1,trail/stop,2022-08-24,1
2022-08-25 09:00:00-04:00,2022-08-25 13:00:00-04:00,-1,1760.12,1758.99,11.26,0.1,4,trail/stop,2022-08-25,4
2022-08-31 10:00:00-04:00,2022-08-31 13:00:00-04:00,1,1716.3,1715.26,12.04,-0.086,3,trail/stop,2022-08-31,3
2022-09-01 13:00:00-04:00,2022-09-01 14:00:00-04:00,1,1695.08,1699.6,13.23,0.342,1,trail/stop,2022-09-01,1
2022-09-06 04:00:00-04:00,2022-09-07 03:00:00-04:00,-1,1715.6,1702.51,11.37,1.151,22,trail/stop,2022-09-06,22
2022-09-08 09:00:00-04:00,2022-09-08 21:00:00-04:00,-1,1715.74,1716.62,13.27,-0.066,11,trail/stop,2022-09-08,11
2022-09-13 09:00:00-04:00,2022-09-16 07:00:00-04:00,-1,1703.7,1667.6,13.56,2.662,67,trail/stop,2022-09-13,67
2022-09-20 05:00:00-04:00,2022-09-21 02:00:00-04:00,-1,1668.8,1670.71,13.73,-0.139,20,trail/stop,2022-09-20,20
2022-09-26 03:00:00-04:00,2022-09-26 04:00:00-04:00,1,1637.86,1644.17,18.56,0.34,1,trail/stop,2022-09-26,1
2022-09-28 07:00:00-04:00,2022-09-28 08:00:00-04:00,1,1628.96,1624.57,15.94,-0.275,1,trail/stop,2022-09-28,1
2022-10-04 08:00:00-04:00,2022-10-04 09:00:00-04:00,-1,1705.74,1684.85,15.85,1.319,1,trail/stop,2022-10-04,1
2022-10-06 05:00:00-04:00,2022-10-06 08:00:00-04:00,-1,1714.1,1716.7,16.65,-0.157,3,trail/stop,2022-10-06,3
2022-10-13 09:00:00-04:00,2022-10-13 11:00:00-04:00,-1,1654.46,1658.25,15.64,-0.242,2,trail/stop,2022-10-13,2
2022-10-31 07:00:00-04:00,2022-10-31 08:00:00-04:00,1,1639.96,1636.14,13.3,-0.287,1,trail/stop,2022-10-31,1
2022-10-31 21:00:00-04:00,2022-11-01 09:00:00-04:00,1,1637.36,1644.72,12.18,0.605,12,trail/stop,2022-10-31,12
2022-11-03 10:00:00-04:00,2022-11-03 11:00:00-04:00,1,1631.28,1654.74,14.76,1.589,1,trail/stop,2022-11-03,1
2022-11-11 06:00:00-05:00,2022-11-11 07:00:00-05:00,-1,1758.06,1725.7,16.89,1.916,1,trail/stop,2022-11-11,1
2022-11-15 08:00:00-05:00,2022-11-15 13:00:00-05:00,-1,1775.24,1781.49,14.62,-0.428,5,trail/stop,2022-11-15,5
2022-11-17 14:00:00-05:00,2022-11-17 15:00:00-05:00,1,1761.0,1761.03,14.34,0.002,1,trail/stop,2022-11-17,1
2022-11-21 09:00:00-05:00,2022-11-21 10:00:00-05:00,1,1743.7,1745.79,12.34,0.17,1,trail/stop,2022-11-21,1
2022-11-23 10:00:00-05:00,2022-11-25 03:00:00-05:00,1,1742.96,1750.28,12.31,0.594,37,trail/stop,2022-11-23,37
2022-11-29 12:00:00-05:00,2022-11-29 14:00:00-05:00,-1,1751.52,1752.44,13.11,-0.07,2,trail/stop,2022-11-29,2
2022-11-30 09:00:00-05:00,2022-11-30 13:00:00-05:00,-1,1755.02,1759.78,12.12,-0.392,4,trail/stop,2022-11-30,4
2022-12-04 20:00:00-05:00,2022-12-05 04:00:00-05:00,1,1800.1,1796.23,14.15,-0.273,8,trail/stop,2022-12-04,8
2022-12-06 04:00:00-05:00,2022-12-06 05:00:00-05:00,1,1773.08,1784.35,14.27,0.79,1,trail/stop,2022-12-06,1
2022-12-08 04:00:00-05:00,2022-12-08 05:00:00-05:00,-1,1782.9,1782.55,12.05,0.029,1,trail/stop,2022-12-08,1
2022-12-09 10:00:00-05:00,2022-12-09 11:00:00-05:00,-1,1798.14,1799.4,12.64,-0.099,1,trail/stop,2022-12-09,1
2022-12-13 01:00:00-05:00,2022-12-13 04:00:00-05:00,1,1785.56,1783.87,11.92,-0.142,3,trail/stop,2022-12-13,3
2023-01-10 21:00:00-05:00,2023-01-11 00:00:00-05:00,-1,1872.92,1882.61,12.39,-0.783,3,trail/stop,2023-01-10,3
2023-01-11 08:00:00-05:00,2023-01-11 20:00:00-05:00,-1,1877.1,1878.76,12.59,-0.132,11,trail/stop,2023-01-11,11
2023-01-12 11:00:00-05:00,2023-01-12 12:00:00-05:00,-1,1888.72,1887.34,14.41,0.096,1,trail/stop,2023-01-12,1
2023-01-24 09:00:00-05:00,2023-01-24 10:00:00-05:00,-1,1932.36,1933.0,13.57,-0.047,1,trail/stop,2023-01-24,1
2023-02-03 08:00:00-05:00,2023-02-03 08:00:00-05:00,1,1915.44,1897.78,17.65,-1.0,0,trail/stop,2023-02-03,0
2023-02-09 11:00:00-05:00,2023-02-10 03:00:00-05:00,-1,1874.08,1867.96,16.9,0.362,15,trail/stop,2023-02-09,15
2023-02-13 02:00:00-05:00,2023-02-13 05:00:00-05:00,1,1863.0,1854.41,15.73,-0.546,3,trail/stop,2023-02-13,3
2023-02-13 07:00:00-05:00,2023-02-13 11:00:00-05:00,1,1862.3,1852.51,16.35,-0.598,4,trail/stop,2023-02-13,4
2023-02-15 12:00:00-05:00,2023-02-15 13:00:00-05:00,1,1836.84,1844.08,16.28,0.445,1,trail/stop,2023-02-15,1
2023-02-16 12:00:00-05:00,2023-02-16 19:00:00-05:00,1,1841.0,1831.03,17.94,-0.556,6,trail/stop,2023-02-16,6
2023-02-20 11:00:00-05:00,2023-02-21 09:00:00-05:00,-1,1843.14,1841.06,13.79,0.151,19,trail/stop,2023-02-20,19
2023-03-06 05:00:00-05:00,2023-03-06 06:00:00-05:00,-1,1851.3,1849.69,10.76,0.15,1,trail/stop,2023-03-06,1
2023-03-10 06:00:00-05:00,2023-03-10 07:00:00-05:00,-1,1832.74,1826.36,11.01,0.579,1,trail/stop,2023-03-10,1
2023-03-13 21:00:00-04:00,2023-03-13 22:00:00-04:00,-1,1906.06,1893.97,22.51,0.537,1,trail/stop,2023-03-13,1
2023-03-27 15:00:00-04:00,2023-03-27 16:00:00-04:00,1,1956.12,1958.75,20.6,0.128,1,trail/stop,2023-03-27,1
2023-03-31 04:00:00-04:00,2023-03-31 05:00:00-04:00,-1,1975.18,1977.04,13.18,-0.142,1,trail/stop,2023-03-31,1
2023-04-13 16:00:00-04:00,2023-04-13 18:00:00-04:00,-1,2040.32,2031.34,16.67,0.539,1,trail/stop,2023-04-13,1
2023-04-27 09:00:00-04:00,2023-04-27 13:00:00-04:00,-1,1985.62,1990.62,16.87,-0.296,4,trail/stop,2023-04-27,4
2023-04-27 22:00:00-04:00,2023-04-27 23:00:00-04:00,1,1990.64,1988.44,15.17,-0.145,1,trail/stop,2023-04-27,1
2023-04-28 10:00:00-04:00,2023-04-30 23:00:00-04:00,1,1986.98,1980.98,15.87,-0.378,12,trail/stop,2023-04-28,12
2023-05-10 11:00:00-04:00,2023-05-10 20:00:00-04:00,-1,2028.96,2034.17,13.4,-0.389,8,trail/stop,2023-05-10,8
2023-05-12 09:00:00-04:00,2023-05-14 18:00:00-04:00,1,2014.26,2007.51,17.08,-0.395,8,trail/stop,2023-05-12,8
2023-05-17 08:00:00-04:00,2023-05-17 09:00:00-04:00,1,1987.62,1996.66,11.88,0.76,1,trail/stop,2023-05-17,1
2023-05-22 08:00:00-04:00,2023-05-22 09:00:00-04:00,-1,1972.88,1971.45,14.33,0.1,1,trail/stop,2023-05-22,1
2023-05-24 10:00:00-04:00,2023-05-25 09:00:00-04:00,-1,1972.46,1953.92,14.22,1.304,22,trail/stop,2023-05-24,22
2023-05-25 22:00:00-04:00,2023-05-25 23:00:00-04:00,1,1946.94,1950.61,14.32,0.257,1,trail/stop,2023-05-25,1
2023-05-30 22:00:00-04:00,2023-05-30 23:00:00-04:00,-1,1954.74,1942.56,10.71,1.136,1,trail/stop,2023-05-30,1
2023-05-31 04:00:00-04:00,2023-05-31 08:00:00-04:00,-1,1956.0,1961.98,11.07,-0.539,4,trail/stop,2023-05-31,4
2023-06-06 10:00:00-04:00,2023-06-06 21:00:00-04:00,-1,1957.16,1965.82,13.5,-0.642,10,trail/stop,2023-06-06,10
2023-06-07 10:00:00-04:00,2023-06-07 10:00:00-04:00,1,1969.62,1957.54,12.09,-1.0,0,trail/stop,2023-06-07,0
2023-06-09 04:00:00-04:00,2023-06-09 05:00:00-04:00,-1,1963.12,1956.92,12.13,0.511,1,trail/stop,2023-06-09,1
2023-06-14 04:00:00-04:00,2023-06-14 05:00:00-04:00,1,1949.78,1958.58,12.73,0.692,1,trail/stop,2023-06-14,1
2023-06-15 10:00:00-04:00,2023-06-16 10:00:00-04:00,1,1952.98,1953.44,16.43,0.028,23,trail/stop,2023-06-15,23
2023-06-20 03:00:00-04:00,2023-06-20 08:00:00-04:00,1,1951.36,1948.53,10.54,-0.268,5,trail/stop,2023-06-20,5
2023-06-20 23:00:00-04:00,2023-06-21 00:00:00-04:00,1,1937.24,1946.92,10.19,0.951,1,trail/stop,2023-06-20,1
2023-06-26 10:00:00-04:00,2023-06-26 21:00:00-04:00,-1,1924.4,1930.35,12.73,-0.467,10,trail/stop,2023-06-26,10
2023-06-28 10:00:00-04:00,2023-06-28 11:00:00-04:00,1,1910.0,1906.2,11.04,-0.344,1,trail/stop,2023-06-28,1
2023-06-29 07:00:00-04:00,2023-06-29 08:00:00-04:00,1,1910.0,1902.61,11.02,-0.67,1,trail/stop,2023-06-29,1
2023-06-29 11:00:00-04:00,2023-06-30 04:00:00-04:00,1,1911.1,1902.41,12.77,-0.681,16,trail/stop,2023-06-29,16
2023-07-03 03:00:00-04:00,2023-07-03 04:00:00-04:00,-1,1915.02,1912.56,11.3,0.218,1,trail/stop,2023-07-03,1
2023-07-06 07:00:00-04:00,2023-07-06 08:00:00-04:00,1,1924.94,1926.01,9.21,0.117,1,trail/stop,2023-07-06,1
2023-07-06 09:00:00-04:00,2023-07-07 01:00:00-04:00,-1,1906.22,1913.35,10.46,-0.681,15,trail/stop,2023-07-06,15
2023-07-17 12:00:00-04:00,2023-07-18 08:00:00-04:00,1,1954.74,1961.83,11.47,0.618,19,trail/stop,2023-07-17,19
2023-07-21 13:00:00-04:00,2023-07-21 15:00:00-04:00,1,1963.66,1963.02,11.55,-0.056,2,trail/stop,2023-07-21,2
2023-07-24 22:00:00-04:00,2023-07-25 07:00:00-04:00,1,1962.76,1957.98,10.08,-0.474,9,trail/stop,2023-07-24,9
2023-07-26 10:00:00-04:00,2023-07-26 11:00:00-04:00,-1,1966.52,1971.57,10.5,-0.482,1,trail/stop,2023-07-26,1
2023-07-26 19:00:00-04:00,2023-07-26 20:00:00-04:00,-1,1973.22,1972.66,11.08,0.05,1,trail/stop,2023-07-26,1
2023-07-27 06:00:00-04:00,2023-07-27 07:00:00-04:00,-1,1975.3,1975.44,11.88,-0.012,1,trail/stop,2023-07-27,1
2023-08-03 04:00:00-04:00,2023-08-03 05:00:00-04:00,1,1937.02,1943.79,11.24,0.602,1,trail/stop,2023-08-03,1
2023-08-08 06:00:00-04:00,2023-08-08 07:00:00-04:00,1,1935.04,1931.58,10.28,-0.337,1,trail/stop,2023-08-08,1
2023-08-10 14:00:00-04:00,2023-08-11 08:00:00-04:00,-1,1913.54,1920.2,10.22,-0.651,17,trail/stop,2023-08-10,17
2023-08-14 04:00:00-04:00,2023-08-14 08:00:00-04:00,1,1914.62,1911.38,10.02,-0.323,4,trail/stop,2023-08-14,4
2023-08-16 11:00:00-04:00,2023-08-16 13:00:00-04:00,1,1904.78,1897.68,9.92,-0.716,2,trail/stop,2023-08-16,2
2023-09-01 11:00:00-04:00,2023-09-03 21:00:00-04:00,-1,1939.98,1942.21,8.77,-0.254,9,trail/stop,2023-09-01,9
2023-09-05 09:00:00-04:00,2023-09-05 10:00:00-04:00,1,1933.86,1932.35,7.88,-0.193,1,trail/stop,2023-09-05,1
2023-09-11 11:00:00-04:00,2023-09-11 23:00:00-04:00,-1,1922.5,1924.27,8.98,-0.196,11,trail/stop,2023-09-11,11
2023-09-13 01:00:00-04:00,2023-09-13 02:00:00-04:00,1,1911.78,1913.91,7.71,0.277,1,trail/stop,2023-09-13,1
2023-09-13 21:00:00-04:00,2023-09-14 01:00:00-04:00,1,1912.78,1907.97,7.92,-0.607,4,trail/stop,2023-09-13,4
2023-09-14 11:00:00-04:00,2023-09-19 14:00:00-04:00,1,1908.64,1930.3,9.13,2.373,72,trail/stop,2023-09-14,72
2023-09-21 14:00:00-04:00,2023-09-21 15:00:00-04:00,1,1920.58,1924.24,9.81,0.373,1,trail/stop,2023-09-21,1
2023-09-24 20:00:00-04:00,2023-09-29 01:00:00-04:00,-1,1924.66,1867.71,8.48,6.716,97,trail/stop,2023-09-24,97
2023-09-29 02:00:00-04:00,2023-09-29 07:00:00-04:00,1,1867.48,1869.1,10.62,0.152,5,trail/stop,2023-09-29,5
2023-10-04 05:00:00-04:00,2023-10-04 09:00:00-04:00,1,1823.08,1820.42,13.68,-0.194,4,trail/stop,2023-10-04,4
2023-10-06 11:00:00-04:00,2023-10-12 09:00:00-04:00,1,1823.7,1875.58,12.18,4.261,90,trail/stop,2023-10-06,90
2023-10-18 12:00:00-04:00,2023-10-18 13:00:00-04:00,-1,1945.1,1933.23,14.56,0.815,1,trail/stop,2023-10-18,1
2023-10-31 08:00:00-04:00,2023-10-31 09:00:00-04:00,-1,1995.46,2004.33,13.64,-0.65,1,trail/stop,2023-10-31,1
2023-10-31 11:00:00-04:00,2023-11-01 07:00:00-04:00,-1,1994.08,1987.2,14.47,0.476,19,trail/stop,2023-10-31,19
2023-11-03 11:00:00-04:00,2023-11-07 13:00:00-05:00,-1,1991.6,1968.79,13.66,1.67,47,trail/stop,2023-11-03,47
2023-11-08 09:00:00-05:00,2023-11-08 10:00:00-05:00,1,1964.96,1960.77,10.22,-0.411,1,trail/stop,2023-11-08,1
2023-11-09 09:00:00-05:00,2023-11-10 02:00:00-05:00,1,1950.62,1954.68,11.22,0.362,16,trail/stop,2023-11-09,16
2023-11-28 03:00:00-05:00,2023-11-28 04:00:00-05:00,-1,2013.36,2015.93,10.48,-0.245,1,trail/stop,2023-11-28,1
2023-12-07 10:00:00-05:00,2023-12-07 22:00:00-05:00,-1,2026.28,2033.69,15.57,-0.476,11,trail/stop,2023-12-07,11
2023-12-13 04:00:00-05:00,2023-12-13 05:00:00-05:00,1,1980.38,1984.6,12.3,0.343,1,trail/stop,2023-12-13,1
2023-12-18 08:00:00-05:00,2023-12-18 09:00:00-05:00,1,2023.66,2024.3,14.48,0.044,1,trail/stop,2023-12-18,1
2023-12-22 12:00:00-05:00,2023-12-22 13:00:00-05:00,-1,2053.1,2053.4,14.89,-0.019,1,trail/stop,2023-12-22,1
2023-12-27 06:00:00-05:00,2023-12-27 07:00:00-05:00,-1,2064.56,2066.66,12.45,-0.169,1,trail/stop,2023-12-27,1
2024-01-04 11:00:00-05:00,2024-01-05 05:00:00-05:00,1,2045.22,2037.93,15.52,-0.47,17,trail/stop,2024-01-04,17
2024-01-05 10:00:00-05:00,2024-01-05 11:00:00-05:00,1,2047.08,2049.09,14.81,0.136,1,trail/stop,2024-01-05,1
2024-01-07 21:00:00-05:00,2024-01-07 22:00:00-05:00,-1,2043.6,2037.72,13.54,0.434,1,trail/stop,2024-01-07,1
2024-01-08 11:00:00-05:00,2024-01-08 12:00:00-05:00,1,2034.24,2034.52,15.99,0.018,1,trail/stop,2024-01-08,1
2024-01-15 06:00:00-05:00,2024-01-18 07:00:00-05:00,-1,2052.93,2015.8,16.06,2.312,68,trail/stop,2024-01-15,68
2024-01-24 10:00:00-05:00,2024-01-25 08:00:00-05:00,-1,2024.42,2022.85,12.8,0.123,21,trail/stop,2024-01-24,21
2024-01-29 10:00:00-05:00,2024-01-29 12:00:00-05:00,-1,2024.5,2029.04,13.22,-0.344,2,trail/stop,2024-01-29,2
2024-01-30 11:00:00-05:00,2024-01-31 03:00:00-05:00,-1,2032.6,2038.73,14.19,-0.432,15,trail/stop,2024-01-30,15
2024-02-02 09:00:00-05:00,2024-02-05 20:00:00-05:00,-1,2031.66,2027.7,16.84,0.235,33,trail/stop,2024-02-02,33
2024-02-07 04:00:00-05:00,2024-02-07 05:00:00-05:00,-1,2032.76,2033.91,11.32,-0.102,1,trail/stop,2024-02-07,1
2024-02-07 13:00:00-05:00,2024-02-08 09:00:00-05:00,-1,2035.46,2031.88,11.42,0.314,19,trail/stop,2024-02-07,19
2024-02-13 09:00:00-05:00,2024-02-14 13:00:00-05:00,-1,2004.34,1995.82,11.21,0.759,27,trail/stop,2024-02-13,27
2024-02-16 09:00:00-05:00,2024-02-16 10:00:00-05:00,-1,2001.42,2005.17,9.7,-0.387,1,trail/stop,2024-02-16,1
2024-02-20 11:00:00-05:00,2024-02-20 12:00:00-05:00,-1,2027.22,2023.65,10.75,0.332,1,trail/stop,2024-02-20,1
2024-02-29 09:00:00-05:00,2024-03-01 03:00:00-05:00,1,2047.62,2041.84,9.52,-0.608,17,trail/stop,2024-02-29,17
2024-03-07 07:00:00-05:00,2024-03-07 08:00:00-05:00,-1,2155.77,2149.26,17.73,0.367,1,trail/stop,2024-03-07,1
2024-03-25 21:00:00-04:00,2024-03-26 03:00:00-04:00,-1,2169.27,2177.34,14.75,-0.548,6,trail/stop,2024-03-25,6
2024-04-02 09:00:00-04:00,2024-04-02 10:00:00-04:00,-1,2257.46,2257.69,23.82,-0.01,1,trail/stop,2024-04-02,1
2024-04-17 12:00:00-04:00,2024-04-18 02:00:00-04:00,-1,2382.1,2379.86,29.05,0.077,13,trail/stop,2024-04-17,13
2024-05-06 22:00:00-04:00,2024-05-08 11:00:00-04:00,-1,2322.68,2320.2,21.09,0.117,36,trail/stop,2024-05-06,36
2024-05-13 22:00:00-04:00,2024-05-14 02:00:00-04:00,1,2342.02,2339.9,17.19,-0.123,4,trail/stop,2024-05-13,4
2024-05-15 10:00:00-04:00,2024-05-15 11:00:00-04:00,-1,2357.69,2364.46,17.63,-0.384,1,trail/stop,2024-05-15,1
2024-05-16 03:00:00-04:00,2024-05-16 04:00:00-04:00,-1,2387.26,2370.7,18.67,0.887,1,trail/stop,2024-05-16,1
2024-05-20 07:00:00-04:00,2024-05-20 08:00:00-04:00,-1,2436.2,2414.39,21.01,1.038,1,trail/stop,2024-05-20,1
2024-05-24 01:00:00-04:00,2024-05-24 02:00:00-04:00,1,2335.15,2346.75,23.13,0.501,1,trail/stop,2024-05-24,1
2024-05-31 11:00:00-04:00,2024-06-03 06:00:00-04:00,-1,2334.98,2333.23,19.04,0.092,18,trail/stop,2024-05-31,18
2024-06-04 03:00:00-04:00,2024-06-04 22:00:00-04:00,-1,2344.42,2333.14,18.44,0.611,18,trail/stop,2024-06-04,18
2024-06-06 22:00:00-04:00,2024-06-06 23:00:00-04:00,-1,2370.93,2370.46,16.83,0.028,1,trail/stop,2024-06-06,1
2024-06-07 03:00:00-04:00,2024-06-07 04:00:00-04:00,-1,2375.38,2371.79,18.48,0.194,1,trail/stop,2024-06-07,1
2024-06-13 09:00:00-04:00,2024-06-13 10:00:00-04:00,1,2323.44,2319.84,19.23,-0.188,1,trail/stop,2024-06-13,1
2024-06-19 06:00:00-04:00,2024-06-19 07:00:00-04:00,-1,2328.02,2325.47,14.2,0.18,1,trail/stop,2024-06-19,1
2024-06-21 03:00:00-04:00,2024-06-21 04:00:00-04:00,-1,2358.37,2345.89,14.2,0.879,1,trail/stop,2024-06-21,1
2024-06-24 04:00:00-04:00,2024-06-24 05:00:00-04:00,1,2330.94,2350.64,18.56,1.062,1,trail/stop,2024-06-24,1
2024-06-25 05:00:00-04:00,2024-06-25 09:00:00-04:00,1,2329.58,2320.51,16.75,-0.542,4,trail/stop,2024-06-25,4
2024-06-26 23:00:00-04:00,2024-06-27 00:00:00-04:00,1,2299.38,2302.6,16.03,0.201,1,trail/stop,2024-06-26,1
2024-07-04 00:00:00-04:00,2024-07-04 01:00:00-04:00,-1,2357.98,2347.98,15.23,0.656,1,trail/stop,2024-07-04,1
2024-07-05 06:00:00-04:00,2024-07-05 08:00:00-04:00,-1,2362.28,2366.86,12.9,-0.355,2,trail/stop,2024-07-05,2
2024-07-07 23:00:00-04:00,2024-07-08 00:00:00-04:00,-1,2382.81,2365.95,13.75,1.225,1,trail/stop,2024-07-07,1
2024-07-16 09:00:00-04:00,2024-07-16 10:00:00-04:00,-1,2432.42,2437.17,17.16,-0.277,1,trail/stop,2024-07-16,1
2024-07-25 16:00:00-04:00,2024-07-25 18:00:00-04:00,1,2362.12,2378.63,22.61,0.73,1,trail/stop,2024-07-25,1
2024-08-02 11:00:00-04:00,2024-08-02 12:00:00-04:00,-1,2431.35,2437.94,26.24,-0.251,1,trail/stop,2024-08-02,1
2024-08-15 09:00:00-04:00,2024-08-15 10:00:00-04:00,-1,2440.88,2451.84,18.96,-0.578,1,trail/stop,2024-08-15,1
2024-08-20 12:00:00-04:00,2024-08-20 16:00:00-04:00,-1,2508.29,2516.47,21.57,-0.38,4,trail/stop,2024-08-20,4
2024-08-26 10:00:00-04:00,2024-08-26 12:00:00-04:00,-1,2515.72,2518.87,17.13,-0.184,2,trail/stop,2024-08-26,2
2024-08-27 11:00:00-04:00,2024-08-27 22:00:00-04:00,1,2514.75,2513.68,17.16,-0.063,10,trail/stop,2024-08-27,10
2024-08-29 09:00:00-04:00,2024-08-29 10:00:00-04:00,-1,2508.96,2513.26,16.87,-0.255,1,trail/stop,2024-08-29,1
2024-08-30 07:00:00-04:00,2024-09-02 04:00:00-04:00,-1,2515.12,2507.02,16.74,0.484,20,trail/stop,2024-08-30,20
2024-09-05 22:00:00-04:00,2024-09-05 23:00:00-04:00,-1,2513.58,2508.98,15.34,0.3,1,trail/stop,2024-09-05,1
2024-09-06 04:00:00-04:00,2024-09-06 05:00:00-04:00,-1,2516.29,2519.08,15.44,-0.181,1,trail/stop,2024-09-06,1
2024-09-11 07:00:00-04:00,2024-09-11 08:00:00-04:00,-1,2521.56,2514.61,14.33,0.485,1,trail/stop,2024-09-11,1
2024-09-23 03:00:00-04:00,2024-09-23 05:00:00-04:00,-1,2624.24,2621.47,18.91,0.146,2,trail/stop,2024-09-23,2
2024-09-24 02:00:00-04:00,2024-09-24 06:00:00-04:00,-1,2625.22,2631.65,17.23,-0.374,4,trail/stop,2024-09-24,4
2024-09-26 10:00:00-04:00,2024-09-26 11:00:00-04:00,-1,2660.65,2670.14,20.49,-0.463,1,trail/stop,2024-09-26,1
2024-10-09 02:00:00-04:00,2024-10-09 03:00:00-04:00,1,2619.72,2630.81,22.04,0.503,1,trail/stop,2024-10-09,1
2024-10-14 05:00:00-04:00,2024-10-14 06:00:00-04:00,-1,2659.34,2657.28,18.55,0.111,1,trail/stop,2024-10-14,1
2024-10-15 11:00:00-04:00,2024-10-16 11:00:00-04:00,1,2659.9,2667.71,18.51,0.422,23,trail/stop,2024-10-15,23
2024-10-17 00:00:00-04:00,2024-10-17 01:00:00-04:00,-1,2676.5,2683.1,17.09,-0.386,1,trail/stop,2024-10-17,1
2024-10-21 02:00:00-04:00,2024-10-21 03:00:00-04:00,-1,2724.67,2719.43,17.85,0.293,1,trail/stop,2024-10-21,1
2024-10-29 06:00:00-04:00,2024-10-29 07:00:00-04:00,-1,2749.75,2751.15,18.5,-0.076,1,trail/stop,2024-10-29,1
2024-10-30 04:00:00-04:00,2024-10-30 05:00:00-04:00,-1,2781.26,2763.6,18.21,0.969,1,trail/stop,2024-10-30,1
2024-11-04 05:00:00-05:00,2024-11-04 06:00:00-05:00,1,2743.42,2741.69,20.52,-0.084,1,trail/stop,2024-11-04,1
2024-11-07 01:00:00-05:00,2024-11-07 02:00:00-05:00,1,2659.24,2702.92,31.04,1.407,1,trail/stop,2024-11-07,1
2024-11-19 03:00:00-05:00,2024-11-19 04:00:00-05:00,-1,2618.91,2610.41,20.8,0.408,1,trail/stop,2024-11-19,1
2024-11-20 00:00:00-05:00,2024-11-20 01:00:00-05:00,-1,2636.4,2635.68,19.3,0.037,1,trail/stop,2024-11-20,1
2024-11-24 21:00:00-05:00,2024-11-25 06:00:00-05:00,-1,2701.19,2683.84,22.83,0.76,9,trail/stop,2024-11-24,9
2024-12-03 15:00:00-05:00,2024-12-04 09:00:00-05:00,-1,2640.84,2651.01,21.86,-0.465,17,trail/stop,2024-12-03,17
2024-12-19 02:00:00-05:00,2024-12-19 03:00:00-05:00,1,2613.1,2627.5,21.79,0.661,1,trail/stop,2024-12-19,1
2025-01-03 01:00:00-05:00,2025-01-03 02:00:00-05:00,-1,2658.46,2647.95,16.89,0.622,1,trail/stop,2025-01-03,1
2025-01-06 11:00:00-05:00,2025-01-07 10:00:00-05:00,1,2634.64,2645.42,20.66,0.521,20,trail/stop,2025-01-06,20
2025-01-08 20:00:00-05:00,2025-01-08 22:00:00-05:00,-1,2659.7,2661.34,16.51,-0.1,2,trail/stop,2025-01-08,2
2025-01-15 11:00:00-05:00,2025-01-15 12:00:00-05:00,-1,2678.52,2684.23,17.52,-0.326,1,trail/stop,2025-01-15,1
2025-01-24 11:00:00-05:00,2025-01-24 12:00:00-05:00,-1,2775.78,2768.42,17.27,0.426,1,trail/stop,2025-01-24,1
2025-02-05 09:00:00-05:00,2025-02-05 10:00:00-05:00,-1,2861.71,2855.0,22.3,0.301,1,trail/stop,2025-02-05,1
2025-02-12 10:00:00-05:00,2025-02-14 08:00:00-05:00,1,2894.42,2919.19,28.3,0.875,44,trail/stop,2025-02-12,44
2025-02-19 07:00:00-05:00,2025-02-19 08:00:00-05:00,-1,2933.74,2935.87,19.7,-0.109,1,trail/stop,2025-02-19,1
2025-02-26 11:00:00-05:00,2025-02-26 21:00:00-05:00,1,2913.14,2905.84,26.22,-0.279,9,trail/stop,2025-02-26,9
2025-02-27 13:00:00-05:00,2025-02-27 14:00:00-05:00,1,2883.25,2893.66,27.81,0.374,1,trail/stop,2025-02-27,1
2025-03-04 02:00:00-05:00,2025-03-04 03:00:00-05:00,-1,2887.15,2888.64,24.55,-0.061,1,trail/stop,2025-03-04,1
2025-03-04 10:00:00-05:00,2025-03-04 11:00:00-05:00,-1,2903.32,2905.04,26.54,-0.065,1,trail/stop,2025-03-04,1
2025-03-07 12:00:00-05:00,2025-03-11 03:00:00-04:00,-1,2913.84,2904.41,26.88,0.351,38,trail/stop,2025-03-07,38
2025-03-13 08:00:00-04:00,2025-03-13 09:00:00-04:00,-1,2942.18,2940.13,18.44,0.111,1,trail/stop,2025-03-13,1
2025-03-17 08:00:00-04:00,2025-03-17 09:00:00-04:00,-1,2987.0,2999.95,21.95,-0.59,1,trail/stop,2025-03-17,1
2025-03-19 03:00:00-04:00,2025-03-19 06:00:00-04:00,-1,3035.68,3038.5,18.78,-0.15,3,trail/stop,2025-03-19,3
2025-03-26 05:00:00-04:00,2025-03-26 21:00:00-04:00,-1,3018.52,3029.19,19.3,-0.553,15,trail/stop,2025-03-26,15
2025-03-31 10:00:00-04:00,2025-03-31 11:00:00-04:00,-1,3113.3,3101.68,28.68,0.405,1,trail/stop,2025-03-31,1
2025-04-04 07:00:00-04:00,2025-04-04 08:00:00-04:00,1,3110.35,3089.6,45.53,-0.456,1,trail/stop,2025-04-04,1
2025-04-08 22:00:00-04:00,2025-04-09 14:00:00-04:00,1,3008.76,3049.97,56.12,0.734,16,trail/stop,2025-04-08,16
2025-04-16 22:00:00-04:00,2025-04-16 23:00:00-04:00,-1,3323.79,3303.96,34.05,0.582,1,trail/stop,2025-04-16,1
2025-04-22 04:00:00-04:00,2025-04-22 05:00:00-04:00,-1,3468.48,3433.77,46.25,0.751,1,trail/stop,2025-04-22,1
2025-05-01 10:00:00-04:00,2025-05-01 11:00:00-04:00,1,3224.46,3270.83,43.2,1.074,1,trail/stop,2025-05-01,1
2025-05-02 12:00:00-04:00,2025-05-04 21:00:00-04:00,-1,3231.48,3256.18,44.97,-0.549,8,trail/stop,2025-05-02,8
2025-05-06 19:00:00-04:00,2025-05-06 20:00:00-04:00,-1,3381.46,3373.05,42.48,0.198,1,trail/stop,2025-05-06,1
2025-05-27 14:00:00-04:00,2025-05-27 15:00:00-04:00,1,3301.4,3319.6,31.2,0.584,1,trail/stop,2025-05-27,1
2025-06-01 19:00:00-04:00,2025-06-03 00:00:00-04:00,1,3313.18,3359.35,37.17,1.242,28,trail/stop,2025-06-01,28
