id,symbol,tf,family,params,rr_plan,n,tpm,wr,rr_real,avg_r,net,tr,ho,n_ho,stress3x,stress3x_status,verdict,plateau
ZB-PIV5-XAGUSD-M15-pad0.1-rr2,XAGUSD,M15,PIV5,pad0.1,2.0,2131,42.012720207253885,28.53120600656969,2.000916753664776,-0.1437363735026543,-306.3022119341564,-201.0,-105.30221193415636,1264,-536.2,Fail,REJECT,0.0
ZB-PIV5-XAGUSD-M15-pad0.1-rr3,XAGUSD,M15,PIV5,pad0.1,3.0,1906,37.57683937823834,21.61594963273872,2.962937992828495,-0.1432414813250284,-273.01826340550423,-214.8184238520491,-58.19983955345509,1117,-516.4,Fail,REJECT,0.0
ZB-PIV5-XAGUSD-M15-pad0.25-rr2,XAGUSD,M15,PIV5,pad0.25,2.0,2118,41.756424870466326,27.7148253068933,2.000911961128203,-0.1682257846714619,-356.3022119341564,-219.0,-137.3022119341564,1254,-530.1,Fail,REJECT,0.0
ZB-PIV5-XAGUSD-M15-pad0.25-rr3,XAGUSD,M15,PIV5,pad0.25,3.0,1890,37.26139896373057,21.904761904761905,2.9480780834617155,-0.1348298644095667,-254.8284437340812,-189.5967815118036,-65.2316622222776,1115,-519.9,Fail,REJECT,0.0
"ZB-BOX-XAGUSD-M15-N24,tight2.5-rr2",XAGUSD,M15,BOX,"N24,tight2.5",2.0,436,8.595751295336788,26.605504587155966,1.995211213450548,-0.2031089432104046,-88.55549923973642,-60.0,-28.55549923973642,214,-128.5,Fail,REJECT,0.0
"ZB-BOX-XAGUSD-M15-N24,tight2.5-rr3",XAGUSD,M15,BOX,"N24,tight2.5",3.0,417,8.221165803108809,22.30215827338129,2.892826499397529,-0.1318156727962346,-54.96713555602986,-49.41163631629345,-5.555499239736411,208,-75.1,Fail,REJECT,0.0
ZB-CMPX-XAGUSD-M15-q0.25-rr2,XAGUSD,M15,CMPX,q0.25,2.0,883,17.40836787564767,28.65232163080408,2.0,-0.1404303510758777,-124.0,-81.0,-43.0,481,-252.0,Fail,REJECT,0.0
ZB-CMPX-XAGUSD-M15-q0.25-rr3,XAGUSD,M15,CMPX,q0.25,3.0,805,15.87059585492228,21.490683229813666,3.0,-0.1403726708074534,-113.0,-88.0,-25.0,437,-182.8,Fail,REJECT,0.0
ZB-PIV5-XAGUSD-M30-pad0.1-rr2,XAGUSD,M30,PIV5,pad0.1,2.0,2717,27.20575,28.74493927125506,1.9421918727183527,-0.1533978767770404,-416.7820312032189,-338.1481271179283,-78.63390408529055,838,-672.9,Fail,REJECT,0.0
ZB-PIV5-XAGUSD-M30-pad0.1-rr3,XAGUSD,M30,PIV5,pad0.1,3.0,2330,23.33065789473684,24.29184549356223,2.593454053183952,-0.1256978961147798,-292.8760979474371,-232.775023795898,-60.101074151539066,704,-575.1,Fail,REJECT,0.0
ZB-PIV5-XAGUSD-M30-pad0.25-rr2,XAGUSD,M30,PIV5,pad0.25,2.0,2619,26.22446052631579,29.667812142038947,1.938877936663496,-0.1275464019131428,-334.0440266105212,-298.5648536435278,-35.479172966993374,814,-608.3,Fail,REJECT,0.0
ZB-PIV5-XAGUSD-M30-pad0.25-rr3,XAGUSD,M30,PIV5,pad0.25,3.0,2265,22.679802631578948,24.591611479028696,2.57501801281928,-0.1197100359308465,-271.14323138336744,-219.48925315983,-51.65397822353748,698,-542.3,Fail,REJECT,0.0
"ZB-BOX-XAGUSD-M30-N24,tight2.5-rr2",XAGUSD,M30,BOX,"N24,tight2.5",2.0,379,3.794986842105264,27.176781002638524,1.9341338703107367,-0.2008124160255208,-76.10790567367242,-59.107905673672434,-16.99999999999999,80,-138.3,Fail,REJECT,0.0
"ZB-BOX-XAGUSD-M30-N24,tight2.5-rr3",XAGUSD,M30,BOX,"N24,tight2.5",3.0,373,3.734907894736842,20.91152815013405,2.471267380214221,-0.2676717833242527,-99.84157517994625,-80.30146524463152,-19.54010993531473,78,-131.1,Fail,REJECT,0.0
ZB-CMPX-XAGUSD-M30-q0.25-rr2,XAGUSD,M30,CMPX,q0.25,2.0,673,6.738855263157895,30.60921248142645,1.9823833744022183,-0.0870483475996494,-58.58353793456406,-34.80947743960531,-23.77406049495876,212,-136.9,Fail,REJECT,0.0
ZB-CMPX-XAGUSD-M30-q0.25-rr3,XAGUSD,M30,CMPX,q0.25,3.0,618,6.1881315789473685,24.59546925566343,2.8129886985554644,-0.0617426681375671,-38.15696890901648,-14.30455236956895,-23.852416539447525,196,-140.0,Fail,REJECT,0.0
ZB-PIV5-XAGUSD-H1-pad0.1-rr2,XAGUSD,H1,PIV5,pad0.1,2.0,2626,14.271637207641492,31.49276466108149,1.941740076176628,-0.0732037831364838,-192.23313451640664,-181.4781459035458,-10.754988612860842,441,-421.6,Fail,REJECT,0.0
ZB-PIV5-XAGUSD-H1-pad0.1-rr3,XAGUSD,H1,PIV5,pad0.1,3.0,2245,12.200999821460456,25.701559020044545,2.6699275567608862,-0.0563475425975208,-126.5002331314344,-110.90058461062642,-15.599648520807964,362,-383.5,Fail,REJECT,0.0
ZB-PIV5-XAGUSD-H1-pad0.25-rr2,XAGUSD,H1,PIV5,pad0.25,2.0,2552,13.869466166755938,31.152037617554857,1.9480682098897035,-0.0811600721283456,-207.1205040715382,-185.3655154586773,-21.75498861286084,419,-423.6,Fail,REJECT,0.0
ZB-PIV5-XAGUSD-H1-pad0.25-rr3,XAGUSD,H1,PIV5,pad0.25,3.0,2194,11.923827887877168,25.70647219690064,2.678378358043666,-0.0539347712806757,-118.33288818980256,-95.6816045143168,-22.651283675485782,354,-354.7,Fail,REJECT,0.0
"ZB-BOX-XAGUSD-H1-N24,tight2.5-rr2",XAGUSD,H1,BOX,"N24,tight2.5",2.0,125,0.679342974468845,41.6,1.9095216238188544,0.2103609955086433,26.29512443858041,17.295124438580416,9.0,18,9.5,Pass,DEPLOY-CANDIDATE,1.0
"ZB-BOX-XAGUSD-H1-N24,tight2.5-rr3",XAGUSD,H1,BOX,"N24,tight2.5",3.0,124,0.6739082306730941,33.87096774193548,2.57445907331711,0.2083380134057162,25.833913662308813,21.827813364973583,4.006100297335227,18,9.2,Pass,DEPLOY-CANDIDATE,1.0
ZB-CMPX-XAGUSD-H1-q0.25-rr2,XAGUSD,H1,CMPX,q0.25,2.0,684,3.7173647562935193,32.89473684210527,1.9772903996563875,-0.0206281580077672,-14.109660077312803,-18.934436131496778,4.824776054183978,105,-110.7,Fail,REJECT,0.0
ZB-CMPX-XAGUSD-H1-q0.25-rr3,XAGUSD,H1,CMPX,q0.25,3.0,614,3.336932690590966,25.0814332247557,2.845053969295966,-0.0356053562352136,-21.861688728421164,-27.06007547547017,5.198386747049009,90,-70.0,Fail,REJECT,0.0
ZB-PIV5-XAGUSD-H4-pad0.1-rr2,XAGUSD,H4,PIV5,pad0.1,2.0,781,4.244534904481343,35.59539052496799,1.866730302695496,0.0202478532375642,15.813573378537647,11.034843311130905,4.7787300674067446,134,-35.6,Fail,REJECT,1.0
ZB-PIV5-XAGUSD-H4-pad0.1-rr3,XAGUSD,H4,PIV5,pad0.1,3.0,687,3.733668987680772,31.877729257641924,2.3516139419456,0.0672731426249822,46.21664898336278,33.72619789110219,12.49045109226059,119,25.3,Pass,DEPLOY-CANDIDATE,1.0
ZB-PIV5-XAGUSD-H4-pad0.25-rr2,XAGUSD,H4,PIV5,pad0.25,2.0,750,4.07605784681307,36.0,1.8682366176262684,0.0322331768514837,24.1748826386128,16.502443006034447,7.672439632578353,128,-30.1,Fail,REJECT,1.0
ZB-PIV5-XAGUSD-H4-pad0.25-rr3,XAGUSD,H4,PIV5,pad0.25,3.0,663,3.603235136582753,32.880844645550525,2.356251395054701,0.1018064111106241,67.4976505663438,50.1134899089116,17.3841606574322,114,36.3,Pass,DEPLOY-CANDIDATE,1.0
"ZB-BOX-XAGUSD-H4-N24,tight2.5-rr2",XAGUSD,H4,BOX,"N24,tight2.5",2.0,25,0.1358685948937689,32.0,1.5201196962694816,-0.1860049111998726,-4.650122779996815,-2.650122779996815,-2.0,2,-5.3,Fail,REJECT,0.0
"ZB-BOX-XAGUSD-H4-N24,tight2.5-rr3",XAGUSD,H4,BOX,"N24,tight2.5",3.0,25,0.1358685948937689,32.0,2.040433100752046,-0.0260049111998728,-0.6501227799968201,1.34987722000318,-2.0,2,-1.3,Fail,REJECT,0.0
ZB-CMPX-XAGUSD-H4-q0.25-rr2,XAGUSD,H4,CMPX,q0.25,2.0,222,1.2065131226566683,41.44144144144144,1.948780586500359,0.2182954908153465,48.46159896100694,51.46159896100694,-3.0,21,17.1,Pass,REJECT,1.0
ZB-CMPX-XAGUSD-H4-q0.25-rr3,XAGUSD,H4,CMPX,q0.25,3.0,185,1.0054276022138904,37.2972972972973,2.468977920004092,0.2862662806354278,52.95926191755415,60.76828897089582,-7.8090270533416675,18,33.0,Pass,REJECT,1.0
ZB-PIV5-XAGUSD-D1-pad0.1-rr2,XAGUSD,D1,PIV5,pad0.1,2.0,129,0.701081949651848,40.310077519379846,1.801890702378148,0.1131461490874945,14.595853232286796,8.706274022452423,5.889579209834374,23,12.0,Pass,DEPLOY-CANDIDATE,1.0
ZB-PIV5-XAGUSD-D1-pad0.1-rr3,XAGUSD,D1,PIV5,pad0.1,3.0,124,0.6739082306730941,39.516129032258064,1.728630633439178,0.067978922386848,8.429386375969159,1.917767881033664,6.511618494935493,22,1.3,Pass,WATCH,1.0
ZB-PIV5-XAGUSD-D1-pad0.25-rr2,XAGUSD,D1,PIV5,pad0.25,2.0,121,0.6576039992858419,42.97520661157025,1.7368287350777067,0.1558041878824566,18.85230673377725,10.962727523942885,7.889579209834374,21,17.4,Pass,DEPLOY-CANDIDATE,1.0
ZB-PIV5-XAGUSD-D1-pad0.25-rr3,XAGUSD,D1,PIV5,pad0.25,3.0,116,0.6304302803070881,41.37931034482759,1.7213756098280582,0.1095224142561289,12.704600053710962,5.623527445347561,7.081072608363399,19,6.1,Pass,DEPLOY-CANDIDATE,1.0
"ZB-BOX-XAGUSD-D1-N24,tight2.5-rr2",XAGUSD,D1,BOX,"N24,tight2.5",2.0,7,0.0380432065702553,85.71428571428571,1.4992113157020193,1.142181127744588,7.995267894212116,5.995267894212116,2.0,1,7.9,Pass,WATCH,1.0
"ZB-BOX-XAGUSD-D1-N24,tight2.5-rr3",XAGUSD,D1,BOX,"N24,tight2.5",3.0,7,0.0380432065702553,85.71428571428571,0.869945679781737,0.6028105826700603,4.219674078690422,2.655874910158277,1.5637991685321442,1,3.9,Pass,WATCH,1.0
ZB-CMPX-XAGUSD-D1-q0.25-rr2,XAGUSD,D1,CMPX,q0.25,2.0,42,0.2282592394215319,40.47619047619048,1.6673454080357732,0.0755452759503041,3.172901589912772,1.172901589912772,2.0,1,2.7,Pass,WATCH,1.0
ZB-CMPX-XAGUSD-D1-q0.25-rr3,XAGUSD,D1,CMPX,q0.25,3.0,38,0.2065202642385288,36.84210526315789,1.7842675350005248,0.0244019705302829,0.9272748801507532,-2.0727251198492467,3.0,1,0.1,Pass,REJECT,1.0
ZB-PIV5-EURUSD-M15-pad0.1-rr2,EURUSD,M15,PIV5,pad0.1,2.0,2181,45.34811475409836,29.25263640531866,1.9983119292723928,-0.1229147130326514,-268.0769891242129,-72.0,-196.07698912421293,1332,-378.2,Fail,REJECT,0.0
ZB-PIV5-EURUSD-M15-pad0.1-rr3,EURUSD,M15,PIV5,pad0.1,3.0,2003,41.64707650273224,22.31652521218173,2.977839755700032,-0.1122843880190144,-224.90562920208583,-96.0,-128.90562920208586,1235,-315.8,Fail,REJECT,0.0
ZB-PIV5-EURUSD-M15-pad0.25-rr2,EURUSD,M15,PIV5,pad0.25,2.0,2148,44.66196721311476,29.981378026070765,1.9983276566394208,-0.1010600508027062,-217.07698912421293,-50.0,-167.07698912421293,1306,-325.2,Fail,REJECT,0.0
ZB-PIV5-EURUSD-M15-pad0.25-rr3,EURUSD,M15,PIV5,pad0.25,3.0,1973,41.02330601092896,22.14901165737456,2.974638637612586,-0.1196568248166751,-236.0829153633001,-104.32197168327232,-131.7609436800278,1210,-345.8,Fail,REJECT,0.0
"ZB-BOX-EURUSD-M15-N24,tight2.5-rr2",EURUSD,M15,BOX,"N24,tight2.5",2.0,445,9.2525956284153,24.9438202247191,2.0,-0.251685393258427,-112.0,-47.0,-65.0,251,-132.0,Fail,REJECT,0.0
"ZB-BOX-EURUSD-M15-N24,tight2.5-rr3",EURUSD,M15,BOX,"N24,tight2.5",3.0,437,9.086256830601092,17.620137299771166,2.9036734822339443,-0.3121673726956208,-136.4171418679863,-58.32197168327226,-78.09517018471404,244,-153.9,Fail,REJECT,0.0
ZB-CMPX-EURUSD-M15-q0.25-rr2,EURUSD,M15,CMPX,q0.25,2.0,1086,22.58049180327869,29.37384898710866,2.0,-0.1187845303867403,-129.0,-79.0,-50.0,644,-175.0,Fail,REJECT,0.0
ZB-CMPX-EURUSD-M15-q0.25-rr3,EURUSD,M15,CMPX,q0.25,3.0,1005,20.89631147540984,23.48258706467661,2.992323012102884,-0.0624992727798202,-62.81176914371938,-48.99999999999999,-13.811769143719395,592,-138.0,Fail,REJECT,0.0
ZB-PIV5-EURUSD-M30-pad0.1-rr2,EURUSD,M30,PIV5,pad0.1,2.0,2979,30.959631273472176,31.05068815038604,1.9734430725358203,-0.0765740855845967,-228.11420095651368,-155.40372099441686,-72.71047996209685,949,-317.3,Fail,REJECT,0.0
ZB-PIV5-EURUSD-M30-pad0.1-rr3,EURUSD,M30,PIV5,pad0.1,3.0,2498,25.96077842266985,24.419535628502803,2.726774771542091,-0.0894059545945757,-223.3360745772501,-157.6252180870042,-65.71085649024596,788,-292.8,Fail,REJECT,0.0
ZB-PIV5-EURUSD-M30-pad0.25-rr2,EURUSD,M30,PIV5,pad0.25,2.0,2923,30.37764424718334,30.892918234690388,1.9816574508670937,-0.0786618488173244,-229.92858409303943,-165.78368367546648,-64.144900417573,921,-328.8,Fail,REJECT,0.0
ZB-PIV5-EURUSD-M30-pad0.25-rr3,EURUSD,M30,PIV5,pad0.25,3.0,2471,25.68017753499488,23.67462565762849,2.736068992589917,-0.1147853645649864,-283.6346358400816,-195.0210185948525,-88.61361724522905,780,-340.7,Fail,REJECT,0.0
"ZB-BOX-EURUSD-M30-N24,tight2.5-rr2",EURUSD,M30,BOX,"N24,tight2.5",2.0,628,6.526568794810516,33.28025477707006,1.95948944632622,-0.0150474016078934,-9.449768209757096,-33.87096804974428,24.42119983998718,175,-32.4,Fail,REJECT,0.0
"ZB-BOX-EURUSD-M30-N24,tight2.5-rr3",EURUSD,M30,BOX,"N24,tight2.5",3.0,606,6.297931034482759,26.23762376237624,2.704370681999086,-0.0278911128626168,-16.90201439474582,-39.63755427838559,22.73553988363977,170,-73.1,Fail,REJECT,0.0
ZB-CMPX-EURUSD-M30-q0.25-rr2,EURUSD,M30,CMPX,q0.25,2.0,764,7.939965858654832,33.24607329842932,1.9958968817064688,-0.003981926762509,-3.042192046556913,-1.042192046556913,-2.0,242,-36.1,Fail,REJECT,0.5
ZB-CMPX-EURUSD-M30-q0.25-rr3,EURUSD,M30,CMPX,q0.25,3.0,672,6.98384431546603,26.934523809523807,2.93008273462543,0.0583826250177507,39.23312401192851,-10.02009487219152,49.25321888412003,207,10.3,Pass,REJECT,0.5
ZB-PIV5-EURUSD-H1-pad0.1-rr2,EURUSD,H1,PIV5,pad0.1,2.0,3073,15.976450896669515,33.387569150667105,1.9729261321501232,-0.0074053303842114,-22.75658027068163,-1.386025378277569,-21.370554892404066,488,-92.3,Fail,REJECT,0.5
ZB-PIV5-EURUSD-H1-pad0.1-rr3,EURUSD,H1,PIV5,pad0.1,3.0,2546,13.236590947907771,26.78711704634721,2.8028428446047897,0.0185931213664149,47.33808699889241,31.317089755609786,16.020997243282636,392,-19.7,Fail,REJECT,0.5
ZB-PIV5-EURUSD-H1-pad0.25-rr2,EURUSD,H1,PIV5,pad0.25,2.0,2974,15.461752348420156,33.45662407531943,1.9750730229729865,-0.0046334505743439,-13.779882008099053,1.406092380921944,-15.185974389020986,463,-76.4,Fail,REJECT,0.5
ZB-PIV5-EURUSD-H1-pad0.25-rr3,EURUSD,H1,PIV5,pad0.25,3.0,2479,12.888259607173357,27.30939895119,2.8019665578162365,0.0380685556530344,94.37194946387244,81.81204158034122,12.559907883531244,381,32.6,Pass,WATCH,0.5
"ZB-BOX-EURUSD-H1-N24,tight2.5-rr2",EURUSD,H1,BOX,"N24,tight2.5",2.0,97,0.5043005977796755,32.98969072164948,1.898433015115104,-0.0438159125393472,-4.250143516316687,-3.250143516316688,-1.0,10,-4.3,Fail,REJECT,0.5
"ZB-BOX-EURUSD-H1-N24,tight2.5-rr3",EURUSD,H1,BOX,"N24,tight2.5",3.0,97,0.5043005977796755,29.89690721649485,2.781550940106116,0.1305667759080138,12.664977263077343,10.664977263077343,2.0,10,12.5,Pass,DEPLOY-CANDIDATE,0.5
ZB-CMPX-EURUSD-H1-q0.25-rr2,EURUSD,H1,CMPX,q0.25,2.0,821,4.268358667805295,33.13032886723508,1.99438295833502,-0.0079403169659339,-6.519000229031754,5.480999770968246,-12.0,135,-26.6,Fail,REJECT,0.5
ZB-CMPX-EURUSD-H1-q0.25-rr3,EURUSD,H1,CMPX,q0.25,3.0,715,3.7172672929120414,27.132867132867133,2.90251620939583,0.0587805859762519,42.02811897302014,37.39867151673194,4.629447456288212,112,27.7,Pass,DEPLOY-CANDIDATE,0.5
ZB-PIV5-EURUSD-H4-pad0.1-rr2,EURUSD,H4,PIV5,pad0.1,2.0,823,4.278756618274979,33.77885783718105,1.927083087784416,-0.0111619585832814,-9.186291914040638,-11.873187606475888,2.686895692435254,121,-26.2,Fail,REJECT,0.5
ZB-PIV5-EURUSD-H4-pad0.1-rr3,EURUSD,H4,PIV5,pad0.1,3.0,698,3.628884713919727,29.799426934097426,2.451955952460388,0.0280960187733619,19.611021103806628,4.583654622620955,15.027366481185672,102,9.4,Pass,WATCH,0.5
ZB-PIV5-EURUSD-H4-pad0.25-rr2,EURUSD,H4,PIV5,pad0.25,2.0,802,4.169578138343296,33.66583541147132,1.9177076221018736,-0.0175870155765665,-14.104786492406395,-9.452132199877372,-4.652654292529029,119,-23.1,Fail,REJECT,0.5
ZB-PIV5-EURUSD-H4-pad0.25-rr3,EURUSD,H4,PIV5,pad0.25,3.0,695,3.613287788215201,29.92805755395684,2.4892060564373737,0.0433546402494353,30.13147497335753,20.977621813122283,9.153853160235256,102,22.3,Pass,WATCH,0.5
"ZB-BOX-EURUSD-H4-N24,tight2.5-rr2",EURUSD,H4,BOX,"N24,tight2.5",2.0,14,0.0727856532877882,21.428571428571427,2.0,-0.3571428571428571,-5.0,-4.0,-1.0,1,-5.0,Fail,REJECT,0.0
"ZB-BOX-EURUSD-H4-N24,tight2.5-rr3",EURUSD,H4,BOX,"N24,tight2.5",3.0,14,0.0727856532877882,14.285714285714285,2.0411062616905618,-0.5655562483299198,-7.9177874766188765,-6.9177874766188765,-1.0,1,-8.0,Fail,REJECT,0.0
ZB-CMPX-EURUSD-H4-q0.25-rr2,EURUSD,H4,CMPX,q0.25,2.0,253,1.31534073441503,35.573122529644266,1.963264913790528,0.0538528311527623,13.624766281648874,11.949773865833343,1.67499241581553,36,10.9,Pass,DEPLOY-CANDIDATE,0.5
ZB-CMPX-EURUSD-H4-q0.25-rr3,EURUSD,H4,CMPX,q0.25,3.0,220,1.1437745516652436,27.27272727272727,2.6506789298346467,-0.0042145254095501,-0.9271955901010428,13.945698313034304,-14.872893903135347,33,-1.3,Fail,REJECT,0.5
ZB-PIV5-EURUSD-D1-pad0.1-rr2,EURUSD,D1,PIV5,pad0.1,2.0,145,0.7538514090520922,42.75862068965517,1.7060838667332068,0.1446972681327954,20.981103879255333,22.60471153142006,-1.6236076521647302,26,20.7,Pass,REJECT,1.0
ZB-PIV5-EURUSD-D1-pad0.1-rr3,EURUSD,D1,PIV5,pad0.1,3.0,138,0.7174585824081982,40.57971014492754,1.804961175983521,0.125441165762241,17.310880875189266,22.640551918963133,-5.329671043773862,23,16.9,Pass,REJECT,1.0
ZB-PIV5-EURUSD-D1-pad0.25-rr2,EURUSD,D1,PIV5,pad0.25,2.0,143,0.7434534585824083,39.16083916083916,1.7326580939328975,0.0648056238718039,9.26720421366796,15.121746248407495,-5.854542034739535,28,9.1,Pass,REJECT,1.0
ZB-PIV5-EURUSD-D1-pad0.25-rr3,EURUSD,D1,PIV5,pad0.25,3.0,139,0.7226575576430402,35.97122302158273,1.9209579421396883,0.0460535186267027,6.401439089111683,16.844341904883052,-10.442902815771369,25,6.0,Pass,REJECT,1.0
"ZB-BOX-EURUSD-D1-N24,tight2.5-rr2",EURUSD,D1,BOX,"N24,tight2.5",2.0,3,0.015596925704526,0.0,0.0,-1.0,-3.0,-3.0,0.0,0,-3.0,Fail,REJECT,0.0
"ZB-BOX-EURUSD-D1-N24,tight2.5-rr3",EURUSD,D1,BOX,"N24,tight2.5",3.0,3,0.015596925704526,0.0,0.0,-1.0,-3.0,-3.0,0.0,0,-3.0,Fail,REJECT,0.0
ZB-CMPX-EURUSD-D1-q0.25-rr2,EURUSD,D1,CMPX,q0.25,2.0,52,0.2703467122117848,38.46153846153847,1.647173555936045,0.0181436753600173,0.9434711187209,3.943471118720901,-3.0,9,0.9,Pass,REJECT,1.0
ZB-CMPX-EURUSD-D1-q0.25-rr3,EURUSD,D1,CMPX,q0.25,3.0,43,0.2235559350982066,34.88372093023256,1.9873721695228108,0.0407577103410895,1.7525815446668511,5.385135117767733,-3.632553573100883,7,1.6,Pass,REJECT,1.0
ZB-PIV5-GBPUSD-M15-pad0.1-rr2,GBPUSD,M15,PIV5,pad0.1,2.0,2177,45.23404778156997,30.087276067983463,2.0,-0.097381717960496,-212.0,-68.0,-144.0,1323,-290.7,Fail,REJECT,0.0
ZB-PIV5-GBPUSD-M15-pad0.1-rr3,GBPUSD,M15,PIV5,pad0.1,3.0,1995,41.45242320819113,23.00751879699248,2.992098287913319,-0.081433522920985,-162.45987822736518,-66.50722236806826,-95.95265585929693,1210,-303.8,Fail,REJECT,0.0
ZB-PIV5-GBPUSD-M15-pad0.25-rr2,GBPUSD,M15,PIV5,pad0.25,2.0,2156,44.79770648464165,29.916512059369204,2.0,-0.1025046382189239,-221.0,-67.0,-154.0,1315,-323.7,Fail,REJECT,0.0
ZB-PIV5-GBPUSD-M15-pad0.25-rr3,GBPUSD,M15,PIV5,pad0.25,3.0,1974,41.0160819112628,22.492401215805472,2.9870477409941523,-0.1030784259665346,-203.47681285793948,-70.52415699864255,-132.95265585929693,1211,-293.4,Fail,REJECT,0.0
"ZB-BOX-GBPUSD-M15-N24,tight2.5-rr2",GBPUSD,M15,BOX,"N24,tight2.5",2.0,420,8.726825938566554,35.23809523809524,2.0,0.0571428571428571,24.0,12.0,12.0,231,4.0,Pass,DEPLOY-CANDIDATE,1.0
"ZB-BOX-GBPUSD-M15-N24,tight2.5-rr3",GBPUSD,M15,BOX,"N24,tight2.5",3.0,414,8.60215699658703,27.77777777777778,3.009894044944078,0.1134851811014755,46.98286497601086,22.0,24.98286497601085,228,32.8,Pass,DEPLOY-CANDIDATE,1.0
ZB-CMPX-GBPUSD-M15-q0.25-rr2,GBPUSD,M15,CMPX,q0.25,2.0,1120,23.27153583617748,29.82142857142857,2.0,-0.1053571428571428,-118.0,-57.0,-61.0,670,-190.0,Fail,REJECT,0.0
ZB-CMPX-GBPUSD-M15-q0.25-rr3,GBPUSD,M15,CMPX,q0.25,3.0,1034,21.48461433447099,23.30754352030948,3.0,-0.0676982591876208,-70.0,-44.0,-26.0,614,-115.0,Fail,REJECT,0.0
ZB-PIV5-GBPUSD-M30-pad0.1-rr2,GBPUSD,M30,PIV5,pad0.1,2.0,2928,30.42960737453056,32.61612021857923,1.9827388691074168,-0.0270765373233025,-79.28010128262997,-35.62037773787108,-43.65972354475887,862,-171.6,Fail,REJECT,0.0
ZB-PIV5-GBPUSD-M30-pad0.1-rr3,GBPUSD,M30,PIV5,pad0.1,3.0,2491,25.88803004438375,25.732637494981937,2.760890820870474,-0.0321084398424975,-79.9821236476615,-44.15284335271035,-35.82928029495116,755,-175.0,Fail,REJECT,0.0
ZB-PIV5-GBPUSD-M30-pad0.25-rr2,GBPUSD,M30,PIV5,pad0.25,2.0,2881,29.941153977466715,32.384588684484555,1.981701592165069,-0.0342736122913351,-98.7422770113366,-70.45999623777189,-28.282280773564715,856,-188.3,Fail,REJECT,0.0
ZB-PIV5-GBPUSD-M30-pad0.25-rr3,GBPUSD,M30,PIV5,pad0.25,3.0,2455,25.513895527483783,25.94704684317719,2.7533071966769005,-0.026025677143689,-63.89303738775661,-17.68460118491683,-46.20843620283979,746,-195.2,Fail,REJECT,0.0
"ZB-BOX-GBPUSD-M30-N24,tight2.5-rr2",GBPUSD,M30,BOX,"N24,tight2.5",2.0,708,7.357978832365996,33.47457627118644,1.9557660348500885,-0.0105448543621102,-7.465756888374054,-14.120394506616464,6.654637618242403,181,-29.9,Fail,REJECT,0.0
"ZB-BOX-GBPUSD-M30-N24,tight2.5-rr3",GBPUSD,M30,BOX,"N24,tight2.5",3.0,680,7.066985319221578,26.91176470588235,2.6977759518552618,-0.0048397625790961,-3.291038553785384,-9.173524225940952,5.882485672155568,176,-36.7,Fail,REJECT,0.0
ZB-CMPX-GBPUSD-M30-q0.25-rr2,GBPUSD,M30,CMPX,q0.25,2.0,782,8.127033117104814,34.271099744245525,1.9951781557378336,0.0264804932707664,20.707745737739373,9.707745737739373,11.0,253,-30.4,Fail,REJECT,1.0
ZB-CMPX-GBPUSD-M30-q0.25-rr3,GBPUSD,M30,CMPX,q0.25,3.0,694,7.212482075793787,26.80115273775216,2.899320843627072,0.044656575639569,30.99166349386092,4.3866534524879945,26.60501004137293,229,0.7,Pass,WATCH,1.0
ZB-PIV5-GBPUSD-H1-pad0.1-rr2,GBPUSD,H1,PIV5,pad0.1,2.0,3093,16.072195288494367,32.68671193016489,1.9809337055188256,-0.0255868916443171,-79.14025585587292,-71.3522394479458,-7.788016407927097,477,-161.7,Fail,REJECT,0.5
ZB-PIV5-GBPUSD-H1-pad0.1-rr3,GBPUSD,H1,PIV5,pad0.1,3.0,2500,12.990781836804372,26.840000000000003,2.7677711587794405,0.011213314204039,28.033285510097585,12.263300713906386,15.7699847961912,378,-44.1,Fail,REJECT,0.5
ZB-PIV5-GBPUSD-H1-pad0.25-rr2,GBPUSD,H1,PIV5,pad0.25,2.0,2987,15.52138613861386,33.143622363575496,1.981932226539952,-0.0116648833643817,-34.84300660940838,-33.57654436984334,-1.2664622395650351,466,-124.3,Fail,REJECT,0.5
ZB-PIV5-GBPUSD-H1-pad0.25-rr3,GBPUSD,H1,PIV5,pad0.25,3.0,2466,12.81410720382383,26.64233576642336,2.769740243728661,0.004324964441421,10.665362312544246,-2.5173642088393144,13.182726521383556,376,-67.8,Fail,REJECT,0.5
"ZB-BOX-GBPUSD-H1-N24,tight2.5-rr2",GBPUSD,H1,BOX,"N24,tight2.5",2.0,71,0.3689382041652441,36.61971830985916,2.0,0.0985915492957746,7.0,6.0,1.0,14,4.0,Pass,WATCH,0.5
"ZB-BOX-GBPUSD-H1-N24,tight2.5-rr3",GBPUSD,H1,BOX,"N24,tight2.5",3.0,70,0.3637418914305224,27.142857142857142,2.563573197551256,-0.0325654613111084,-2.279582291777592,-2.2073531510552336,-0.0722291407223583,14,-2.4,Fail,REJECT,0.5
ZB-CMPX-GBPUSD-H1-q0.25-rr2,GBPUSD,H1,CMPX,q0.25,2.0,778,4.04273130761352,30.97686375321337,1.9897018500054933,-0.0738841312964988,-57.48185414867613,-52.48185414867613,-5.0,119,-74.6,Fail,REJECT,0.0
ZB-CMPX-GBPUSD-H1-q0.25-rr3,GBPUSD,H1,CMPX,q0.25,3.0,678,3.523100034141345,23.89380530973452,2.909698447665834,-0.0655031892954585,-44.4111623423209,-42.39415445106434,-2.017007891256561,101,-62.3,Fail,REJECT,0.0
ZB-PIV5-GBPUSD-H4-pad0.1-rr2,GBPUSD,H4,PIV5,pad0.1,2.0,860,4.470355191256831,33.6046511627907,1.9164927366362872,-0.0197667046426482,-16.9993659926775,-6.962609285663273,-10.036756707014224,132,-41.9,Fail,REJECT,0.0
ZB-PIV5-GBPUSD-H4-pad0.1-rr3,GBPUSD,H4,PIV5,pad0.1,3.0,747,3.88297131147541,27.17536813922356,2.462719572309214,-0.0577743490179301,-43.15743871639381,-36.06131828077791,-7.096120435615916,118,-48.4,Fail,REJECT,0.0
ZB-PIV5-GBPUSD-H4-pad0.25-rr2,GBPUSD,H4,PIV5,pad0.25,2.0,844,4.387185792349727,33.76777251184834,1.906045087869152,-0.0185747990470922,-15.67713039574583,-13.36980180823974,-2.30732858750609,128,-32.6,Fail,REJECT,0.0
ZB-PIV5-GBPUSD-H4-pad0.25-rr3,GBPUSD,H4,PIV5,pad0.25,3.0,735,3.820594262295082,26.53061224489796,2.498727969134591,-0.0701856033818223,-51.58641848563944,-46.75088679913007,-4.835531686509356,116,-52.9,Fail,REJECT,0.0
"ZB-BOX-GBPUSD-H4-N24,tight2.5-rr2",GBPUSD,H4,BOX,"N24,tight2.5",2.0,12,0.0623770491803278,8.333333333333332,2.0,-0.75,-9.0,-6.0,-3.0,3,-9.0,Fail,REJECT,0.0
"ZB-BOX-GBPUSD-H4-N24,tight2.5-rr3",GBPUSD,H4,BOX,"N24,tight2.5",3.0,12,0.0623770491803278,0.0,0.0,-1.0,-12.0,-9.0,-3.0,3,-12.0,Fail,REJECT,0.0
ZB-CMPX-GBPUSD-H4-q0.25-rr2,GBPUSD,H4,CMPX,q0.25,2.0,255,1.325512295081967,30.980392156862745,1.980847809990359,-0.0764242908005051,-19.4881941541288,-17.4881941541288,-2.0,35,-23.0,Fail,REJECT,0.0
ZB-CMPX-GBPUSD-H4-q0.25-rr3,GBPUSD,H4,CMPX,q0.25,3.0,231,1.2007581967213117,25.541125541125545,2.706953126320909,-0.0528637718051297,-12.211531286984972,-11.531661725225623,-0.679869561759352,30,-10.0,Fail,REJECT,0.0
ZB-PIV5-GBPUSD-D1-pad0.1-rr2,GBPUSD,D1,PIV5,pad0.1,2.0,161,0.8364635603345281,32.91925465838509,1.622201518832089,-0.1281873551076954,-20.638164172338964,-9.462453969726102,-11.175710202612864,27,-20.8,Fail,REJECT,0.0
ZB-PIV5-GBPUSD-D1-pad0.1-rr3,GBPUSD,D1,PIV5,pad0.1,3.0,153,0.794900153609831,32.02614379084967,1.66866155260141,-0.13553260554922,-20.73648864903067,-8.426705498352705,-12.309783150677966,27,-21.2,Fail,REJECT,0.0
ZB-PIV5-GBPUSD-D1-pad0.25-rr2,GBPUSD,D1,PIV5,pad0.25,2.0,158,0.8208772828127667,32.278481012658226,1.5523299603234992,-0.164322756439277,-25.962995517405776,-18.56700134512559,-7.395994172280187,25,-26.2,Fail,REJECT,0.0
ZB-PIV5-GBPUSD-D1-pad0.25-rr3,GBPUSD,D1,PIV5,pad0.25,3.0,150,0.7793138760880697,30.666666666666664,1.6171022727236093,-0.1825477053002141,-27.382155795032126,-16.982264045586433,-10.399891749445692,25,-27.8,Fail,REJECT,0.0
"ZB-BOX-GBPUSD-D1-N24,tight2.5-rr2",GBPUSD,D1,BOX,"N24,tight2.5",2.0,3,0.0155862775217613,66.66666666666666,2.0,1.0,3.0,4.0,-1.0,1,3.0,Pass,REJECT,1.0
"ZB-BOX-GBPUSD-D1-N24,tight2.5-rr3",GBPUSD,D1,BOX,"N24,tight2.5",3.0,3,0.0155862775217613,66.66666666666666,0.6166797934508252,0.0777865289672168,0.2333595869016504,1.2333595869016505,-1.0,1,0.2,Pass,REJECT,1.0
ZB-CMPX-GBPUSD-D1-q0.25-rr2,GBPUSD,D1,CMPX,q0.25,2.0,46,0.238989588667008,34.78260869565217,1.7489461526330985,-0.0424334433789229,-1.9519383954304568,-0.951938395430457,-1.0,7,-2.0,Fail,REJECT,0.0
ZB-CMPX-GBPUSD-D1-q0.25-rr3,GBPUSD,D1,CMPX,q0.25,3.0,43,0.2234033111452466,30.23255813953488,1.77851938681126,-0.1548326430882081,-6.657803652792952,-4.596857474842841,-2.0609461779501115,7,-6.8,Fail,REJECT,0.0
ZB-PIV5-USDCHF-M15-pad0.1-rr2,USDCHF,M15,PIV5,pad0.1,2.0,2178,45.25482593856656,29.29292929292929,1.9972643781143848,-0.1220134649967964,-265.74532676302255,-82.00000000000004,-183.7453267630225,1328,-449.3,Fail,REJECT,0.0
ZB-PIV5-USDCHF-M15-pad0.1-rr3,USDCHF,M15,PIV5,pad0.1,3.0,1995,41.45242320819113,21.303258145363408,2.9869539038671378,-0.1504842552778664,-300.21608927934346,-111.00000000000009,-189.2160892793434,1216,-473.9,Fail,REJECT,0.0
ZB-PIV5-USDCHF-M15-pad0.25-rr2,USDCHF,M15,PIV5,pad0.25,2.0,2151,44.69381569965871,28.82380288238029,1.9971849568338345,-0.1360973160218608,-292.7453267630226,-109.00000000000006,-183.7453267630225,1313,-503.3,Fail,REJECT,0.0
ZB-PIV5-USDCHF-M15-pad0.25-rr3,USDCHF,M15,PIV5,pad0.25,3.0,1972,40.974525597269626,20.841784989858013,2.9840862365399747,-0.1693579589677056,-333.9738950843155,-126.00000000000009,-207.9738950843154,1198,-463.6,Fail,REJECT,0.0
"ZB-BOX-USDCHF-M15-N24,tight2.5-rr2",USDCHF,M15,BOX,"N24,tight2.5",2.0,294,6.108778156996587,31.63265306122449,2.0,-0.0510204081632653,-15.0,-1.0,-14.0,164,-48.0,Fail,REJECT,0.0
"ZB-BOX-USDCHF-M15-N24,tight2.5-rr3",USDCHF,M15,BOX,"N24,tight2.5",3.0,293,6.088,24.573378839590443,2.978041399654155,-0.0224608164672383,-6.581019224900846,12.418980775099154,-19.0,163,-24.0,Fail,REJECT,0.0
ZB-CMPX-USDCHF-M15-q0.25-rr2,USDCHF,M15,CMPX,q0.25,2.0,1043,21.67161774744028,29.050814956855227,2.0000000000000004,-0.1284755512943431,-133.9999999999999,-74.9999999999999,-59.0,608,-212.0,Fail,REJECT,0.0
ZB-CMPX-USDCHF-M15-q0.25-rr3,USDCHF,M15,CMPX,q0.25,3.0,963,20.00936518771331,22.11838006230529,3.0,-0.1152647975077882,-111.00000000000009,-68.00000000000007,-43.0,555,-217.0,Fail,REJECT,0.0
ZB-PIV5-USDCHF-M30-pad0.1-rr2,USDCHF,M30,PIV5,pad0.1,2.0,2890,30.034687606691705,30.692041522491348,1.9702182623453832,-0.0880499595304447,-254.4643830429852,-186.255456447404,-68.20892659558126,867,-368.5,Fail,REJECT,0.0
ZB-PIV5-USDCHF-M30-pad0.1-rr3,USDCHF,M30,PIV5,pad0.1,3.0,2453,25.493110276544897,24.66367713004484,2.6820589035542333,-0.0914875692841317,-224.4190074539751,-134.99872466405748,-89.4202827899176,747,-308.0,Fail,REJECT,0.0
ZB-PIV5-USDCHF-M30-pad0.25-rr2,USDCHF,M30,PIV5,pad0.25,2.0,2836,29.47348583134176,30.14809590973201,1.9678895069481883,-0.1049584594077714,-297.66219088043977,-191.88195285111016,-105.7802380293296,856,-407.5,Fail,REJECT,0.0
ZB-PIV5-USDCHF-M30-pad0.25-rr3,USDCHF,M30,PIV5,pad0.25,3.0,2413,25.07740525776716,24.40944881889764,2.6945911372075835,-0.0978023389675704,-235.9970439287476,-158.3612263267289,-77.63581760201866,734,-330.1,Fail,REJECT,0.0
"ZB-BOX-USDCHF-M30-N24,tight2.5-rr2",USDCHF,M30,BOX,"N24,tight2.5",2.0,541,5.622410378968932,27.171903881700555,1.99193561733554,-0.1861773452251861,-100.72194376682567,-75.51348766351921,-25.20845610330647,128,-135.6,Fail,REJECT,0.0
"ZB-BOX-USDCHF-M30-N24,tight2.5-rr3",USDCHF,M30,BOX,"N24,tight2.5",3.0,527,5.476913622396722,21.82163187855788,2.7004747266512843,-0.1908226613441603,-100.56354252837252,-67.87161323147092,-32.69192929690161,124,-138.2,Fail,REJECT,0.0
ZB-CMPX-USDCHF-M30-q0.25-rr2,USDCHF,M30,CMPX,q0.25,2.0,812,8.43881188118812,31.650246305418715,1.975271001517256,-0.0582670231877622,-47.31282282846293,-27.517877544460887,-19.79494528400204,259,-111.4,Fail,REJECT,0.0
ZB-CMPX-USDCHF-M30-q0.25-rr3,USDCHF,M30,CMPX,q0.25,3.0,703,7.306015705018778,24.60881934566145,2.708930421801844,-0.0872760128425051,-61.35503702828109,-53.5715236983672,-7.783513329913902,230,-97.7,Fail,REJECT,0.0
ZB-PIV5-USDCHF-H1-pad0.1-rr2,USDCHF,H1,PIV5,pad0.1,2.0,3039,15.799685738684886,31.91839420862125,1.9831765194755524,-0.047670484907499,-144.87060363388952,-91.6703862758914,-53.20021735799813,480,-241.5,Fail,REJECT,0.5
ZB-PIV5-USDCHF-H1-pad0.1-rr3,USDCHF,H1,PIV5,pad0.1,3.0,2496,12.976642186165671,26.76282051282051,2.7611382545214176,0.0065530831328277,16.356495499538177,28.842412254231576,-12.485916754693394,398,-79.7,Fail,REJECT,0.5
ZB-PIV5-USDCHF-H1-pad0.25-rr2,USDCHF,H1,PIV5,pad0.25,2.0,2935,15.258992314261317,31.959114139693355,1.980136138872502,-0.0474674773465751,-139.31704601219803,-73.82823532608823,-65.4888106861098,461,-252.0,Fail,REJECT,0.5
ZB-PIV5-USDCHF-H1-pad0.25-rr3,USDCHF,H1,PIV5,pad0.25,3.0,2427,12.617912894961572,26.69962917181705,2.747901074137584,0.0006731943441088,1.633842673152067,18.477675866875447,-16.84383319372337,390,-69.4,Fail,REJECT,0.5
"ZB-BOX-USDCHF-H1-N24,tight2.5-rr2",USDCHF,H1,BOX,"N24,tight2.5",2.0,115,0.5978821520068318,41.73913043478261,1.9551281642950105,0.2334447990100913,26.846151886160506,26.846151886160506,0.0,12,15.3,Pass,REJECT,0.5
"ZB-BOX-USDCHF-H1-N24,tight2.5-rr3",USDCHF,H1,BOX,"N24,tight2.5",3.0,112,0.5822852263023057,30.35714285714285,2.586799189185883,0.0882406999128415,9.882958390238253,14.135980164354152,-4.253021774115899,12,6.2,Pass,REJECT,0.5
"ZB-BOX-USDCHF-H1-N48,tight2.5-rr2",USDCHF,H1,BOX,"N48,tight2.5",2.0,1,0.005198975234842,0.0,0.0,-1.0,-1.0,-1.0,0.0,0,-1.0,Fail,REJECT,0.5
"ZB-BOX-USDCHF-H1-N48,tight2.5-rr3",USDCHF,H1,BOX,"N48,tight2.5",3.0,1,0.005198975234842,0.0,0.0,-1.0,-1.0,-1.0,0.0,0,-1.0,Fail,REJECT,0.5
ZB-CMPX-USDCHF-H1-q0.25-rr2,USDCHF,H1,CMPX,q0.25,2.0,801,4.164379163108455,34.45692883895131,1.987870069044224,0.0295282634908934,23.652139056205648,31.652139056205648,-8.0,125,-19.9,Fail,REJECT,1.0
ZB-CMPX-USDCHF-H1-q0.25-rr3,USDCHF,H1,CMPX,q0.25,3.0,711,3.696471391972673,26.72292545710267,2.825253334064476,0.0221995630447724,15.783889324833222,18.711098289062456,-2.927208964229232,114,-19.3,Fail,REJECT,1.0
ZB-PIV5-USDCHF-H4-pad0.1-rr2,USDCHF,H4,PIV5,pad0.1,2.0,797,4.142875683060109,35.131744040150565,1.9107495967958663,0.0222053191596862,17.697639370269904,9.871620633357493,7.8260187369124194,124,11.3,Pass,WATCH,1.0
ZB-PIV5-USDCHF-H4-pad0.1-rr3,USDCHF,H4,PIV5,pad0.1,3.0,691,3.5918784153005467,30.101302460202607,2.3840479704557214,0.0181825687868225,12.5641550316944,12.25931443265998,0.3048405990344324,107,6.9,Pass,WATCH,1.0
ZB-PIV5-USDCHF-H4-pad0.25-rr2,USDCHF,H4,PIV5,pad0.25,2.0,770,4.002527322404371,35.324675324675326,1.8974060460069533,0.0232347671411079,17.8907706986531,8.660419225216355,9.230351473436745,119,10.0,Pass,WATCH,1.0
ZB-PIV5-USDCHF-H4-pad0.25-rr3,USDCHF,H4,PIV5,pad0.25,3.0,665,3.456728142076503,29.624060150375943,2.389757579481651,0.0040989413069513,2.725795969122677,2.8272356878148983,-0.101439718692216,104,-3.6,Fail,REJECT,1.0
"ZB-BOX-USDCHF-H4-N24,tight2.5-rr2",USDCHF,H4,BOX,"N24,tight2.5",2.0,32,0.1663387978142076,53.125,1.8376696561038568,0.5075120048051743,16.24038415376558,19.077070368597443,-2.836686214831865,4,16.2,Pass,REJECT,0.5
"ZB-BOX-USDCHF-H4-N24,tight2.5-rr3",USDCHF,H4,BOX,"N24,tight2.5",3.0,32,0.1663387978142076,43.75,2.2929885015452736,0.4406824694260573,14.101839021633834,16.9385252364657,-2.836686214831865,4,13.3,Pass,REJECT,0.5
"ZB-BOX-USDCHF-H4-N48,tight2.5-rr2",USDCHF,H4,BOX,"N48,tight2.5",2.0,1,0.0051980874316939,0.0,0.0,-1.0,-1.0,-1.0,0.0,0,-1.0,Fail,REJECT,0.5
"ZB-BOX-USDCHF-H4-N48,tight2.5-rr3",USDCHF,H4,BOX,"N48,tight2.5",3.0,1,0.0051980874316939,0.0,0.0,-1.0,-1.0,-1.0,0.0,0,-1.0,Fail,REJECT,0.5
ZB-CMPX-USDCHF-H4-q0.25-rr2,USDCHF,H4,CMPX,q0.25,2.0,265,1.3774931693989072,34.33962264150943,1.9742965355701343,0.0213248200422664,5.651077311200599,15.6510773112006,-10.0,40,3.1,Pass,REJECT,1.0
ZB-CMPX-USDCHF-H4-q0.25-rr3,USDCHF,H4,CMPX,q0.25,3.0,225,1.1695696721311477,29.33333333333333,2.445359951649169,0.010556001078768,2.3751002427228105,6.665589277553338,-4.290489034830531,38,-2.1,Fail,REJECT,1.0
ZB-PIV5-USDCHF-D1-pad0.1-rr2,USDCHF,D1,PIV5,pad0.1,2.0,149,0.7745150273224044,41.61073825503356,1.4505947622211617,0.0191050644772884,2.846654607115976,-5.250633274366443,8.097287881482416,24,2.5,Pass,REJECT,1.0
ZB-PIV5-USDCHF-D1-pad0.1-rr3,USDCHF,D1,PIV5,pad0.1,3.0,141,0.7329303278688525,40.42553191489361,1.5208307881215477,0.0182115943074971,2.5678347973571007,-4.833169133137157,7.401003930494256,23,0.7,Pass,REJECT,1.0
ZB-PIV5-USDCHF-D1-pad0.25-rr2,USDCHF,D1,PIV5,pad0.25,2.0,145,0.7537226775956284,40.689655172413794,1.4909929870273615,0.0129463895882688,1.8772264902989857,-5.289333714588673,7.166560204887659,24,1.5,Pass,REJECT,1.0
ZB-PIV5-USDCHF-D1-pad0.25-rr3,USDCHF,D1,PIV5,pad0.25,3.0,137,0.7121379781420766,40.14598540145985,1.52804434791077,0.0141300944753304,1.9358229431202751,-5.613054053897781,7.548876997018058,23,1.3,Pass,REJECT,1.0
"ZB-BOX-USDCHF-D1-N24,tight2.5-rr2",USDCHF,D1,BOX,"N24,tight2.5",2.0,2,0.0103961748633879,100.0,,1.284020454196536,2.568040908393072,0.5680409083930715,2.0,1,2.6,Pass,WATCH,1.0
"ZB-BOX-USDCHF-D1-N24,tight2.5-rr3",USDCHF,D1,BOX,"N24,tight2.5",3.0,2,0.0103961748633879,100.0,,1.3545832486099156,2.709166497219832,0.5680409083930715,2.14112558882676,1,2.7,Pass,WATCH,1.0
ZB-CMPX-USDCHF-D1-q0.25-rr2,USDCHF,D1,CMPX,q0.25,2.0,53,0.2754986338797814,41.50943396226416,1.9595088161319367,0.2110610303867544,11.186234610497984,6.568672572730973,4.61756203776701,9,11.0,Pass,DEPLOY-CANDIDATE,1.0
ZB-CMPX-USDCHF-D1-q0.25-rr3,USDCHF,D1,CMPX,q0.25,3.0,46,0.2391120218579235,39.130434782608695,2.186428858099372,0.2306751564182924,10.611057195241452,3.732814472525333,6.878242722716117,7,10.4,Pass,WATCH,1.0
ZB-PIV5-USDCAD-M15-pad0.1-rr2,USDCAD,M15,PIV5,pad0.1,2.0,2142,44.5372131147541,28.61811391223156,1.9988918234124136,-0.1417063183390261,-303.534933882194,-88.0,-215.53493388219405,1292,-488.5,Fail,REJECT,0.0
ZB-PIV5-USDCAD-M15-pad0.1-rr3,USDCAD,M15,PIV5,pad0.1,3.0,1936,40.253989071038255,22.469008264462808,2.9624545215990423,-0.1095671125425464,-212.12192988236995,-52.47711673828459,-159.6448131440854,1185,-376.6,Fail,REJECT,0.0
ZB-PIV5-USDCAD-M15-pad0.25-rr2,USDCAD,M15,PIV5,pad0.25,2.0,2121,44.100573770491806,29.04290429042905,2.0009664907824143,-0.1283701400156851,-272.2730669732682,-75.0,-197.2730669732682,1284,-437.8,Fail,REJECT,0.0
ZB-PIV5-USDCAD-M15-pad0.25-rr3,USDCAD,M15,PIV5,pad0.25,3.0,1917,39.85893442622951,22.74387063119457,2.956044067331296,-0.1001418059805124,-191.97184206464223,-28.30125213370444,-163.6705899309378,1172,-372.2,Fail,REJECT,0.0
"ZB-BOX-USDCAD-M15-N24,tight2.5-rr2",USDCAD,M15,BOX,"N24,tight2.5",2.0,329,6.840683060109289,26.74772036474164,2.0,-0.1975683890577507,-65.0,-33.0,-32.0,176,-89.0,Fail,REJECT,0.0
"ZB-BOX-USDCAD-M15-N24,tight2.5-rr3",USDCAD,M15,BOX,"N24,tight2.5",3.0,326,6.778306010928962,21.47239263803681,2.976332850162182,-0.1457521637013343,-47.515205366634994,-34.23992322456812,-13.27528214206688,175,-79.6,Fail,REJECT,0.0
"ZB-BOX-USDCAD-M15-N48,tight2.5-rr2",USDCAD,M15,BOX,"N48,tight2.5",2.0,1,0.0207923497267759,0.0,0.0,-1.0,-1.0,0.0,-1.0,1,-1.0,Fail,REJECT,0.0
"ZB-BOX-USDCAD-M15-N48,tight2.5-rr3",USDCAD,M15,BOX,"N48,tight2.5",3.0,1,0.0207923497267759,0.0,0.0,-1.0,-1.0,0.0,-1.0,1,-1.0,Fail,REJECT,0.0
ZB-CMPX-USDCAD-M15-q0.25-rr2,USDCAD,M15,CMPX,q0.25,2.0,974,20.25174863387978,28.2340862422998,2.0,-0.1529774127310061,-149.0,-36.0,-113.0,572,-245.0,Fail,REJECT,0.0
ZB-CMPX-USDCAD-M15-q0.25-rr3,USDCAD,M15,CMPX,q0.25,3.0,930,19.33688524590164,20.43010752688172,3.0,-0.1827956989247312,-170.0,-59.0,-111.0,547,-257.4,Fail,REJECT,0.0
ZB-PIV5-USDCAD-M30-pad0.1-rr2,USDCAD,M30,PIV5,pad0.1,2.0,2861,29.733301468077844,32.051730164278226,1.9621395936041752,-0.0503895637385824,-144.1645418560845,-115.666535658982,-28.498006197102484,870,-338.1,Fail,REJECT,0.0
ZB-PIV5-USDCAD-M30-pad0.1-rr3,USDCAD,M30,PIV5,pad0.1,3.0,2411,25.056620006828272,25.54956449605973,2.722196103001417,-0.0484354137975462,-116.7777826658841,-111.32811561700257,-5.44966704888159,740,-285.9,Fail,REJECT,0.0
ZB-PIV5-USDCAD-M30-pad0.25-rr2,USDCAD,M30,PIV5,pad0.25,2.0,2822,29.327989074769548,31.28986534372785,1.972566772575875,-0.069642375905241,-196.53078480459035,-151.86624093714775,-44.6645438674426,865,-396.6,Fail,REJECT,0.0
ZB-PIV5-USDCAD-M30-pad0.25-rr3,USDCAD,M30,PIV5,pad0.25,3.0,2387,24.807196995561625,25.13615416841224,2.7069962784059136,-0.0676019646879393,-161.36588971011125,-160.07813741623082,-1.2877522938804482,732,-316.3,Fail,REJECT,0.0
"ZB-BOX-USDCAD-M30-N24,tight2.5-rr2",USDCAD,M30,BOX,"N24,tight2.5",2.0,498,5.1755274837828615,31.52610441767068,1.97519333035507,-0.0617983602038461,-30.775583381515368,-40.91036358610481,10.134780204589442,147,-66.7,Fail,REJECT,0.0
"ZB-BOX-USDCAD-M30-N24,tight2.5-rr3",USDCAD,M30,BOX,"N24,tight2.5",3.0,484,5.030030727210653,22.727272727272727,2.727384384187297,-0.1503484320931593,-72.76864113308912,-65.22420328524615,-7.54443784784296,140,-88.9,Fail,REJECT,0.0
ZB-CMPX-USDCAD-M30-q0.25-rr2,USDCAD,M30,CMPX,q0.25,2.0,830,8.625879139638101,29.397590361445783,1.988344799365633,-0.1213064254155362,-100.68433309489508,-83.26176680169917,-17.42256629319591,234,-128.1,Fail,REJECT,0.0
ZB-CMPX-USDCAD-M30-q0.25-rr3,USDCAD,M30,CMPX,q0.25,3.0,751,7.804861727552066,25.03328894806924,2.804697301862741,-0.0473477816760866,-35.558184038741096,-39.18013110735822,3.621947068617118,210,-86.6,Fail,REJECT,0.0
ZB-PIV5-USDCAD-H1-pad0.1-rr2,USDCAD,H1,PIV5,pad0.1,2.0,3056,15.885355191256831,32.42801047120419,1.9767379775362264,-0.0346055767612514,-105.7546425823844,-97.5931468535344,-8.161495728850014,453,-203.4,Fail,REJECT,0.0
ZB-PIV5-USDCAD-H1-pad0.1-rr3,USDCAD,H1,PIV5,pad0.1,3.0,2479,12.8860587431694,25.65550625252117,2.725871705438823,-0.0438493619539581,-108.7025682838622,-121.53170573844928,12.829137454587084,359,-185.6,Fail,REJECT,0.0
ZB-PIV5-USDCAD-H1-pad0.25-rr2,USDCAD,H1,PIV5,pad0.25,2.0,2942,15.292773224043716,32.22297756628144,1.9782945799805325,-0.0401909649637013,-118.24181892320924,-132.55941874674005,14.317599823530813,433,-252.7,Fail,REJECT,0.0
ZB-PIV5-USDCAD-H1-pad0.25-rr3,USDCAD,H1,PIV5,pad0.25,3.0,2431,12.636550546448088,25.380501851090088,2.737563962604032,-0.0510595114980123,-124.1256724516679,-153.8176314040327,29.691958952364825,352,-193.2,Fail,REJECT,0.0
"ZB-BOX-USDCAD-H1-N24,tight2.5-rr2",USDCAD,H1,BOX,"N24,tight2.5",2.0,96,0.4990163934426229,30.20833333333333,2.0,-0.09375,-9.0,-5.0,-4.0,19,-9.0,Fail,REJECT,0.0
"ZB-BOX-USDCAD-H1-N24,tight2.5-rr3",USDCAD,H1,BOX,"N24,tight2.5",3.0,96,0.4990163934426229,23.958333333333336,2.980982946643579,-0.0460815663227342,-4.423830366982489,-1.4238303669824894,-3.0,19,-8.1,Fail,REJECT,0.0
ZB-CMPX-USDCAD-H1-q0.25-rr2,USDCAD,H1,CMPX,q0.25,2.0,869,4.517137978142077,30.49482163406214,1.99315021972824,-0.087244179254334,-75.81519177201625,-72.81519177201625,-3.0,129,-129.9,Fail,REJECT,0.0
ZB-CMPX-USDCAD-H1-q0.25-rr3,USDCAD,H1,CMPX,q0.25,3.0,768,3.992131147540984,24.869791666666664,2.863273833892969,-0.0392118459979727,-30.114697726443048,-45.65379041547947,15.539092689036414,110,-46.8,Fail,REJECT,0.0
ZB-PIV5-USDCAD-H4-pad0.1-rr2,USDCAD,H4,PIV5,pad0.1,2.0,815,4.236441256830601,33.61963190184049,1.9100530519139984,-0.0212602286608432,-17.32708635858722,-10.687661644550092,-6.63942471403713,120,-50.5,Fail,REJECT,0.0
ZB-PIV5-USDCAD-H4-pad0.1-rr3,USDCAD,H4,PIV5,pad0.1,3.0,721,3.747821038251366,27.184466019417474,2.357590664999736,-0.085466820727682,-61.62157774465874,-46.12150692292295,-15.500070821735797,109,-86.0,Fail,REJECT,0.0
ZB-PIV5-USDCAD-H4-pad0.25-rr2,USDCAD,H4,PIV5,pad0.25,2.0,798,4.148073770491804,33.959899749373434,1.913617976882092,-0.0103658032883032,-8.27191102406601,-4.319275095157558,-3.952635928908454,127,-35.1,Fail,REJECT,0.0
ZB-PIV5-USDCAD-H4-pad0.25-rr3,USDCAD,H4,PIV5,pad0.25,3.0,701,3.6438592896174864,26.533523537803138,2.3556045628739373,-0.1072955608831467,-75.21418817908585,-55.6323066128723,-19.58188156621356,112,-106.1,Fail,REJECT,0.0
"ZB-BOX-USDCAD-H4-N24,tight2.5-rr2",USDCAD,H4,BOX,"N24,tight2.5",2.0,20,0.1039617486338797,35.0,2.044722605485588,0.0577917979075958,1.155835958151917,-2.439944382970082,3.595780341121999,3,0.2,Pass,REJECT,1.0
"ZB-BOX-USDCAD-H4-N24,tight2.5-rr3",USDCAD,H4,BOX,"N24,tight2.5",3.0,20,0.1039617486338797,35.0,2.721022833900658,0.2661544088543405,5.32308817708681,-0.2726921640351878,5.595780341121999,3,5.2,Pass,REJECT,1.0
ZB-CMPX-USDCAD-H4-q0.25-rr2,USDCAD,H4,CMPX,q0.25,2.0,279,1.450266393442623,33.33333333333333,1.989049322911734,-0.0035959239138824,-1.003262771973194,-3.599043113095192,2.5957803411219995,46,-6.3,Fail,REJECT,0.0
ZB-CMPX-USDCAD-H4-q0.25-rr3,USDCAD,H4,CMPX,q0.25,3.0,239,1.2423428961748637,25.94142259414226,2.507500373829593,-0.0879202061983437,-21.012929281404155,-19.049576050446497,-1.963353230957658,41,-35.0,Fail,REJECT,0.0
ZB-PIV5-USDCAD-D1-pad0.1-rr2,USDCAD,D1,PIV5,pad0.1,2.0,148,0.7693169398907104,33.78378378378378,1.6245057757217478,-0.1044218487351838,-15.454433612807206,-12.832716082703634,-2.621717530103571,20,-16.1,Fail,REJECT,0.0
ZB-PIV5-USDCAD-D1-pad0.1-rr3,USDCAD,D1,PIV5,pad0.1,3.0,141,0.7329303278688525,31.91489361702128,1.8092149833662408,-0.0941203317730337,-13.270966779997757,-14.090498116327655,0.8195313363298995,19,-15.1,Fail,REJECT,0.0
ZB-PIV5-USDCAD-D1-pad0.25-rr2,USDCAD,D1,PIV5,pad0.25,2.0,143,0.7433265027322404,32.16783216783217,1.6015706807193428,-0.1518814585190928,-21.71904856823028,-20.867614541443263,-0.8514340267870155,18,-23.1,Fail,REJECT,0.0
ZB-PIV5-USDCAD-D1-pad0.25-rr3,USDCAD,D1,PIV5,pad0.25,3.0,138,0.7173360655737705,31.15942028985507,1.7955297855083128,-0.1185781210557666,-16.363780705695792,-18.95359554534225,2.589814839646456,17,-18.2,Fail,REJECT,0.0
"ZB-BOX-USDCAD-D1-N24,tight2.5-rr2",USDCAD,D1,BOX,"N24,tight2.5",2.0,8,0.0415846994535519,62.5,1.53813468640874,0.5580573506916017,4.464458805532813,4.464458805532813,0.0,0,4.4,Pass,REJECT,1.0
"ZB-BOX-USDCAD-D1-N24,tight2.5-rr3",USDCAD,D1,BOX,"N24,tight2.5",3.0,8,0.0415846994535519,62.5,1.7071940905438447,0.6586237667382118,5.268990133905694,5.268990133905694,0.0,0,5.2,Pass,REJECT,1.0
ZB-CMPX-USDCAD-D1-q0.25-rr2,USDCAD,D1,CMPX,q0.25,2.0,46,0.2391120218579235,30.434782608695656,1.5565529178659523,-0.1928470336262405,-8.870963546807063,-6.424020835347339,-2.446942711459723,10,-9.1,Fail,REJECT,0.0
ZB-CMPX-USDCAD-D1-q0.25-rr3,USDCAD,D1,CMPX,q0.25,3.0,43,0.2235177595628415,32.55813953488372,1.6163203067817995,-0.1314621100148335,-5.65287073063784,-3.769439277140445,-1.883431453497395,9,-5.9,Fail,REJECT,0.0
ZB-PIV5-SPX500-M15-pad0.1-rr2,SPX500,M15,PIV5,pad0.1,2.0,1932,42.18800573888092,29.45134575569358,1.9969769678739924,-0.1173499509729287,-226.72010527969843,-46.00000000000005,-180.7201052796984,1292,-457.1,Fail,REJECT,0.0
ZB-PIV5-SPX500-M15-pad0.1-rr3,SPX500,M15,PIV5,pad0.1,3.0,1753,38.27928263988522,23.27438676554478,2.9532395480299214,-0.0797939985760299,-139.87887950378047,-42.55511440384744,-97.323765099933,1169,-354.4,Fail,REJECT,0.0
ZB-PIV5-SPX500-M15-pad0.25-rr2,SPX500,M15,PIV5,pad0.25,2.0,1920,41.92596843615495,29.166666666666668,1.99692838342911,-0.1258958881665096,-241.72010527969843,-70.00000000000006,-171.72010527969837,1283,-476.1,Fail,REJECT,0.0
ZB-PIV5-SPX500-M15-pad0.25-rr3,SPX500,M15,PIV5,pad0.25,3.0,1745,38.104591104734574,23.20916905444126,2.9581517684682765,-0.081258365877061,-141.79584845547146,-24.27501072474083,-117.52083773073063,1157,-404.0,Fail,REJECT,0.0
"ZB-BOX-SPX500-M15-N24,tight2.5-rr2",SPX500,M15,BOX,"N24,tight2.5",2.0,466,10.175781922525108,31.97424892703863,2.0,-0.0407725321888413,-19.00000000000005,4.99999999999995,-24.0,282,-70.0,Fail,REJECT,0.5
"ZB-BOX-SPX500-M15-N24,tight2.5-rr3",SPX500,M15,BOX,"N24,tight2.5",3.0,456,9.9574175035868,24.78070175438597,2.961095926746554,-0.0184126321878057,-8.396160277639424,-11.255298327166066,2.8591380495266385,278,-77.9,Fail,REJECT,0.5
"ZB-BOX-SPX500-M15-N48,tight2.5-rr2",SPX500,M15,BOX,"N48,tight2.5",2.0,1,0.0218364418938307,100.0,,2.0,2.0,2.0,0.0,0,2.0,Pass,REJECT,0.5
"ZB-BOX-SPX500-M15-N48,tight2.5-rr3",SPX500,M15,BOX,"N48,tight2.5",3.0,1,0.0218364418938307,100.0,,3.0,3.0,3.0,0.0,0,3.0,Pass,REJECT,0.5
ZB-CMPX-SPX500-M15-q0.25-rr2,SPX500,M15,CMPX,q0.25,2.0,959,20.941147776183644,30.448383733055262,2.0,-0.0865484880083421,-83.00000000000007,7.9999999999999325,-91.0,616,-197.0,Fail,REJECT,0.0
ZB-CMPX-SPX500-M15-q0.25-rr3,SPX500,M15,CMPX,q0.25,3.0,909,19.849325681492108,23.32233223322332,3.0,-0.0671067106710671,-61.00000000000007,9.999999999999927,-71.0,587,-202.1,Fail,REJECT,0.0
ZB-PIV5-SPX500-M30-pad0.1-rr2,SPX500,M30,PIV5,pad0.1,2.0,1371,29.937761836441894,30.85339168490153,1.9789368628391848,-0.0806484750170688,-110.5690592484014,-51.3197079965808,-59.2493512518206,893,-205.5,Fail,REJECT,0.0
ZB-PIV5-SPX500-M30-pad0.1-rr3,SPX500,M30,PIV5,pad0.1,3.0,1178,25.723328550932568,24.02376910016978,2.793398036021186,-0.0884537577206558,-104.1985265949326,-52.9459907759817,-51.25253581895088,773,-195.0,Fail,REJECT,0.0
ZB-PIV5-SPX500-M30-pad0.25-rr2,SPX500,M30,PIV5,pad0.25,2.0,1324,28.91144906743185,31.64652567975831,1.97756558148701,-0.0575522561235215,-76.19918710754249,-39.80810114848784,-36.39108595905464,871,-178.8,Fail,REJECT,0.0
ZB-PIV5-SPX500-M30-pad0.25-rr3,SPX500,M30,PIV5,pad0.25,3.0,1143,24.95905308464849,25.109361329833767,2.7996110213285568,-0.04572729886695,-52.26630260492394,-41.89409787837037,-10.37220472655356,756,-154.4,Fail,REJECT,0.0
"ZB-BOX-SPX500-M30-N24,tight2.5-rr2",SPX500,M30,BOX,"N24,tight2.5",2.0,283,6.179713055954089,32.50883392226148,1.9899630504771424,-0.0279197923559044,-7.901301236720945,15.000000000000028,-22.90130123672097,178,-42.5,Fail,REJECT,0.5
"ZB-BOX-SPX500-M30-N24,tight2.5-rr3",SPX500,M30,BOX,"N24,tight2.5",3.0,272,5.939512195121951,26.838235294117645,2.781653979062718,0.0148566910957652,4.041019978048137,19.152978257975523,-15.111958279927386,172,-13.5,Fail,REJECT,0.5
ZB-CMPX-SPX500-M30-q0.25-rr2,SPX500,M30,CMPX,q0.25,2.0,361,7.882955523672884,31.02493074792244,1.990478645951464,-0.0721030698338818,-26.02920821003136,-15.0,-11.029208210031353,229,-71.5,Fail,REJECT,0.0
ZB-CMPX-SPX500-M30-q0.25-rr3,SPX500,M30,CMPX,q0.25,3.0,328,7.16235294117647,23.47560975609756,2.9421173150412328,-0.0745564212907862,-24.454506183377884,-14.974747474747478,-9.479758708630406,209,-57.3,Fail,REJECT,0.0
ZB-PIV5-SPX500-H1-pad0.1-rr2,SPX500,H1,PIV5,pad0.1,2.0,1309,16.204131760878408,32.77310924369748,1.986872655018488,-0.0210670780012544,-27.576805103642023,-68.51650652257132,40.9397014189293,475,-116.1,Fail,REJECT,0.0
ZB-PIV5-SPX500-H1-pad0.1-rr3,SPX500,H1,PIV5,pad0.1,3.0,1081,13.381716144774298,25.994449583718783,2.7841306209769363,-0.0162763925743009,-17.5947803728193,-27.33537640883783,9.740596036018513,377,-83.8,Fail,REJECT,0.0
ZB-PIV5-SPX500-H1-pad0.25-rr2,SPX500,H1,PIV5,pad0.25,2.0,1275,15.783245221634813,33.01960784313726,1.983363136833964,-0.0148747168316021,-18.96526396029268,-58.97895913115996,40.01369517086728,460,-131.6,Fail,REJECT,0.0
ZB-PIV5-SPX500-H1-pad0.25-rr3,SPX500,H1,PIV5,pad0.25,3.0,1069,13.23316795445303,25.91206735266604,2.764597505455429,-0.0244699063953461,-26.158329936625023,-22.299726774546286,-3.8586031620787367,369,-92.9,Fail,REJECT,0.0
"ZB-BOX-SPX500-H1-N24,tight2.5-rr2",SPX500,H1,BOX,"N24,tight2.5",2.0,28,0.3466124440829605,28.57142857142857,1.939107852478435,-0.1602548992918757,-4.487137180172519,-1.4871371801725193,-3.0,15,-4.7,Fail,REJECT,0.0
"ZB-BOX-SPX500-H1-N24,tight2.5-rr3",SPX500,H1,BOX,"N24,tight2.5",3.0,28,0.3466124440829605,25.0,2.407464855121612,-0.1481337862195969,-4.147746014148715,1.5128628198274807,-5.660608833976196,15,-8.5,Fail,REJECT,0.0
ZB-CMPX-SPX500-H1-q0.25-rr2,SPX500,H1,CMPX,q0.25,2.0,367,4.5430988206588045,35.14986376021799,2.0031794067995894,0.0555252013635961,20.377748900439784,14.377748900439784,6.0,120,-19.2,Fail,REJECT,1.0
ZB-CMPX-SPX500-H1-q0.25-rr3,SPX500,H1,CMPX,q0.25,3.0,318,3.9365270435136233,26.10062893081761,2.89624571571545,0.0168976309778994,5.373446650972019,9.365942247696385,-3.992495596724364,107,-8.5,Fail,REJECT,1.0
ZB-PIV5-SPX500-H4-pad0.1-rr2,SPX500,H4,PIV5,pad0.1,2.0,502,2.9482693420798767,36.85258964143426,1.884149083961141,0.0624731492547273,31.361520925873133,21.000551061545643,10.36096986432749,137,4.6,Pass,DEPLOY-CANDIDATE,1.0
ZB-PIV5-SPX500-H4-pad0.1-rr3,SPX500,H4,PIV5,pad0.1,3.0,430,2.5254099942118464,31.3953488372093,2.342703222659434,0.0488785677276583,21.017784122893108,15.598620302501748,5.419163820391359,119,-15.7,Fail,REJECT,1.0
ZB-PIV5-SPX500-H4-pad0.25-rr2,SPX500,H4,PIV5,pad0.25,2.0,490,2.877792784101872,37.55102040816327,1.8957692112905853,0.0866611851978121,42.463980746927945,30.267369867689048,12.196610879238897,135,20.5,Pass,DEPLOY-CANDIDATE,1.0
ZB-PIV5-SPX500-H4-pad0.25-rr3,SPX500,H4,PIV5,pad0.25,3.0,421,2.472552575728342,31.353919239904982,2.375579563493765,0.0577492985302185,24.31245468122199,18.25893769540525,6.053516985816738,118,-11.7,Fail,REJECT,1.0
"ZB-BOX-SPX500-H4-N24,tight2.5-rr2",SPX500,H4,BOX,"N24,tight2.5",2.0,12,0.070476557978005,16.666666666666664,0.6015213653048498,-0.7330797724491918,-8.796957269390301,-8.796957269390301,0.0,0,-8.9,Fail,REJECT,0.0
"ZB-BOX-SPX500-H4-N24,tight2.5-rr3",SPX500,H4,BOX,"N24,tight2.5",3.0,12,0.070476557978005,16.666666666666664,0.6015213653048498,-0.7330797724491918,-8.796957269390301,-8.796957269390301,0.0,0,-8.9,Fail,REJECT,0.0
ZB-CMPX-SPX500-H4-q0.25-rr2,SPX500,H4,CMPX,q0.25,2.0,144,0.8457186957360603,32.63888888888889,1.8500801549308168,-0.0697655049878583,-10.046232718251598,1.1914452376370337,-11.237677955888632,30,-23.3,Fail,REJECT,0.0
ZB-CMPX-SPX500-H4-q0.25-rr3,SPX500,H4,CMPX,q0.25,3.0,123,0.7223847192745515,24.390243902439025,2.4477972743731127,-0.1571528273783198,-19.329797767533336,-11.79132290944311,-7.538474858090227,26,-24.1,Fail,REJECT,0.0
ZB-PIV5-SPX500-D1-pad0.1-rr2,SPX500,D1,PIV5,pad0.1,2.0,66,0.8170150467669784,46.96969696969697,1.6303746641524934,0.2266737359868946,14.960466575135047,12.239742024483636,2.720724550651413,29,14.7,Pass,DEPLOY-CANDIDATE,1.0
ZB-PIV5-SPX500-D1-pad0.1-rr3,SPX500,D1,PIV5,pad0.1,3.0,61,0.7551199674664498,40.98360655737705,1.9611731856498813,0.1964531271051721,11.983640753415498,15.13227244865456,-3.1486316952390645,26,12.5,Pass,REJECT,1.0
ZB-PIV5-SPX500-D1-pad0.25-rr2,SPX500,D1,PIV5,pad0.25,2.0,62,0.7674989833265555,45.16129032258064,1.5986371621927205,0.1662725686616852,10.308899257024487,7.981658969581908,2.327240287442578,26,10.0,Pass,DEPLOY-CANDIDATE,1.0
ZB-PIV5-SPX500-D1-pad0.25-rr3,SPX500,D1,PIV5,pad0.25,3.0,58,0.7179829198861326,39.6551724137931,1.9837975493709528,0.1679496702981631,9.741080877293465,12.375848618306286,-2.634767741012821,25,9.7,Pass,REJECT,1.0
"ZB-BOX-SPX500-D1-N24,tight2.5-rr2",SPX500,D1,BOX,"N24,tight2.5",2.0,2,0.0247580317202114,100.0,,1.3416563258503431,2.6833126517006867,2.6833126517006867,0.0,0,2.7,Pass,REJECT,1.0
"ZB-BOX-SPX500-D1-N24,tight2.5-rr3",SPX500,D1,BOX,"N24,tight2.5",3.0,2,0.0247580317202114,100.0,,1.3584118411158377,2.716823682231676,2.716823682231676,0.0,0,2.7,Pass,REJECT,1.0
ZB-CMPX-SPX500-D1-q0.25-rr2,SPX500,D1,CMPX,q0.25,2.0,13,0.1609272061813745,38.46153846153847,1.8931593108025453,0.1127535810779021,1.4657965540127282,2.465796554012728,-1.0,4,1.4,Pass,REJECT,0.5
ZB-CMPX-SPX500-D1-q0.25-rr3,SPX500,D1,CMPX,q0.25,3.0,12,0.1485481903212688,25.0,2.4943009070606723,-0.1171506444032193,-1.4058077328386325,-2.4058077328386323,1.0,3,-1.5,Fail,REJECT,0.5
ZB-PIV5-GER40-M15-pad0.1-rr2,GER40,M15,PIV5,pad0.1,2.0,2186,41.48493765586035,32.52516010978957,2.0,-0.0242451967063129,-53.00000000000003,-64.00000000000003,11.0,1264,-190.5,Fail,REJECT,0.5
ZB-PIV5-GER40-M15-pad0.1-rr3,GER40,M15,PIV5,pad0.1,3.0,1931,36.6456608478803,25.375453133091664,2.989487646326116,0.0123505679439649,23.8489466997964,-23.071318649150545,46.92026534894694,1123,-99.2,Fail,REJECT,0.5
ZB-PIV5-GER40-M15-pad0.25-rr2,GER40,M15,PIV5,pad0.25,2.0,2155,40.896633416458855,33.27146171693735,2.0,-0.0018561484918793,-4.000000000000021,-30.00000000000002,26.0,1231,-168.5,Fail,REJECT,0.5
ZB-PIV5-GER40-M15-pad0.25-rr3,GER40,M15,PIV5,pad0.25,3.0,1891,35.886558603491274,25.912215758857748,2.9724845103323925,0.0293587573045332,55.51741006287246,-19.56023988093474,75.07764994380719,1095,-89.3,Fail,REJECT,0.5
"ZB-BOX-GER40-M15-N24,tight2.5-rr2",GER40,M15,BOX,"N24,tight2.5",2.0,269,5.104962593516209,28.624535315985128,2.0,-0.1412639405204461,-38.0,-24.0,-14.0,146,-58.0,Fail,REJECT,0.0
"ZB-BOX-GER40-M15-N24,tight2.5-rr3",GER40,M15,BOX,"N24,tight2.5",3.0,267,5.067007481296758,21.722846441947567,2.975547980778217,-0.1363978169096008,-36.41821711486342,-10.0,-26.418217114863417,145,-63.7,Fail,REJECT,0.0
ZB-CMPX-GER40-M15-q0.25-rr2,GER40,M15,CMPX,q0.25,2.0,970,18.40822942643392,34.845360824742265,2.0,0.045360824742268,44.0,-13.0,57.0,543,-79.0,Fail,REJECT,1.0
ZB-CMPX-GER40-M15-q0.25-rr3,GER40,M15,CMPX,q0.25,3.0,880,16.700249376558602,26.81818181818182,3.0,0.0727272727272727,64.0,-8.0,72.0,496,-64.0,Fail,REJECT,1.0
ZB-PIV5-GER40-M30-pad0.1-rr2,GER40,M30,PIV5,pad0.1,2.0,1365,25.90436408977556,34.57875457875458,1.983404552576068,0.0315725538522405,43.096536008308405,4.274589680684912,38.82194632762349,796,-37.1,Fail,REJECT,1.0
ZB-PIV5-GER40-M30-pad0.1-rr3,GER40,M30,PIV5,pad0.1,3.0,1137,21.577481296758105,28.32014072119613,2.7748068971857505,0.0685052202724472,77.89043544977245,18.33495328124763,59.555482168524826,676,-11.5,Fail,REJECT,1.0
ZB-PIV5-GER40-M30-pad0.25-rr2,GER40,M30,PIV5,pad0.25,2.0,1350,25.61970074812968,34.96296296296296,1.9838036452422232,0.0431059345022356,58.1930115780181,-4.322895174899212,62.51590675291732,787,-25.6,Fail,REJECT,1.0
ZB-PIV5-GER40-M30-pad0.25-rr3,GER40,M30,PIV5,pad0.25,3.0,1115,21.15997506234413,28.968609865470853,2.7783503655580484,0.0935991948516192,104.36310225955542,30.97989764825809,73.38320461129733,661,0.1,Pass,DEPLOY-CANDIDATE,1.0
"ZB-BOX-GER40-M30-N24,tight2.5-rr2",GER40,M30,BOX,"N24,tight2.5",2.0,105,1.992643391521197,30.47619047619048,1.9303535399507408,-0.1061111354035139,-11.14166921736896,-13.707387895309076,2.565718677940114,67,-17.4,Fail,REJECT,0.0
"ZB-BOX-GER40-M30-N24,tight2.5-rr3",GER40,M30,BOX,"N24,tight2.5",3.0,104,1.973665835411472,24.03846153846154,2.541807026448696,-0.147539926968244,-15.344152404697375,-16.499731111796848,1.15557870709947,66,-21.3,Fail,REJECT,0.0
ZB-CMPX-GER40-M30-q0.25-rr2,GER40,M30,CMPX,q0.25,2.0,400,7.591022443890274,35.75,2.0,0.0725,29.0,12.0,17.0,223,-3.0,Fail,REJECT,1.0
ZB-CMPX-GER40-M30-q0.25-rr3,GER40,M30,CMPX,q0.25,3.0,347,6.585211970074813,29.68299711815562,2.886932449380512,0.1528003677533873,53.0217276104254,19.11837230077711,33.90335530964828,192,32.5,Pass,DEPLOY-CANDIDATE,1.0
ZB-PIV5-GER40-H1-pad0.1-rr2,GER40,H1,PIV5,pad0.1,2.0,1252,14.125604151223127,34.7444089456869,1.967957295960189,0.0311721521302248,39.02753446704149,-23.68128604039459,62.70882050743607,400,-3.3,Fail,REJECT,1.0
ZB-PIV5-GER40-H1-pad0.1-rr3,GER40,H1,PIV5,pad0.1,3.0,1024,11.553209785025944,29.1015625,2.685457155838383,0.0721130398881456,73.84375284546113,53.14697191090963,20.69678093455151,336,15.5,Pass,DEPLOY-CANDIDATE,1.0
ZB-PIV5-GER40-H1-pad0.25-rr2,GER40,H1,PIV5,pad0.25,2.0,1226,13.832260934025204,34.99184339314845,1.9665479339253409,0.0380159672172404,46.60757580833681,-13.68128604039462,60.28886184873143,387,15.1,Pass,REJECT,1.0
ZB-PIV5-GER40-H1-pad0.25-rr3,GER40,H1,PIV5,pad0.25,3.0,996,11.237301704966642,29.518072289156628,2.6923359534608733,0.0892923220600578,88.93515277181757,65.5102453855919,23.42490738622567,326,24.3,Pass,DEPLOY-CANDIDATE,1.0
"ZB-BOX-GER40-H1-N24,tight2.5-rr2",GER40,H1,BOX,"N24,tight2.5",2.0,21,0.2369310600444774,28.57142857142857,1.8549592692536632,-0.1842973516418105,-3.870244384478021,-5.870244384478021,2.0,7,-4.0,Fail,REJECT,0.5
"ZB-BOX-GER40-H1-N24,tight2.5-rr3",GER40,H1,BOX,"N24,tight2.5",3.0,21,0.2369310600444774,28.57142857142857,2.597229821163424,0.0277799489038353,0.5833789269805418,-3.870244384478021,4.453623311458563,7,0.4,Pass,REJECT,0.5
ZB-CMPX-GER40-H1-q0.25-rr2,GER40,H1,CMPX,q0.25,2.0,361,4.072957746478873,36.011080332409975,1.991305289902552,0.077201350934437,27.869687687331783,-3.1303123126682184,31.0,110,16.5,Pass,REJECT,1.0
ZB-CMPX-GER40-H1-q0.25-rr3,GER40,H1,CMPX,q0.25,3.0,313,3.531401037805782,28.11501597444089,2.8378626320300584,0.0786854211729675,24.628536827138856,4.364885638217041,20.263651188921816,96,7.1,Pass,DEPLOY-CANDIDATE,1.0
ZB-PIV5-GER40-H4-pad0.1-rr2,GER40,H4,PIV5,pad0.1,2.0,491,2.8258725657024013,32.79022403258656,1.907189269433526,-0.0461491237340068,-22.659219753397345,-10.76043465484456,-11.898785098552787,133,-38.0,Fail,REJECT,0.0
ZB-PIV5-GER40-H4-pad0.1-rr3,GER40,H4,PIV5,pad0.1,3.0,439,2.526594819436567,26.42369020501139,2.4236212668812467,-0.0936859118831778,-41.12811531671507,-29.780678631400512,-11.34743668531456,120,-55.7,Fail,REJECT,0.0
ZB-PIV5-GER40-H4-pad0.25-rr2,GER40,H4,PIV5,pad0.25,2.0,468,2.693499716392513,32.9059829059829,1.9187765634042853,-0.0390985737789547,-18.2981325285508,-11.359680950061737,-6.938451578489058,125,-32.9,Fail,REJECT,0.0
ZB-PIV5-GER40-H4-pad0.25-rr3,GER40,H4,PIV5,pad0.25,3.0,415,2.388466628852336,26.746987951807228,2.480858945721127,-0.067341744249719,-27.9468238636334,-24.434792378894144,-3.512031484739252,109,-42.5,Fail,REJECT,0.0
"ZB-BOX-GER40-H4-N24,tight2.5-rr2",GER40,H4,BOX,"N24,tight2.5",2.0,9,0.0517980714690867,44.44444444444444,2.482884527612958,0.4413807189542476,3.972426470588229,2.9724264705882284,1.0,2,3.9,Pass,WATCH,1.0
"ZB-BOX-GER40-H4-N24,tight2.5-rr3",GER40,H4,BOX,"N24,tight2.5",3.0,9,0.0517980714690867,33.33333333333333,3.378569153694627,0.385047654754372,3.4654288927893484,1.9724264705882284,1.49300242220112,2,3.4,Pass,WATCH,1.0
ZB-CMPX-GER40-H4-q0.25-rr2,GER40,H4,CMPX,q0.25,2.0,130,0.748194365664587,36.92307692307693,1.9205455550928057,0.0778189870716735,10.116468319317562,8.828649464948185,1.2878188543693758,28,2.4,Pass,DEPLOY-CANDIDATE,1.0
ZB-CMPX-GER40-H4-q0.25-rr3,GER40,H4,CMPX,q0.25,3.0,113,0.6503535640007563,32.743362831858406,2.4781407076318627,0.1378347841296789,15.575330606653718,13.708749277566342,1.866581329087376,23,8.3,Pass,DEPLOY-CANDIDATE,1.0
ZB-PIV5-GER40-D1-pad0.1-rr2,GER40,D1,PIV5,pad0.1,2.0,70,0.7897702001482579,35.714285714285715,1.4423587004008291,-0.125399269368475,-8.777948855793252,-4.453592202566068,-4.324356653227183,23,-9.0,Fail,REJECT,0.0
ZB-PIV5-GER40-D1-pad0.1-rr3,GER40,D1,PIV5,pad0.1,3.0,68,0.7672053372868791,35.294117647058826,1.5763578595446388,-0.0890053188005523,-6.052361678437557,-5.47708746077225,-0.5752742176653081,23,-6.4,Fail,REJECT,0.0
ZB-PIV5-GER40-D1-pad0.25-rr2,GER40,D1,PIV5,pad0.25,2.0,68,0.7672053372868791,35.294117647058826,1.4447837977196882,-0.1328007480571537,-9.030450867886454,-3.730537818157988,-5.299913049728466,23,-9.2,Fail,REJECT,0.0
ZB-PIV5-GER40-D1-pad0.25-rr3,GER40,D1,PIV5,pad0.25,3.0,65,0.733358042994811,35.38461538461539,1.6102941236639148,-0.0738291362581322,-4.7988938567785935,-3.2480632426120017,-1.550830614166591,23,-4.1,Fail,REJECT,0.0
"ZB-BOX-GER40-D1-N24,tight2.5-rr2",GER40,D1,BOX,"N24,tight2.5",2.0,4,0.0451297257227576,25.0,2.0,-0.25,-1.0,-1.0,0.0,0,-1.0,Fail,REJECT,0.0
"ZB-BOX-GER40-D1-N24,tight2.5-rr3",GER40,D1,BOX,"N24,tight2.5",3.0,4,0.0451297257227576,25.0,1.850397036115792,-0.287400740971052,-1.149602963884208,-1.149602963884208,0.0,0,-1.2,Fail,REJECT,0.0
ZB-CMPX-GER40-D1-q0.25-rr2,GER40,D1,CMPX,q0.25,2.0,9,0.1015418828762046,44.44444444444444,2.0,0.3333333333333333,3.0,0.0,3.0,3,3.0,Pass,REJECT,1.0
ZB-CMPX-GER40-D1-q0.25-rr3,GER40,D1,CMPX,q0.25,3.0,7,0.0789770200148258,42.85714285714285,1.768798253040308,0.1866278227315606,1.3063947591209244,-0.6936052408790754,2.0,2,1.3,Pass,REJECT,1.0
ZB-PIV5-US30-M15-pad0.1-rr2,US30,M15,PIV5,pad0.1,2.0,1931,42.19643933955492,31.952356292076644,1.9957879648129329,-0.04277515572782,-82.59882571042058,-34.7920722193328,-47.806753491087775,1270,-147.2,Fail,REJECT,0.0
ZB-PIV5-US30-M15-pad0.1-rr3,US30,M15,PIV5,pad0.1,3.0,1780,38.8967695620962,24.26966292134832,2.957720932497561,-0.0394744703151986,-70.26455716105353,-37.347324772413984,-32.91723238863955,1169,-115.0,Fail,REJECT,0.0
ZB-PIV5-US30-M15-pad0.25-rr2,US30,M15,PIV5,pad0.25,2.0,1914,41.82495333811917,32.07941483803553,1.995184488645257,-0.0391623427229949,-74.95672397181232,-12.149970480724544,-62.806753491087775,1261,-167.6,Fail,REJECT,0.0
ZB-PIV5-US30-M15-pad0.25-rr3,US30,M15,PIV5,pad0.25,3.0,1764,38.54713567839196,24.03628117913832,2.9584356894284447,-0.0485392673936164,-85.62326768233945,-43.149970480724576,-42.473297201614855,1159,-157.2,Fail,REJECT,0.0
"ZB-BOX-US30-M15-N24,tight2.5-rr2",US30,M15,BOX,"N24,tight2.5",2.0,566,12.36829863603733,33.39222614840989,2.0,0.0017667844522968,1.0,-12.0,13.0,377,-20.0,Fail,REJECT,0.25
"ZB-BOX-US30-M15-N24,tight2.5-rr3",US30,M15,BOX,"N24,tight2.5",3.0,562,12.280890165111272,24.02135231316726,2.9899539742334413,-0.0415590987161662,-23.356213478485447,-43.0,19.64378652151456,375,-49.4,Fail,REJECT,0.25
"ZB-BOX-US30-M15-N48,tight2.5-rr2",US30,M15,BOX,"N48,tight2.5",2.0,1,0.0218521177315147,0.0,0.0,-1.0,-1.0,-1.0,0.0,0,-1.0,Fail,REJECT,0.25
"ZB-BOX-US30-M15-N48,tight2.5-rr3",US30,M15,BOX,"N48,tight2.5",3.0,1,0.0218521177315147,0.0,0.0,-1.0,-1.0,-1.0,0.0,0,-1.0,Fail,REJECT,0.25
ZB-CMPX-US30-M15-q0.25-rr2,US30,M15,CMPX,q0.25,2.0,1043,22.79175879396985,30.87248322147651,2.0,-0.0738255033557047,-77.0,-25.0,-52.0,685,-144.0,Fail,REJECT,0.0
ZB-CMPX-US30-M15-q0.25-rr3,US30,M15,CMPX,q0.25,3.0,989,21.61174443646805,22.649140546006063,3.0,-0.0940343781597573,-93.0,-51.0,-42.0,654,-158.0,Fail,REJECT,0.0
ZB-PIV5-US30-M30-pad0.1-rr2,US30,M30,PIV5,pad0.1,2.0,1406,30.72407753050969,32.64580369843528,1.9925883580686248,-0.022998193733414,-32.33546038918022,-46.61984637424479,14.28438598506457,921,-62.7,Fail,REJECT,0.0
ZB-PIV5-US30-M30-pad0.1-rr3,US30,M30,PIV5,pad0.1,3.0,1196,26.135132806891605,25.418060200668897,2.815568808600957,-0.030090732185219,-35.98851569352197,-20.60382845325437,-15.384687240267606,775,-60.2,Fail,REJECT,0.0
ZB-PIV5-US30-M30-pad0.25-rr2,US30,M30,PIV5,pad0.25,2.0,1361,29.740732232591533,32.77002204261573,1.988249800491143,-0.0207279672073518,-28.210763369205853,-58.94544698334688,30.734683614141023,888,-68.6,Fail,REJECT,0.0
ZB-PIV5-US30-M30-pad0.25-rr3,US30,M30,PIV5,pad0.25,3.0,1159,25.32660445082556,25.53925798101812,2.808880086413273,-0.0272097858904458,-31.53614184702672,-34.126933017247914,2.590791170221202,753,-34.0,Fail,REJECT,0.0
"ZB-BOX-US30-M30-N24,tight2.5-rr2",US30,M30,BOX,"N24,tight2.5",2.0,383,8.369361091170138,34.9869451697128,1.9942565097439,0.0475988833046542,18.23037230568259,1.0,17.23037230568259,261,10.0,Pass,WATCH,1.0
"ZB-BOX-US30-M30-N24,tight2.5-rr3",US30,M30,BOX,"N24,tight2.5",3.0,369,8.06343144292893,28.997289972899733,2.837715344359339,0.1128334467383448,41.63554184644926,18.01358648833729,23.62195535811197,251,18.7,Pass,DEPLOY-CANDIDATE,1.0
ZB-CMPX-US30-M30-q0.25-rr2,US30,M30,CMPX,q0.25,2.0,310,6.774156496769563,33.87096774193548,2.0065204063095337,0.018163745350285,5.630761058588373,-4.312321287634779,9.943082346223154,196,3.5,Pass,REJECT,1.0
ZB-CMPX-US30-M30-q0.25-rr3,US30,M30,CMPX,q0.25,3.0,271,5.921923905240488,27.67527675276753,2.89947497924508,0.0788000529754724,21.354814356353028,13.933995751114978,7.42081860523805,171,18.8,Pass,DEPLOY-CANDIDATE,1.0
ZB-PIV5-US30-H1-pad0.1-rr2,US30,H1,PIV5,pad0.1,2.0,1313,16.260260374288038,33.58720487433359,1.9845763386668875,0.0024348610864685,3.1969726065332296,-56.66946942029557,59.8664420268288,496,-24.4,Fail,REJECT,0.75
ZB-PIV5-US30-H1-pad0.1-rr3,US30,H1,PIV5,pad0.1,3.0,1086,13.449080553295362,26.151012891344383,2.782555066699032,-0.0107698467246229,-11.69605354294055,-27.492399523016285,15.796345980075738,395,-20.6,Fail,REJECT,0.75
ZB-PIV5-US30-H1-pad0.25-rr2,US30,H1,PIV5,pad0.25,2.0,1262,15.6286737184703,33.914421553090335,1.9878943849730752,0.0133109237539315,16.798385777461668,-34.754974118446626,51.55335989590831,472,6.4,Pass,REJECT,0.75
ZB-PIV5-US30-H1-pad0.25-rr3,US30,H1,PIV5,pad0.25,3.0,1049,12.99087062652563,26.69208770257388,2.787577042441232,0.0109197879812279,11.45485759230816,6.876893837822987,4.577963754485166,384,-11.3,Fail,REJECT,0.75
"ZB-BOX-US30-H1-N24,tight2.5-rr2",US30,H1,BOX,"N24,tight2.5",2.0,25,0.3096013018714402,36.0,2.0,0.08,2.0,-1.0,3.0,9,2.0,Pass,REJECT,0.5
"ZB-BOX-US30-H1-N24,tight2.5-rr3",US30,H1,BOX,"N24,tight2.5",3.0,25,0.3096013018714402,24.0,3.0,-0.04,-1.0,0.0,-1.0,9,-1.0,Fail,REJECT,0.5
ZB-CMPX-US30-H1-q0.25-rr2,US30,H1,CMPX,q0.25,2.0,336,4.161041497152156,33.33333333333333,1.9849827202436736,-0.0050057599187753,-1.6819353327085151,-1.6819353327085125,0.0,111,-9.7,Fail,REJECT,0.0
ZB-CMPX-US30-H1-q0.25-rr3,US30,H1,CMPX,q0.25,3.0,288,3.566606997558991,23.958333333333336,2.891181178450739,-0.0677378426628438,-19.508498686899017,-11.508498686899015,-8.0,96,-15.7,Fail,REJECT,0.0
ZB-PIV5-US30-H4-pad0.1-rr2,US30,H4,PIV5,pad0.1,2.0,506,2.9757805255023184,34.58498023715415,1.941065665016432,0.0168524168332033,8.527322917600872,22.17311231540303,-13.645789397802163,137,3.4,Pass,REJECT,1.0
ZB-PIV5-US30-H4-pad0.1-rr3,US30,H4,PIV5,pad0.1,3.0,443,2.6052782071097376,29.345372460496616,2.5295042053808707,0.0350265967448732,15.516782357978837,26.07685322674424,-10.560070868765395,126,10.3,Pass,REJECT,1.0
ZB-PIV5-US30-H4-pad0.25-rr2,US30,H4,PIV5,pad0.25,2.0,488,2.8699227202472954,34.22131147540984,1.939372178678349,0.0057820946985259,2.821662212880641,12.032353823399468,-9.210691610518822,127,-0.3,Fail,REJECT,1.0
ZB-PIV5-US30-H4-pad0.25-rr3,US30,H4,PIV5,pad0.25,3.0,421,2.475896445131376,30.878859857482183,2.548661474893772,0.0935520714155679,39.3854220659541,38.124255055027874,1.261167010926239,115,29.2,Pass,DEPLOY-CANDIDATE,1.0
"ZB-BOX-US30-H4-N24,tight2.5-rr2",US30,H4,BOX,"N24,tight2.5",2.0,5,0.0294049459041731,40.0,2.0,0.2,1.0,1.0,0.0,0,1.0,Pass,REJECT,1.0
"ZB-BOX-US30-H4-N24,tight2.5-rr3",US30,H4,BOX,"N24,tight2.5",3.0,5,0.0294049459041731,40.0,2.1344962227315105,0.2537984890926042,1.268992445463021,1.268992445463021,0.0,0,1.2,Pass,REJECT,1.0
ZB-CMPX-US30-H4-q0.25-rr2,US30,H4,CMPX,q0.25,2.0,137,0.8056955177743431,33.57664233576642,1.964852382352048,-0.0044531070277869,-0.610075662806814,-4.610075662806814,4.0,23,3.3,Pass,REJECT,0.5
ZB-CMPX-US30-H4-q0.25-rr3,US30,H4,CMPX,q0.25,3.0,117,0.6880757341576508,31.62393162393162,2.722963271778195,0.1751511775853625,20.49268777748741,13.214024977907943,7.278662799579465,20,14.0,Pass,DEPLOY-CANDIDATE,0.5
ZB-PIV5-US30-D1-pad0.1-rr2,US30,D1,PIV5,pad0.1,2.0,64,0.7925793327908869,37.5,1.4503212649415809,-0.0737767429049377,-4.721711545916016,-3.9622475146433818,-0.7594640312726348,27,-4.8,Fail,REJECT,0.0
ZB-PIV5-US30-D1-pad0.1-rr3,US30,D1,PIV5,pad0.1,3.0,60,0.7430431244914565,33.33333333333333,1.5193757671013188,-0.1450612346869145,-8.703674081214874,-1.9130188587193635,-6.790655222495512,24,-8.8,Fail,REJECT,0.0
ZB-PIV5-US30-D1-pad0.25-rr2,US30,D1,PIV5,pad0.25,2.0,63,0.7801952807160293,39.68253968253968,1.4418901128699404,-0.0280557122849306,-1.7675098739506296,-0.6927061046766609,-1.0748037692739678,26,-1.8,Fail,REJECT,0.0
ZB-PIV5-US30-D1-pad0.25-rr3,US30,D1,PIV5,pad0.25,3.0,58,0.7182750203417413,36.206896551724135,1.3487247016090105,-0.1311457953015833,-7.606456127491834,-0.5105616356053937,-7.095894491886441,23,-7.7,Fail,REJECT,0.0
"ZB-BOX-US30-D1-N24,tight2.5-rr2",US30,D1,BOX,"N24,tight2.5",2.0,4,0.0495362082994304,75.0,1.454170559162702,0.8406279193720264,3.3625116774881056,2.579799946888554,0.7827117305995515,2,3.4,Pass,WATCH,1.0
"ZB-BOX-US30-D1-N24,tight2.5-rr3",US30,D1,BOX,"N24,tight2.5",3.0,4,0.0495362082994304,75.0,1.0049315651947432,0.5036986738960574,2.014794695584229,1.2320829649846785,0.7827117305995515,2,2.0,Pass,WATCH,1.0
ZB-CMPX-US30-D1-q0.25-rr2,US30,D1,CMPX,q0.25,2.0,10,0.123840520748576,50.0,1.865654790823739,0.3522990580286911,3.522990580286911,3.319132403953017,0.2038581763338942,2,3.5,Pass,WATCH,1.0
ZB-CMPX-US30-D1-q0.25-rr3,US30,D1,CMPX,q0.25,3.0,9,0.1114564686737184,33.33333333333333,3.030156672936836,0.1928614210374572,1.7357527893371154,1.93287448817526,-0.1971216988381443,1,1.7,Pass,REJECT,1.0
ZB-PIV5-JPN225-M15-pad0.1-rr2,JPN225,M15,PIV5,pad0.1,2.0,2024,44.22868628858579,32.4604743083004,1.995212044053531,-0.0277399639608844,-56.14568705683022,-9.680724401554125,-46.464962655276096,1344,-237.1,Fail,REJECT,0.5
ZB-PIV5-JPN225-M15-pad0.1-rr3,JPN225,M15,PIV5,pad0.1,3.0,1801,39.35566403445801,26.263187118267627,2.944581595034821,0.0359634246308314,64.7701277601275,76.94803185511637,-12.17790409498888,1200,-149.0,Fail,REJECT,0.5
ZB-PIV5-JPN225-M15-pad0.25-rr2,JPN225,M15,PIV5,pad0.25,2.0,2011,43.9446087580761,32.819492789656884,1.992845231040504,-0.0177633751930719,-35.722147513267664,1.319275598445934,-37.0414231117136,1333,-195.1,Fail,REJECT,0.5
ZB-PIV5-JPN225-M15-pad0.25-rr3,JPN225,M15,PIV5,pad0.25,3.0,1780,38.8967695620962,26.40449438202247,2.9452002236024053,0.0416990980918699,74.22439460352848,62.9787591549549,11.245635448573584,1186,-115.3,Fail,REJECT,0.5
"ZB-BOX-JPN225-M15-N24,tight2.5-rr2",JPN225,M15,BOX,"N24,tight2.5",2.0,161,3.518190954773869,36.64596273291926,2.0,0.0993788819875774,15.999999999999975,22.0,-6.000000000000025,123,-6.2,Fail,REJECT,1.0
"ZB-BOX-JPN225-M15-N24,tight2.5-rr3",JPN225,M15,BOX,"N24,tight2.5",3.0,161,3.518190954773869,28.57142857142857,2.9554168880354923,0.1301191108672834,20.949176849632632,26.0,-5.050823150367368,123,-1.5,Fail,REJECT,1.0
ZB-CMPX-JPN225-M15-q0.25-rr2,JPN225,M15,CMPX,q0.25,2.0,816,17.83132806891601,29.5343137254902,1.992107505523036,-0.1163015823148877,-94.90209116894836,-12.99999999999996,-81.90209116894842,533,-169.9,Fail,REJECT,0.0
ZB-CMPX-JPN225-M15-q0.25-rr3,JPN225,M15,CMPX,q0.25,3.0,747,16.323531945441495,22.62382864792504,2.9828278629056304,-0.0989318489544156,-73.90209116894846,14.999999999999954,-88.90209116894842,486,-167.2,Fail,REJECT,0.0
ZB-PIV5-JPN225-M30-pad0.1-rr2,JPN225,M30,PIV5,pad0.1,2.0,1353,29.56591529073941,34.368070953436806,1.9773917826211649,0.0231861656039786,31.370882062183146,20.96719643282901,10.403685629354133,891,-80.6,Fail,REJECT,0.5
ZB-PIV5-JPN225-M30-pad0.1-rr3,JPN225,M30,PIV5,pad0.1,3.0,1133,24.758449389806177,25.50750220653133,2.8092602522248824,-0.028117298118403,-31.856898768150685,34.58622033903315,-66.44311910718383,761,-78.7,Fail,REJECT,0.5
ZB-PIV5-JPN225-M30-pad0.25-rr2,JPN225,M30,PIV5,pad0.25,2.0,1321,28.866647523330943,34.44360333080999,1.977759887707668,0.0255659004027794,33.77255443207163,5.967196432829006,27.80535799924263,865,-64.4,Fail,REJECT,0.5
ZB-PIV5-JPN225-M30-pad0.25-rr3,JPN225,M30,PIV5,pad0.25,3.0,1120,24.47437185929649,25.44642857142857,2.8178130434623485,-0.0282766360097749,-31.669832330947983,18.318848605866485,-49.98868093681448,745,-69.8,Fail,REJECT,0.5
"ZB-BOX-JPN225-M30-N24,tight2.5-rr2",JPN225,M30,BOX,"N24,tight2.5",2.0,82,1.7918736539842068,31.70731707317073,1.906063529738196,-0.078565222278133,-6.44234822680691,-11.0,4.557651773193092,59,-9.7,Fail,REJECT,0.0
"ZB-BOX-JPN225-M30-N24,tight2.5-rr3",JPN225,M30,BOX,"N24,tight2.5",3.0,81,1.770021536252692,24.69135802469136,2.75252565901734,-0.0722881794423448,-5.855342534829932,-7.0,1.1446574651700687,58,-10.4,Fail,REJECT,0.0
ZB-CMPX-JPN225-M30-q0.25-rr2,JPN225,M30,CMPX,q0.25,2.0,350,7.648241206030152,34.285714285714285,1.9908267925843568,0.025426328886065,8.899215110122777,-0.1007848898772234,9.0,213,-30.4,Fail,REJECT,1.0
ZB-CMPX-JPN225-M30-q0.25-rr3,JPN225,M30,CMPX,q0.25,3.0,311,6.796008614501077,27.009646302250808,2.8874825502804344,0.0499952868924645,15.548534223556478,-3.1282981286111475,18.67683235216763,188,-25.7,Fail,REJECT,1.0
ZB-PIV5-JPN225-H1-pad0.1-rr2,JPN225,H1,PIV5,pad0.1,2.0,1253,15.479431818181816,33.83878691141261,1.975335316614336,0.0068079716666278,8.530388498284742,17.464093430206496,-8.93370493192176,477,-50.5,Fail,REJECT,0.75
ZB-PIV5-JPN225-H1-pad0.1-rr3,JPN225,H1,PIV5,pad0.1,3.0,1031,12.736866883116884,27.44907856450049,2.715059055003363,0.0196649950427587,20.274609889084225,54.4923285230368,-34.21771863395258,401,-60.7,Fail,REJECT,0.75
ZB-PIV5-JPN225-H1-pad0.25-rr2,JPN225,H1,PIV5,pad0.25,2.0,1226,15.145876623376624,34.01305057096248,1.9649184135006403,0.0084541951021335,10.364843195215707,23.47454452650264,-13.109701331286924,460,-48.2,Fail,REJECT,0.75
ZB-PIV5-JPN225-H1-pad0.25-rr3,JPN225,H1,PIV5,pad0.25,3.0,1009,12.46508116883117,26.660059464816648,2.72226858204727,-0.0076013036138687,-7.669715346393559,26.234427076575603,-33.90414242296915,389,-50.0,Fail,REJECT,0.75
"ZB-BOX-JPN225-H1-N24,tight2.5-rr2",JPN225,H1,BOX,"N24,tight2.5",2.0,24,0.2964935064935065,29.166666666666668,2.0,-0.125,-3.0,3.0,-6.0,6,-6.0,Fail,REJECT,0.0
"ZB-BOX-JPN225-H1-N24,tight2.5-rr3",JPN225,H1,BOX,"N24,tight2.5",3.0,24,0.2964935064935065,20.833333333333336,3.0,-0.1666666666666666,-4.0,2.0,-6.0,6,-8.3,Fail,REJECT,0.0
ZB-CMPX-JPN225-H1-q0.25-rr2,JPN225,H1,CMPX,q0.25,2.0,320,3.9532467532467535,32.5,2.0,-0.025,-8.0,-11.0,3.0,90,-36.3,Fail,REJECT,0.0
ZB-CMPX-JPN225-H1-q0.25-rr3,JPN225,H1,CMPX,q0.25,3.0,279,3.446737012987013,24.372759856630825,2.8442176856519232,-0.0630580551099254,-17.59319737566921,-20.272982680599384,2.6797853049301743,76,-27.7,Fail,REJECT,0.0
ZB-PIV5-JPN225-H4-pad0.1-rr2,JPN225,H4,PIV5,pad0.1,2.0,484,2.8635490767735665,33.264462809917354,1.8692496032926105,-0.0450304853744903,-21.79475492125331,-28.81281073183311,7.018055810579794,121,-24.5,Fail,REJECT,0.0
ZB-PIV5-JPN225-H4-pad0.1-rr3,JPN225,H4,PIV5,pad0.1,3.0,426,2.520396501457726,28.169014084507044,2.420804349615977,-0.0357975751676448,-15.249767021416726,-11.787517025368164,-3.462249996048558,110,-31.5,Fail,REJECT,0.0
ZB-PIV5-JPN225-H4-pad0.25-rr2,JPN225,H4,PIV5,pad0.25,2.0,468,2.7688862973760933,33.97435897435898,1.845583351466152,-0.0328642102452755,-15.380450394788962,-19.238326109930945,3.8578757151419847,124,-17.6,Fail,REJECT,0.0
ZB-PIV5-JPN225-H4-pad0.25-rr3,JPN225,H4,PIV5,pad0.25,3.0,411,2.4316501457725948,28.22384428223844,2.410979553332938,-0.036472155328686,-14.990055840089948,-6.125618247970131,-8.864437592119822,109,-32.6,Fail,REJECT,0.0
"ZB-BOX-JPN225-H4-N24,tight2.5-rr2",JPN225,H4,BOX,"N24,tight2.5",2.0,15,0.0887463556851312,26.666666666666668,1.507108444589978,-0.3314377481093392,-4.971566221640088,-4.971566221640088,0.0,3,-6.6,Fail,REJECT,0.0
"ZB-BOX-JPN225-H4-N24,tight2.5-rr3",JPN225,H4,BOX,"N24,tight2.5",3.0,15,0.0887463556851312,26.666666666666668,0.6819328953317898,-0.551484561244856,-8.27226841867284,-8.06994825676784,-0.2023201619050021,3,-8.5,Fail,REJECT,0.0
ZB-CMPX-JPN225-H4-q0.25-rr2,JPN225,H4,CMPX,q0.25,2.0,129,0.7632186588921283,32.55813953488372,1.9606885803928136,-0.0360548808023397,-4.651079623501822,-1.651079623501822,-3.0,24,-9.5,Fail,REJECT,0.5
ZB-CMPX-JPN225-H4-q0.25-rr3,JPN225,H4,CMPX,q0.25,3.0,111,0.6567230320699708,32.432432432432435,2.601394955254744,0.168019985488025,18.65021838917078,17.65021838917078,1.0,23,7.7,Pass,WATCH,0.5
ZB-PIV5-JPN225-D1-pad0.1-rr2,JPN225,D1,PIV5,pad0.1,2.0,61,0.7535876623376624,40.98360655737705,1.995783969930092,0.2021112981763462,12.32878918875712,-6.28333818041977,18.61212736917689,24,6.4,Pass,REJECT,1.0
ZB-PIV5-JPN225-D1-pad0.1-rr3,JPN225,D1,PIV5,pad0.1,3.0,57,0.7041720779220779,33.33333333333333,2.458355312054249,0.1364736388915111,7.778997416816133,-8.561881272015633,16.340878688831765,21,7.5,Pass,REJECT,1.0
ZB-PIV5-JPN225-D1-pad0.25-rr2,JPN225,D1,PIV5,pad0.25,2.0,58,0.7165259740259741,44.82758620689656,1.917186864907854,0.2777447989466831,16.10919833890762,-3.928343083705103,20.03754142261273,23,11.0,Pass,REJECT,1.0
ZB-PIV5-JPN225-D1-pad0.25-rr3,JPN225,D1,PIV5,pad0.25,3.0,54,0.6671103896103896,35.18518518518518,2.286544230833748,0.1424561054822632,7.692629696042218,-6.206886175300967,13.899515871343183,20,7.4,Pass,REJECT,1.0
"ZB-BOX-JPN225-D1-N24,tight2.5-rr2",JPN225,D1,BOX,"N24,tight2.5",2.0,1,0.0123538961038961,0.0,0.0,-1.0,-1.0,-1.0,0.0,0,-1.0,Fail,REJECT,0.0
"ZB-BOX-JPN225-D1-N24,tight2.5-rr3",JPN225,D1,BOX,"N24,tight2.5",3.0,1,0.0123538961038961,0.0,0.0,-1.0,-1.0,-1.0,0.0,0,-1.0,Fail,REJECT,0.0
ZB-CMPX-JPN225-D1-q0.25-rr2,JPN225,D1,CMPX,q0.25,2.0,4,0.0494155844155844,25.0,2.0,-0.25,-1.0,-1.0,0.0,0,-1.0,Fail,REJECT,0.0
ZB-CMPX-JPN225-D1-q0.25-rr3,JPN225,D1,CMPX,q0.25,3.0,4,0.0494155844155844,25.0,3.0,0.0,0.0,0.0,0.0,0,0.0,Fail,REJECT,0.0
ZB-PIV5-HK50-M15-pad0.1-rr2,HK50,M15,PIV5,pad0.1,2.0,2520,37.111175616836,32.77777777777778,2.0,-0.0166666666666667,-42.000000000000085,9.999999999999922,-52.0,1117,-179.0,Fail,REJECT,0.25
ZB-PIV5-HK50-M15-pad0.1-rr3,HK50,M15,PIV5,pad0.1,3.0,2209,32.53118529269473,25.124490719782703,2.9957647355177617,0.0039115484616346,8.640610551750921,38.94356687108955,-30.30295631933864,965,-91.7,Fail,REJECT,0.25
ZB-PIV5-HK50-M15-pad0.25-rr2,HK50,M15,PIV5,pad0.25,2.0,2508,36.934455732946304,32.77511961722488,2.0,-0.0167464114832536,-42.00000000000007,6.999999999999936,-49.00000000000001,1108,-194.0,Fail,REJECT,0.25
ZB-PIV5-HK50-M15-pad0.25-rr3,HK50,M15,PIV5,pad0.25,3.0,2196,32.339738751814224,24.499089253187613,2.9951914621648275,-0.0211929029229352,-46.53961481876586,17.943566871089565,-64.48318168985543,967,-149.7,Fail,REJECT,0.25
"ZB-BOX-HK50-M15-N24,tight2.5-rr2",HK50,M15,BOX,"N24,tight2.5",2.0,359,5.286869859700049,32.86908077994429,2.0,-0.0139275766016713,-5.00000000000002,-2.0000000000000204,-3.0,153,-19.0,Fail,REJECT,0.5
"ZB-BOX-HK50-M15-N24,tight2.5-rr3",HK50,M15,BOX,"N24,tight2.5",3.0,348,5.124876632801161,26.14942528735632,3.010821144346964,0.0486312632440529,16.923679608930414,1.0,15.923679608930414,149,-10.2,Fail,REJECT,0.5
ZB-CMPX-HK50-M15-q0.25-rr2,HK50,M15,CMPX,q0.25,2.0,1141,16.803115626511854,34.96932515337423,2.0,0.0490797546012269,55.99999999999997,55.0,0.9999999999999716,491,-53.0,Fail,REJECT,1.0
ZB-CMPX-HK50-M15-q0.25-rr3,HK50,M15,CMPX,q0.25,3.0,1034,15.227363328495406,26.30560928433269,3.0,0.0522243713733076,54.00000000000006,55.0,-0.9999999999999468,445,-52.0,Fail,REJECT,1.0
ZB-PIV5-HK50-M30-pad0.1-rr2,HK50,M30,PIV5,pad0.1,2.0,1614,23.76882438316401,33.705080545229244,1.991977601949012,0.0084484606321326,13.635815460262116,-7.9143650916048465,21.55018055186696,695,-76.1,Fail,REJECT,0.75
ZB-PIV5-HK50-M30-pad0.1-rr3,HK50,M30,PIV5,pad0.1,3.0,1331,19.601180454765363,26.296018031555224,2.855668362746075,0.0138286917284993,18.405988690632576,-6.417876181561375,24.823864872193948,589,-57.3,Fail,REJECT,0.75
ZB-PIV5-HK50-M30-pad0.25-rr2,HK50,M30,PIV5,pad0.25,2.0,1568,23.09139816158684,33.609693877551024,1.9951820573846208,0.006665741765939,10.451883088992432,0.9999999999999822,9.45188308899244,675,-72.7,Fail,REJECT,0.75
ZB-PIV5-HK50-M30-pad0.25-rr3,HK50,M30,PIV5,pad0.25,3.0,1300,19.14465408805032,25.846153846153847,2.849218370414713,-0.0051057261608939,-6.637444009162152,-3.271480676821847,-3.365963332340309,574,-72.7,Fail,REJECT,0.75
"ZB-BOX-HK50-M30-N24,tight2.5-rr2",HK50,M30,BOX,"N24,tight2.5",2.0,77,1.133952588292211,35.064935064935064,2.0,0.0519480519480519,4.0,15.0,-11.0,35,1.0,Pass,REJECT,1.0
"ZB-BOX-HK50-M30-N24,tight2.5-rr3",HK50,M30,BOX,"N24,tight2.5",3.0,77,1.133952588292211,27.27272727272727,2.865944067983893,0.0543483821774252,4.184825427661746,11.184825427661746,-7.0,35,-2.6,Fail,REJECT,1.0
ZB-CMPX-HK50-M30-q0.25-rr2,HK50,M30,CMPX,q0.25,2.0,441,6.4944557329463,34.92063492063492,1.9904949219446004,0.0442998140124,19.53621797946844,24.53621797946846,-5.00000000000002,182,-4.6,Fail,REJECT,1.0
ZB-CMPX-HK50-M30-q0.25-rr3,HK50,M30,CMPX,q0.25,3.0,386,5.684489598451863,27.46113989637305,2.936252489437847,0.0809398027989942,31.24276388041177,17.24276388041177,14.0,166,2.5,Pass,DEPLOY-CANDIDATE,1.0
ZB-PIV5-HK50-H1-pad0.1-rr2,HK50,H1,PIV5,pad0.1,2.0,1333,12.735881983678595,33.30832708177044,1.9882671041125304,-0.0046535492426497,-6.203181140452115,-18.127112887855027,11.923931747402913,350,-40.6,Fail,REJECT,0.5
ZB-PIV5-HK50-H1-pad0.1-rr3,HK50,H1,PIV5,pad0.1,3.0,1110,10.60527306967985,27.29729729729729,2.8153445847127885,0.0413733665406796,45.9244368601544,9.742549162963265,36.18188769719112,289,-12.0,Fail,REJECT,0.5
ZB-PIV5-HK50-H1-pad0.25-rr2,HK50,H1,PIV5,pad0.25,2.0,1306,12.47791588198368,33.078101071975496,1.984522006850686,-0.0127633677461041,-16.668958276412006,-30.99450024138478,14.32554196497278,342,-63.1,Fail,REJECT,0.5
ZB-PIV5-HK50-H1-pad0.25-rr3,HK50,H1,PIV5,pad0.25,3.0,1101,10.519284369114878,27.24795640326976,2.8057051964910364,0.0368745324803098,40.59886026082116,1.8774163760279468,38.72144388479321,282,-16.6,Fail,REJECT,0.5
"ZB-BOX-HK50-H1-N24,tight2.5-rr2",HK50,H1,BOX,"N24,tight2.5",2.0,16,0.1528688010043942,37.5,2.0,0.125,2.0,-1.0,3.0,3,2.0,Pass,REJECT,1.0
"ZB-BOX-HK50-H1-N24,tight2.5-rr3",HK50,H1,BOX,"N24,tight2.5",3.0,16,0.1528688010043942,37.5,2.601972435485246,0.3507396633069673,5.611834612911477,0.6118346129114771,5.0,3,5.6,Pass,WATCH,1.0
ZB-CMPX-HK50-H1-q0.25-rr2,HK50,H1,CMPX,q0.25,2.0,368,3.515982423101068,33.69565217391305,2.0,0.0108695652173913,4.0,0.0,4.0,92,-20.0,Fail,REJECT,0.5
ZB-CMPX-HK50-H1-q0.25-rr3,HK50,H1,CMPX,q0.25,3.0,324,3.0955932203389835,24.69135802469136,2.9908461008232377,-0.0145722261529026,-4.721401273540465,6.0,-10.721401273540463,82,-7.7,Fail,REJECT,0.5
ZB-PIV5-HK50-H4-pad0.1-rr2,HK50,H4,PIV5,pad0.1,2.0,474,2.1347181535730138,37.76371308016878,1.9215143205671328,0.1023082330980282,48.494102488465366,46.81288110734039,1.681221381124982,107,36.4,Pass,DEPLOY-CANDIDATE,1.0
ZB-PIV5-HK50-H4-pad0.1-rr3,HK50,H4,PIV5,pad0.1,3.0,419,1.8870187897617992,31.980906921241047,2.4532540075523595,0.1028550078439564,43.09624828661774,51.10703670435802,-8.010788417740278,94,21.7,Pass,REJECT,1.0
ZB-PIV5-HK50-H4-pad0.25-rr2,HK50,H4,PIV5,pad0.25,2.0,466,2.0986891552004736,37.55364806866952,1.908451655577183,0.0916586271939628,42.71292027238669,33.06272660158112,9.650193670805564,108,28.8,Pass,DEPLOY-CANDIDATE,1.0
ZB-PIV5-HK50-H4-pad0.25-rr3,HK50,H4,PIV5,pad0.25,3.0,411,1.8509897913892588,31.38686131386861,2.399314909523682,0.0661396705142964,27.183404581375825,24.766964743139297,2.41643983823652,93,8.6,Pass,DEPLOY-CANDIDATE,1.0
"ZB-BOX-HK50-H4-N24,tight2.5-rr2",HK50,H4,BOX,"N24,tight2.5",2.0,8,0.0360289983725403,25.0,2.0,-0.25,-2.0,-2.0,0.0,3,-2.0,Fail,REJECT,0.0
"ZB-BOX-HK50-H4-N24,tight2.5-rr3",HK50,H4,BOX,"N24,tight2.5",3.0,8,0.0360289983725403,12.5,1.8824235220238568,-0.639697059747018,-5.117576477976144,-5.0,-0.1175764779761432,3,-5.1,Fail,REJECT,0.0
ZB-CMPX-HK50-H4-q0.25-rr2,HK50,H4,CMPX,q0.25,2.0,140,0.6305074715194556,33.57142857142857,1.970822769227583,-0.0025943055034434,-0.3632027704820828,9.636797229517915,-10.0,22,0.6,Pass,REJECT,0.5
ZB-CMPX-HK50-H4-q0.25-rr3,HK50,H4,CMPX,q0.25,3.0,122,0.5494422251812399,27.86885245901639,2.684789998699437,0.0259835952751436,3.169998623567528,9.169998623567528,-6.0,22,-0.4,Fail,REJECT,0.5
ZB-PIV5-HK50-D1-pad0.1-rr2,HK50,D1,PIV5,pad0.1,2.0,79,0.7547897049591965,36.70886075949368,1.5395964506546826,-0.0646769791345688,-5.109481351630935,-9.90637273410612,4.796891382475188,21,-5.3,Fail,REJECT,0.0
ZB-PIV5-HK50-D1-pad0.1-rr3,HK50,D1,PIV5,pad0.1,3.0,74,0.7070182046453234,33.78378378378378,1.87912733371086,-0.0256557998523693,-1.898529189075329,-8.767756477390439,6.869227288315109,20,-2.2,Fail,REJECT,0.0
ZB-PIV5-HK50-D1-pad0.25-rr2,HK50,D1,PIV5,pad0.25,2.0,72,0.6879096045197741,38.88888888888889,1.4884923924861049,-0.0305941061792976,-2.2027756449094307,-3.4150634958057315,1.2122878508963018,19,-2.4,Fail,REJECT,0.0
ZB-PIV5-HK50-D1-pad0.25-rr3,HK50,D1,PIV5,pad0.25,3.0,70,0.6688010043942247,35.714285714285715,1.7848501643499166,-0.0051837222956663,-0.3628605606966459,-3.661930908984595,3.29907034828795,19,-0.6,Fail,REJECT,0.0
"ZB-BOX-HK50-D1-N24,tight2.5-rr2",HK50,D1,BOX,"N24,tight2.5",2.0,3,0.0286629001883239,0.0,0.0,-1.0,-3.0,-2.0,-1.0,1,-3.0,Fail,REJECT,0.0
"ZB-BOX-HK50-D1-N24,tight2.5-rr3",HK50,D1,BOX,"N24,tight2.5",3.0,3,0.0286629001883239,0.0,0.0,-1.0,-3.0,-2.0,-1.0,1,-3.0,Fail,REJECT,0.0
ZB-CMPX-HK50-D1-q0.25-rr2,HK50,D1,CMPX,q0.25,2.0,24,0.2293032015065913,29.166666666666668,2.0240380506706703,-0.1133133751579793,-2.7195210037915034,-4.719521003791503,2.0,7,-2.8,Fail,REJECT,0.5
ZB-CMPX-HK50-D1-q0.25-rr3,HK50,D1,CMPX,q0.25,3.0,23,0.2197489014438167,26.08695652173913,2.882008682733574,0.0121947389655868,0.2804789962084966,-4.719521003791503,5.0,7,0.2,Pass,REJECT,0.5
ZB-PIV5-XAUUSD-M15-pad0.1-rr2,XAUUSD,M15,PIV5,pad0.1,2.0,9041,43.524915388265065,31.965490543081515,1.9991750184463315,-0.041285901288199,-373.2658335466074,-287.26583354660744,-86.0,704,-1002.5,Fail,REJECT,0.0
ZB-PIV5-XAUUSD-M15-pad0.1-rr3,XAUUSD,M15,PIV5,pad0.1,3.0,8250,39.71690653170963,24.4,2.968349425721573,-0.0317014276186501,-261.5367778538637,-202.5349719923196,-59.001805861544106,639,-856.2,Fail,REJECT,0.0
ZB-PIV5-XAUUSD-M15-pad0.25-rr2,XAUUSD,M15,PIV5,pad0.25,2.0,8944,43.05794085086194,32.05500894454383,1.998786683244163,-0.0387320101460138,-346.4190987459481,-291.41909874594813,-55.0,700,-935.7,Fail,REJECT,0.0
ZB-PIV5-XAUUSD-M15-pad0.25-rr3,XAUUSD,M15,PIV5,pad0.25,3.0,8165,39.30770204017081,24.556031843233317,2.969573665967638,-0.0252145356937653,-205.8766839395941,-153.17251336460063,-52.70417057499347,630,-816.1,Fail,REJECT,0.0
"ZB-BOX-XAUUSD-M15-N24,tight2.5-rr2",XAUUSD,M15,BOX,"N24,tight2.5",2.0,1545,7.437893405029259,31.779935275080906,1.9947500534235347,-0.0482703713715498,-74.57772376904455,-71.57772376904455,-3.0,150,-145.1,Fail,REJECT,0.0
"ZB-BOX-XAUUSD-M15-N24,tight2.5-rr3",XAUUSD,M15,BOX,"N24,tight2.5",3.0,1522,7.327167483789341,24.90144546649146,2.9454495080528584,-0.0175171408375962,-26.66108835482155,-40.71714223607182,14.056053881250264,148,-93.7,Fail,REJECT,0.0
ZB-CMPX-XAUUSD-M15-q0.25-rr2,XAUUSD,M15,CMPX,q0.25,2.0,3896,18.75600822394433,32.41786447638604,2.0,-0.0274640657084189,-107.00000000000011,-98.00000000000006,-9.000000000000057,294,-440.0,Fail,REJECT,0.0
ZB-CMPX-XAUUSD-M15-q0.25-rr3,XAUUSD,M15,CMPX,q0.25,3.0,3625,17.451368021508777,24.193103448275863,3.0,-0.0322758620689655,-116.99999999999994,-116.0,-0.9999999999999432,273,-381.0,Fail,REJECT,0.0
ZB-PIV5-XAUUSD-M30-pad0.1-rr2,XAUUSD,M30,PIV5,pad0.1,2.0,5995,28.860952079709,33.57798165137615,1.9758128333025875,-0.0007796223715359,-4.673836117358043,-3.436311767056978,-1.2375243503010962,479,-212.1,Fail,REJECT,0.75
ZB-PIV5-XAUUSD-M30-pad0.1-rr3,XAUUSD,M30,PIV5,pad0.1,3.0,5064,24.37895935473668,27.31042654028436,2.7680272990374357,0.0288979130101766,146.33903148353463,125.90479245834348,20.434239025191168,410,-32.1,Fail,REJECT,0.75
ZB-PIV5-XAUUSD-M30-pad0.25-rr2,XAUUSD,M30,PIV5,pad0.25,2.0,5826,28.04735726712004,33.67662203913491,1.977706050254032,0.0027817894774056,16.206705495365235,10.559835171868343,5.646870323496895,470,-207.4,Fail,REJECT,0.75
ZB-PIV5-XAUUSD-M30-pad0.25-rr3,XAUUSD,M30,PIV5,pad0.25,3.0,4962,23.887913964890085,27.347843611447,2.7628006471151387,0.0288727874551275,143.26677135234306,133.2067062289305,10.06006512341252,400,-13.2,Fail,REJECT,0.75
"ZB-BOX-XAUUSD-M30-N24,tight2.5-rr2",XAUUSD,M30,BOX,"N24,tight2.5",2.0,873,4.202770836628183,33.90607101947308,1.9832741980554736,0.0114928970223655,10.033299100525104,11.033299100525104,-1.0,46,-28.6,Fail,REJECT,1.0
"ZB-BOX-XAUUSD-M30-N24,tight2.5-rr3",XAUUSD,M30,BOX,"N24,tight2.5",3.0,846,4.0727882334334975,27.659574468085108,2.7681139779407298,0.0421055348994029,35.621282524894866,32.51598710737465,3.105295417520216,43,2.9,Pass,WATCH,1.0
ZB-CMPX-XAUUSD-M30-q0.25-rr2,XAUUSD,M30,CMPX,q0.25,2.0,1489,7.168299857662502,37.20617864338482,1.9900841924582915,0.1124960662336423,167.50664262189346,164.50664262189346,3.0,111,77.3,Pass,DEPLOY-CANDIDATE,1.0
ZB-CMPX-XAUUSD-M30-q0.25-rr3,XAUUSD,M30,CMPX,q0.25,3.0,1339,6.446174284358691,28.90216579536968,2.889693083820312,0.1239448383347122,165.96213853017974,160.9621385301797,5.0,99,106.1,Pass,DEPLOY-CANDIDATE,1.0
ZB-PIV5-XAUUSD-H1-pad0.1-rr2,XAUUSD,H1,PIV5,pad0.1,2.0,3161,15.217592914755656,34.07149636191079,1.988332309864207,0.0181236158549528,57.288749717505965,50.358498124147935,6.93025159335804,249,-31.0,Fail,REJECT,1.0
ZB-PIV5-XAUUSD-H1-pad0.1-rr3,XAUUSD,H1,PIV5,pad0.1,3.0,2596,12.497586588644632,26.46379044684129,2.8177509990376066,0.0102669667724237,26.653045741212026,3.979334103040719,22.673711638171305,204,-61.8,Fail,REJECT,1.0
ZB-PIV5-XAUUSD-H1-pad0.25-rr2,XAUUSD,H1,PIV5,pad0.25,2.0,3084,14.846901787126365,33.43060959792477,1.9913672159582043,3.220989038523096e-05,0.0993353019480522,-16.830916291409988,16.93025159335804,239,-54.3,Fail,REJECT,1.0
ZB-PIV5-XAUUSD-H1-pad0.25-rr3,XAUUSD,H1,PIV5,pad0.25,3.0,2551,12.280948916653488,26.381811054488438,2.823512058374946,0.0086632209721596,22.09987669997919,-3.385726664931358,25.485603364910556,199,-39.7,Fail,REJECT,1.0
"ZB-BOX-XAUUSD-H1-N24,tight2.5-rr2",XAUUSD,H1,BOX,"N24,tight2.5",2.0,110,0.5295587537561285,38.18181818181819,2.025731443334963,0.1533068747835815,16.863756226193967,14.863756226193969,2.0,4,16.8,Pass,WATCH,1.0
"ZB-BOX-XAUUSD-H1-N24,tight2.5-rr3",XAUUSD,H1,BOX,"N24,tight2.5",3.0,110,0.5295587537561285,28.18181818181818,2.796225510036959,0.0688185242458673,7.570037667045409,5.537001347937493,2.033036319107916,4,7.7,Pass,WATCH,1.0
ZB-CMPX-XAUUSD-H1-q0.25-rr2,XAUUSD,H1,CMPX,q0.25,2.0,829,3.990947335125732,36.7913148371532,1.9915962205394928,0.1006475841550606,83.43684726454525,79.43684726454525,4.0,65,63.3,Pass,DEPLOY-CANDIDATE,1.0
ZB-CMPX-XAUUSD-H1-q0.25-rr3,XAUUSD,H1,CMPX,q0.25,3.0,726,3.495087774790448,28.92561983471074,2.949246137172436,0.1420969112387422,103.16235755932688,94.29604887145685,8.866308687870056,58,55.6,Pass,DEPLOY-CANDIDATE,1.0
ZB-PIV5-XAUUSD-H4-pad0.1-rr2,XAUUSD,H4,PIV5,pad0.1,2.0,877,4.222027518582952,36.830102622576966,1.937441516955054,0.0812665256147023,71.270742964094,51.771514407760975,19.499228556333016,76,59.5,Pass,DEPLOY-CANDIDATE,1.0
ZB-PIV5-XAUUSD-H4-pad0.1-rr3,XAUUSD,H4,PIV5,pad0.1,3.0,728,3.504716115767832,32.28021978021978,2.5786619122940677,0.1522535456403675,110.84058122618758,93.09725167756594,17.74332954862166,60,97.1,Pass,DEPLOY-CANDIDATE,1.0
ZB-PIV5-XAUUSD-H4-pad0.25-rr2,XAUUSD,H4,PIV5,pad0.25,2.0,837,4.029460699035268,37.03703703703704,1.9526081458376976,0.092570503187328,77.48151116779358,50.98228261146055,26.499228556333016,66,67.5,Pass,DEPLOY-CANDIDATE,1.0
ZB-PIV5-XAUUSD-H4-pad0.25-rr3,XAUUSD,H4,PIV5,pad0.25,3.0,708,3.4084327059939903,32.34463276836158,2.5875877041841813,0.1576430457338609,111.61127637957352,87.86794683095184,23.74332954862166,54,98.8,Pass,DEPLOY-CANDIDATE,1.0
"ZB-BOX-XAUUSD-H4-N24,tight2.5-rr2",XAUUSD,H4,BOX,"N24,tight2.5",2.0,19,0.0914692392851494,31.57894736842105,1.9051956564246195,-0.0825697927080149,-1.5688260614522846,-0.5688260614522846,-1.0,1,-1.6,Fail,REJECT,0.5
"ZB-BOX-XAUUSD-H4-N24,tight2.5-rr3",XAUUSD,H4,BOX,"N24,tight2.5",3.0,19,0.0914692392851494,31.57894736842105,2.183781105231199,0.0054045595466943,0.102686631387193,1.102686631387193,-1.0,1,-0.0,Fail,REJECT,0.5
ZB-CMPX-XAUUSD-H4-q0.25-rr2,XAUUSD,H4,CMPX,q0.25,2.0,259,1.246870156571248,42.47104247104247,1.9791738747789285,0.2652862016435602,68.70912622568211,60.70912622568213,7.999999999999981,13,63.3,Pass,DEPLOY-CANDIDATE,1.0
ZB-CMPX-XAUUSD-H4-q0.25-rr3,XAUUSD,H4,CMPX,q0.25,3.0,223,1.0735600189783332,36.32286995515695,2.599687459976192,0.3075097948792445,68.57468425807153,57.44590516478421,11.128779093287315,10,67.7,Pass,DEPLOY-CANDIDATE,1.0
ZB-PIV5-XAUUSD-D1-pad0.1-rr2,XAUUSD,D1,PIV5,pad0.1,2.0,144,0.6932405503716591,41.66666666666667,1.7017325357313478,0.1188846012074539,17.119382573873366,7.3463697227068865,9.773012851166484,11,13.9,Pass,DEPLOY-CANDIDATE,1.0
ZB-PIV5-XAUUSD-D1-pad0.1-rr3,XAUUSD,D1,PIV5,pad0.1,3.0,133,0.6402846749960462,39.097744360902254,1.8325899332484392,0.1001740816827435,13.323152863804896,0.5152803840195427,12.80787247978535,9,12.8,Pass,WATCH,1.0
ZB-PIV5-XAUUSD-D1-pad0.25-rr2,XAUUSD,D1,PIV5,pad0.25,2.0,136,0.6547271864621225,42.64705882352941,1.760509071211556,0.1658385260447153,22.55403954208128,13.781026690914793,8.773012851166484,12,19.4,Pass,DEPLOY-CANDIDATE,1.0
ZB-PIV5-XAUUSD-D1-pad0.25-rr3,XAUUSD,D1,PIV5,pad0.25,3.0,128,0.6162138225525858,39.84375,1.860150000958016,0.1303197127525873,16.680923232331175,5.634125097158538,11.046798135172637,10,14.1,Pass,DEPLOY-CANDIDATE,1.0
"ZB-BOX-XAUUSD-D1-N24,tight2.5-rr2",XAUUSD,D1,BOX,"N24,tight2.5",2.0,4,0.0192566819547683,0.0,0.0,-0.6703101732658593,-2.681240693063437,-1.6812406930634372,-1.0,1,-2.7,Fail,REJECT,0.0
"ZB-BOX-XAUUSD-D1-N24,tight2.5-rr3",XAUUSD,D1,BOX,"N24,tight2.5",3.0,4,0.0192566819547683,0.0,0.0,-0.6703101732658593,-2.681240693063437,-1.6812406930634372,-1.0,1,-2.7,Fail,REJECT,0.0
ZB-CMPX-XAUUSD-D1-q0.25-rr2,XAUUSD,D1,CMPX,q0.25,2.0,40,0.192566819547683,50.0,1.826635600822869,0.4133178004114347,16.53271201645739,16.53271201645739,0.0,0,13.5,Pass,REJECT,1.0
ZB-CMPX-XAUUSD-D1-q0.25-rr3,XAUUSD,D1,CMPX,q0.25,3.0,32,0.1540534556381464,46.875,2.147803688008532,0.4523310505557206,14.47459361778306,14.47459361778306,0.0,0,12.2,Pass,REJECT,1.0
