SYMBOL,UNDERLYING_ASSET,%CHNG,VOLUME,LTP,CATEGORY,DATE
SILVERBEES,Domestic price of Silver- based on LBMA Silver daily spot fixing price,-4.14,"5,43,21,945",215.50,SILVER,2026-04-05
GOLDBEES,Gold,-2.08,"5,85,20,148",120.80,GOLD,2026-04-05
NIFTYBEES,Nifty 50,0.71,"2,19,18,815",259.29,NIFTY_50,2026-04-05
LIQUIDBEES,Government Securities,-,"48,70,565","1,000.01",LIQUID,2026-04-05
LIQUIDCASE,Zerodha Nifty 1D Rate Liquid ETF,0.06,"3,86,13,392",113.49,LIQUID,2026-04-05
TATSILV,Tata Silver Exchange Traded Fund,-3.59,"12,48,79,656",22.04,SILVER,2026-04-05
GOLDIETF,Gold,-2.29,"1,31,95,765",124.60,GOLD,2026-04-05
HDFCSILVER,HDFC Silver ETF,-4.45,"72,21,846",215.59,SILVER,2026-04-05
SILVERIETF,Domestic Price of Silver,-3.38,"66,06,881",226.30,SILVER,2026-04-05
TATAGOLD,Tata Gold Exchange Traded Fund,-2.01,"9,88,19,013",14.16,GOLD,2026-04-05
HDFCGOLD,Gold,-2.10,"82,59,914",124.65,GOLD,2026-04-05
SETFGOLD,Gold,-2.19,"81,73,998",124.54,GOLD,2026-04-05
BANKBEES,Nifty Bank,-0.11,"19,38,226",532.83,NIFTY_BANK,2026-04-05
LIQUIDIETF,S&P BSE Liquid Rate Index,-,"9,55,036","1,000.00",LIQUID,2026-04-05
LIQUID1,Kotak Nifty 1D Rate Liquid ETF,0.06,"7,64,638","1,098.51",LIQUID,2026-04-05
ITBEES,Nifty IT TRI,1.73,"2,21,54,853",33.48,IT,2026-04-05
JUNIORBEES,Nippon India ETF Nifty Next 50 Junior BeES,0.05,"10,40,679",670.00,NIFTY_NEXT_50,2026-04-05
SILVER,Physical price of Silver,-3.91,"28,42,259",225.19,SILVER,2026-04-05
SETFNIF50,Nifty 50,0.47,"26,00,377",244.10,NIFTY_50,2026-04-05
SBISILVER,SBI SILVER ETF,-3.87,"26,75,522",221.01,SILVER,2026-04-05
GOLD1,Gold,-2.26,"43,90,628",121.42,GOLD,2026-04-05
HDFCSML250,HDFC NIFTY Smallcap 250 ETF,-0.44,"36,60,084",148.47,SMALLCAP,2026-04-05
AXISGOLD,Gold,-2.80,"42,91,209",121.20,GOLD,2026-04-05
LIQUIDADD,DSP S&P BSE Liquid Rate ETF,0.05,"4,17,990","1,120.66",LIQUID,2026-04-05
NIFTYIETF,Nifty 50,0.20,"17,19,012",256.50,NIFTY_50,2026-04-05
LIQUIDPLUS,Nifty 1D Rate Index,0.05,"3,88,645","1,079.68",LIQUID,2026-04-05
MID150BEES,Nifty Midcap 150 TRI,-1.31,"20,23,127",204.70,NIFTY_MIDCAP,2026-04-05
GOLDCASE,Zerodha Gold ETF,-0.98,"1,74,29,180",23.25,GOLD,2026-04-05
LIQUIDBETF,Bajaj Finserv Nifty 1D Rate Liquid ETF,0.07,"3,71,631","1,076.06",LIQUID,2026-04-05
MODEFENCE,Nifty India Defence Total Return Index,-0.50,"47,36,740",83.75,DEFENCE,2026-04-05
SILVERCASE,Commodity-Silver,-3.81,"1,57,14,623",22.99,SILVER,2026-04-05
PSUBNKBEES,Nifty PSU Bank,-0.52,"34,87,161",90.79,NIFTY_PSU_BANK,2026-04-05
GOLDADD,DSP Gold ETF,0.57,"21,60,044",145.40,GOLD,2026-04-05
MON100,Nasdaq100,0.18,"12,72,827",239.00,NASDAQ,2026-04-05
PSUBANK,Nifty PSU Bank,-0.87,"3,14,787",809.45,NIFTY_PSU_BANK,2026-04-05
LIQUID,Mirae Asset Nifty 1D Rate Liquid ETF,-,"2,39,164","1,000.00",LIQUID,2026-04-05
SILVERBETA,UTI Silver Exchange Traded Fund (UTI Silver ETF),-4.39,"9,82,628",217.31,SILVER,2026-04-05
GOLDETF,Mirae Asset Gold ETF,-1.42,"13,55,155",141.80,GOLD,2026-04-05
CASHIETF,BSE Liquid Rate Index,0.05,"1,71,537","1,056.54",LIQUID,2026-04-05
HDFCNIFTY,Nifty 50,-0.62,"7,00,577",253.25,NIFTY_50,2026-04-05
PHARMABEES,Nifty Pharma TRI,0.49,"77,96,398",22.40,HEALTHCARE,2026-04-05
HDFCLIQUID,HDFC Nifty 1D Rate Liquid ETF,0.05,"1,56,398","1,055.00",LIQUID,2026-04-05
PVTBANIETF,Nifty Private Bank Index,-0.84,"64,46,448",24.92,NIFTY_BANK,2026-04-05
CPSEETF,CPSE ETF,-0.75,"15,55,534",100.76,PSU,2026-04-05
NIFTYBETA,Nifty 50,0.10,"6,18,043",249.79,NIFTY_50,2026-04-05
NEXT50IETF,Nifty Next 50,-0.18,"23,41,823",65.45,NIFTY_NEXT_50,2026-04-05
SILVERADD,DSP Silver ETF,-4.09,"6,83,993",217.35,SILVER,2026-04-05
SILVER1,Kotak Silver ETF,-3.87,"67,75,692",21.85,SILVER,2026-04-05
SETFNIFBK,Nifty Bank,-0.05,"2,75,879",528.65,NIFTY_BANK,2026-04-05
ALPHA,NIFTY Alpha 50 Index,-1.29,"33,61,602",43.50,ALPHA,2026-04-05
SMALLCAP,Mirae Asset Nifty Smallcap 250 Momentum Quality 100 ETF,-0.10,"37,41,749",38.99,SMALLCAP,2026-04-05
MIDCAPETF,Mirae Asset Mutual Fund - Mirae Asset Nifty Midcap 150 ETF,-0.39,"70,79,001",20.20,NIFTY_MIDCAP,2026-04-05
AXISILVER,Axis Silver ETF,-3.71,"6,20,035",224.60,SILVER,2026-04-05
NIFTY1,Nifty 50,-0.14,"5,60,833",250.58,NIFTY_50,2026-04-05
GOLDBETA,Gold,-1.80,"11,21,006",122.80,GOLD,2026-04-05
BSLNIFTY,Nifty 50,0.08,"52,18,863",26.37,NIFTY_50,2026-04-05
METALIETF,Nifty Metal Index,0.79,"1,11,74,048",11.55,METAL,2026-04-05
NIFTYETF,Nifty 50,0.01,"5,08,955",245.27,NIFTY_50,2026-04-05
ESILVER,Edelweiss Silver ETF,-3.21,"5,11,319",226.65,SILVER,2026-04-05
MOMENTUM50,Nifty 500 Momentum 50 Total Return Index,0.17,"20,83,754",46.98,MOMENTUM,2026-04-05
EBBETF0430,Nifty BHARAT Bond,-0.01,"59,292","1,552.01",,2026-04-05
LIQUIDETF,Nifty1D rate index,-,"85,795","1,000.01",LIQUID,2026-04-05
BANKNIFTY1,Nifty Bank,0.68,"16,19,265",53.48,NIFTY_BANK,2026-04-05
MOREALTY,Motilal Oswal Nifty Realty ETF,0.99,"12,26,625",67.17,REALTY,2026-04-05
SILVERAG,Mirae Asset Silver ETF,-3.86,"3,63,751",219.17,SILVER,2026-04-05
FMCGIETF,Nifty FMCG Index,0.94,"15,99,890",49.60,FMCG,2026-04-05
GROWWSLVR,Commodity-Silver,-3.44,"33,28,925",22.19,SILVER,2026-04-05
AUTOBEES,Nifty Auto TRI,0.24,"2,99,597",249.45,AUTO,2026-04-05
BANKIETF,Nifty Bank,0.17,"14,10,464",52.98,NIFTY_BANK,2026-04-05
ALPL30IETF,Nifty Alpha Low-Volatility 30 Index,-0.20,"29,83,562",24.90,ALPHA,2026-04-05
HNGSNGBEES,Hang Seng Index,-0.74,"1,51,188",478.00,,2026-04-05
HDFCMID150,HDFC NIFTY Midcap 150 ETF,-1.08,"36,44,777",20.08,NIFTY_MIDCAP,2026-04-05
MOM100,Nifty Midcap 100,-1.23,"12,42,933",57.90,NIFTY_MIDCAP,2026-04-05
ICICIB22,S&P BSE BHARAT 22 index,-0.57,"6,09,745",115.98,,2026-04-05
MIDCAPIETF,Nifty Midcap 150,-1.73,"32,87,451",20.48,NIFTY_MIDCAP,2026-04-05
GROWWGOLD,Commodity,-2.33,"45,40,288",14.25,GOLD,2026-04-05
QUAL30IETF,ICICI Prudential Nifty 200 Quality 30 ETF,0.10,"32,76,726",19.33,QUALITY,2026-04-05
AXISNIFTY,Nifty 50,0.20,"2,54,322",250.45,NIFTY_50,2026-04-05
GROWWLIQID,Nifty 1D Rate Index,0.06,"5,67,846",108.52,LIQUID,2026-04-05
MAFANG,NYSE FANG+ Total Return Index,3.20,"3,96,893",154.53,,2026-04-05
EBBETF0433,BHARAT Bond ETF-April 2033,-0.51,"48,450","1,256.20",,2026-04-05
LTGILTBEES,NIFTY 8-13 yr G-Sec Index,-0.38,"20,15,817",28.79,GSEC,2026-04-05
SETFNN50,Nifty Next 50,1.44,"85,974",664.98,NIFTY_50,2026-04-05
MOSMALL250,Motilal Oswal Nifty Smallcap 250 ETF,-,"36,13,975",14.89,SMALLCAP,2026-04-05
TOP10ADD,Nifty Top 10 Equal Weight Index,-0.69,"6,16,744",86.10,,2026-04-05
NIFTYCASE,Nifty Index 50 Index,-0.33,"57,24,473",9.04,,2026-04-05
AONELIQUID,Nifty 1D Rate Index,0.05,"47,255","1,053.93",LIQUID,2026-04-05
GROWWDEFNC,Nifty India Defence Index- Total Return Index,-0.31,"6,36,518",76.27,DEFENCE,2026-04-05
METAL,Nifty Metal Total Return Index,0.61,"41,87,575",11.54,METAL,2026-04-05
MONIFTY500,Motilal Oswal Nifty 500 ETF,-0.93,"22,32,875",21.33,NIFTY_50,2026-04-05
MOM30IETF,ICICI Prudential Nifty 200 Momentum 30 ETF,-0.46,"16,72,364",28.16,MOMENTUM,2026-04-05
SENSEXIETF,SENSEX,0.23,"52,984",841.00,SENSEX,2026-04-05
LIQGRWBEES,Liquid,0.05,"42,204","1,034.30",LIQUID,2026-04-05
BBNPPGOLD,Baroda BNP Paribas Gold ETF,-2.11,"2,96,889",141.55,GOLD,2026-04-05
NEXT50,Nifty Next 50,0.29,"66,233",637.90,NIFTY_NEXT_50,2026-04-05
GILT5YBEES,Nifty 5 yr Benchmark G-Sec Index,-0.98,"6,09,716",63.79,GSEC,2026-04-05
LICMFGOLD,Gold,-1.87,"2,92,703",130.95,GOLD,2026-04-05
MID150CASE,Zerodha Nifty Midcap 150 ETF,-0.30,"38,66,789",9.93,NIFTY_MIDCAP,2026-04-05
PVTBANKADD,DSP Nifty Private Bank ETF,3.88,"15,02,105",26.00,NIFTY_PRIVATE_BANK,2026-04-05
NIF100BEES,Nifty 100 TRI,-0.38,"1,50,073",246.55,NIFTY_100,2026-04-05
INFRAIETF,ICICI Prudential Nifty Infrastructure ETF,0.67,"4,09,312",89.60,INFRASTRUCTURE,2026-04-05
MASPTOP50,S&P 500 Top 50 Total Return Index,3.15,"4,97,820",69.51,,2026-04-05
INFRABEES,Nifty Infra,-0.57,"37,273",895.01,INFRASTRUCTURE,2026-04-05
MIDSMALL,Mirae Asset Nifty MidSmallcap400 Momentum Quality 100 ETF,-0.09,"7,43,776",44.15,SMALLCAP,2026-04-05
MONQ50,Nasdaq Q-50 Total Return Index,4.58,"2,82,063",109.32,NASDAQ,2026-04-05
ITIETF,Nifty IT Index,2.01,"9,09,195",33.48,IT,2026-04-05
NIFTYADD,Nifty 50 Index,-0.05,"1,28,424",238.44,NIFTY_50,2026-04-05
BSLGOLDETF,Gold,-2.11,"2,29,637",127.78,GOLD,2026-04-05
MOCAPITAL,Nifty Capital Market Total Return Index,-0.27,"6,66,231",44.50,IT,2026-04-05
EBBETF0431,Nifty BHARAT Bond,-0.24,"21,073","1,380.31",,2026-04-05
SBILIQETF,Nifty 1D Rate Index,0.06,"27,537","1,033.53",LIQUID,2026-04-05
QGOLDHALF,Gold,-2.22,"2,30,899",121.00,GOLD,2026-04-05
BANKBETA,Nifty Bank,-3.33,"5,23,870",53.16,NIFTY_BANK,2026-04-05
HEALTHIETF,Nifty Healthcare Index,2.51,"1,82,095",148.00,HEALTHCARE,2026-04-05
HDFCNIFBAN,Nifty Bank,0.06,"4,72,906",52.92,NIFTY_BANK,2026-04-05
FINIETF,ICICI Prudential Nifty Financial Services Ex-Bank ETF,0.25,"8,22,843",28.40,FINANCIAL_SERVICES,2026-04-05
PSUBANKADD,DSP Nifty PSU Bank ETF,-0.02,"2,80,767",81.89,NIFTY_PSU_BANK,2026-04-05
LOWVOLIETF,Nifty 100 Low Volatility 30 Index,0.54,"10,91,820",20.33,LOW_VOLATILITY,2026-04-05
SML100CASE,Nifty Smallcap 100 Index,-0.11,"25,10,088",8.88,SMALLCAP,2026-04-05
CONSUMBEES,Nifty India Consumption TRI,0.49,"1,81,366",117.47,FMCG,2026-04-05
TOP100CASE,Zerodha Nifty 100 ETF,0.62,"21,19,780",9.76,NIFTY_100,2026-04-05
MOVALUE,Motilal Oswal S&P BSE Enhanced Value ETF,-1.82,"1,89,578",106.54,VALUE,2026-04-05
HDFCSENSEX,SENSEX,-0.25,"2,46,243",82.78,SENSEX,2026-04-05
BSE500IETF,S&P BSE 500 index,-0.06,"5,74,227",35.40,,2026-04-05
AUTOIETF,Nifty Auto Index,-0.52,"8,10,990",24.87,AUTO,2026-04-05
MAKEINDIA,Nifty India Manufacturing Total Return Index,-0.30,"1,34,458",144.01,MANUFACTURING,2026-04-05
ITETF,Mirae Asset Nifty IT ETF,2.24,"5,85,333",31.95,IT,2026-04-05
IT,NIFTY IT Index,3.26,"5,52,446",33.85,IT,2026-04-05
PSUBNKIETF,ICICI Prudential Nifty PSU Bank ETF,0.27,"2,21,248",82.99,NIFTY_PSU_BANK,2026-04-05
UNIONGOLD,Commodity Gold,-3.27,"1,25,274",142.05,GOLD,2026-04-05
ABSLBANETF,Nifty Bank,0.63,"3,39,530",53.00,NIFTY_BANK,2026-04-05
ALPHAETF,Mirae Asset Nifty 200 Alpha 30 ETF,-0.22,"7,79,018",22.55,ALPHA,2026-04-05
OILIETF,Nifty Oil & Gas Index,-0.63,"15,32,332",11.00,ENERGY,2026-04-05
MOGOLD,Domestic Price of Physical Gold,-2.82,"1,12,167",143.00,GOLD,2026-04-05
QNIFTY,Nifty 50,0.01,"65,012",248.20,NIFTY_50,2026-04-05
BANKETF,Mirae Asset Nifty Bank ETF,-0.05,"30,899",522.33,NIFTY_BANK,2026-04-05
GROWWRAIL,Nifty India Railways PSU Index,-0.82,"5,52,498",29.05,PSU,2026-04-05
GOLDBND,Commodity - Gold,12.90,"1,06,248",168.00,GOLD,2026-04-05
AONEGOLD,Domestic price of Gold,-0.22,"11,41,959",13.85,GOLD,2026-04-05
SILVERBND,Commodity - Silver,-3.22,"68,141",226.98,SILVER,2026-04-05
EGOLD,Edelweiss Gold ETF,2.72,"1,04,830",153.00,GOLD,2026-04-05
EQUAL50ADD,NIFTY 50 Equal Weight Index,-2.91,"49,930",314.80,QUALITY,2026-04-05
SENSEXBETA,SENSEX,-0.12,"18,995",813.00,SENSEX,2026-04-05
MIDCAP,Nifty Midcap 50 Index,-0.38,"9,88,702",15.69,NIFTY_MIDCAP,2026-04-05
GROWWNIFTY,Nifty 50 Index - TRI,-0.11,"16,56,623",9.12,NIFTY_50,2026-04-05
NETF,Tata Nifty 50 Exchange Traded Fund,-0.84,"60,070",244.46,NIFTY_50,2026-04-05
NEXT50BETA,Nifty Next 50,0.07,"2,18,901",67.40,NIFTY_NEXT_50,2026-04-05
MOMENTUM30,Nifty 200 Momentum 30 Index,-2.79,"5,29,960",27.50,MOMENTUM,2026-04-05
SMALL250,Nifty Smallcap 250,-0.27,"9,87,146",14.73,SMALLCAP,2026-04-05
GROWWPOWER,BSE Power Index - TRI,-1.46,"14,24,792",10.12,,2026-04-05
LIQUIDSBI,SBI NIFTY 1D Rate ETF,-,"14,094","1,000.01",LIQUID,2026-04-05
ENERGY,Nifty Energy,-0.17,"4,02,774",35.47,ENERGY,2026-04-05
HDFCMOMENT,HDFC NIFTY200 Momentum 30 ETF,-1.80,"4,97,027",27.90,MOMENTUM,2026-04-05
SILVER360,Commodity-Silver,-3.92,"60,310",221.12,SILVER,2026-04-05
NV20BEES,Nifty50 Value20 TRI,1.61,"91,296",142.90,NIFTY_50,2026-04-05
NIFTY100EW,Nifty 100 Equal Weight Index,-0.63,"4,14,950",30.18,NIFTY_100,2026-04-05
MOMOMENTUM,Nifty 200 Momentum 30 Total Return Index,-1.13,"2,26,505",55.84,MOMENTUM,2026-04-05
MOMIDMTM,Nifty Midcap 150 Momentum 50 Total Return Index,0.69,"2,07,236",56.99,NIFTY_MIDCAP,2026-04-05
MULTICAP,Nifty500 Multicap 50:25:25 Index,-0.14,"7,87,896",14.61,MULTICAP,2026-04-05
HDFCNEXT50,HDFC NIFTY NEXT 50 ETF,3.13,"1,80,762",66.00,NIFTY_NEXT_50,2026-04-05
VAL30IETF,Nifty200 Value 30 Index,2.13,"7,23,012",14.86,VALUE,2026-04-05
LIQUIDSHRI,SHRIRAM NIFTY 1D RATE LIQUID ETF,0.06,"9,375","1,099.05",LIQUID,2026-04-05
EQUAL50,Nifty50 Equal Weight,0.16,"33,972",302.75,QUALITY,2026-04-05
SBINEQWETF,Nifty50 Equal Weight,-4.26,"3,32,241",31.00,NIFTY_50,2026-04-05
MSCIINDIA,MSCI India Index,-0.32,"3,63,728",27.89,,2026-04-05
MOSILVER,Domestic Price of Physical Silver,-0.99,"43,195",228.02,SILVER,2026-04-05
MIDCAPBETA,UTI Nifty Midcap 150 Exchange Traded Fund (ETF),-1.00,"46,316",199.24,NIFTY_MIDCAP,2026-04-05
TNIDETF,Nifty India Digital Index,0.60,"1,14,851",79.00,DIGITAL,2026-04-05
AXISVALUE,Nifty500 Value 50 TRI,-1.77,"2,79,088",31.14,VALUE,2026-04-05
DEFENCE,BSE India Defence,0.03,"1,36,990",62.32,DEFENCE,2026-04-05
NIF100IETF,Nifty 100,-0.77,"3,24,364",25.74,NIFTY_100,2026-04-05
BFSI,Nifty Financial Services Index,0.40,"3,34,215",24.87,FINANCIAL_SERVICES,2026-04-05
GROWWEV,Nifty EV and New Age Automotive Index,-0.37,"2,98,180",27.14,AUTO,2026-04-05
HEALTHY,Nifty Healthcare TRI,-2.18,"5,61,566",14.35,HEALTHCARE,2026-04-05
SBIBPB,BSE PSU Bank Index TRI,1.50,"1,69,384",48.00,NIFTY_BANK,2026-04-05
CHEMICAL,Nifty Chemicals Index (TRI),0.66,"3,05,228",25.99,,2026-04-05
NEXT50ETF,Nifty Next 50 Index,-0.05,"1,24,991",62.60,NIFTY_NEXT_50,2026-04-05
MOENERGY,Nifty Energy Index,1.07,"2,13,834",35.89,ENERGY,2026-04-05
IVZINGOLD,Gold,-3.04,585,"12,649.95",GOLD,2026-04-05
GOLD360,Commodity-Gold,-2.74,"51,282",142.00,GOLD,2026-04-05
AONENIFTY,Nifty 50 Index,-0.21,"7,84,993",9.30,NIFTY_50,2026-04-05
COMMOIETF,ICICI Prudential Nifty Commodities ETF,0.27,"76,728",94.11,COMMODITIES,2026-04-05
AONESILVER,Domestic price of Silver,-1.35,"8,11,947",8.80,SILVER,2026-04-05
BANKBETF,Bajaj Finserv Nifty Bank ETF,0.25,"1,36,530",52.35,NIFTY_BANK,2026-04-05
EVINDIA,Nifty EV and New Age Automotive Total Return Index,-0.33,"2,62,365",27.10,AUTO,2026-04-05
GROWWHOSPI,BSE Hospitals Index,-1.40,"1,58,138",44.52,,2026-04-05
SETF10GILT,Nifty 10 yr Benchmark G-Sec Index,0.80,"26,857",255.99,GSEC,2026-04-05
GROWWSC250,Nifty Smallcap 250 Index - TRI,1.87,"7,80,019",8.70,SMALLCAP,2026-04-05
HDFCPVTBAN,HDFC NIFTY Private Bank ETF,-1.04,"2,62,289",24.70,NIFTY_PRIVATE_BANK,2026-04-05
GROWWMETAL,Nifty Metal Index,1.02,"5,80,760",10.94,METAL,2026-04-05
MIDSELIETF,S&P BSE Midcap Select Index,1.33,"3,96,895",15.98,NIFTY_MIDCAP,2026-04-05
HDFCNIF100,HDFC NIFTY 100 ETF,2.29,"2,47,998",24.60,NIFTY_100,2026-04-05
DIVOPPBEES,Nifty Dividend Opportunities 50 TRI,0.55,"74,527",76.35,DIVIDEND,2026-04-05
SENSEXETF,Mirae Asset S&P BSE Sensex ETF,0.25,"75,227",75.20,SENSEX,2026-04-05
SNXT50BETA,BSE Sensex Next 50,-2.46,"67,155",81.20,SENSEX,2026-04-05
AONETOTAL,Nifty Total Market Index,0.76,"5,16,507",10.62,TOTAL_MARKET,2026-04-05
MAHKTECH,Hang Seng TECH Total Return Index,-2.63,"2,38,097",22.58,IT,2026-04-05
LOWVOL1,Kotak Nifty 100 Low Vol 30 ETF,6.40,"2,79,687",20.29,LOW_VOLATILITY,2026-04-05
HDFCNIFIT,HDFC NIFTY IT ETF,2.25,"1,67,263",32.25,IT,2026-04-05
MOM50,Nifty 50,-0.77,"22,320",236.45,NIFTY_50,2026-04-05
NEXT50ADD,Nifty Next 50 TRI,-1.39,"83,550",61.94,NIFTY_NEXT_50,2026-04-05
NV20IETF,Nifty50 Value 20,0.22,"3,85,133",13.50,NIFTY_50,2026-04-05
SMALLADD,Nifty Smallcap 250 Index,0.54,"3,42,720",14.95,SMALLCAP,2026-04-05
CONSUMIETF,Nifty India Consumption Index,1.66,"43,904",110.66,FMCG,2026-04-05
GROWWMOM50,Nifty 500 Momentum 50 Index- Total Return Index,-1.46,"5,00,839",9.45,NIFTY_50,2026-04-05
SBIETFIT,Nifty IT Index,1.83,"13,803",333.49,IT,2026-04-05
BANKADD,DSP Nifty Bank ETF,1.37,"86,997",53.30,NIFTY_BANK,2026-04-05
GROWWNET,Index,2.06,"5,40,127",8.42,,2026-04-05
AXISBNKETF,Nifty Bank,-0.02,"7,953",529.65,NIFTY_BANK,2026-04-05
HDFCPSUBK,HDFC NIFTY PSU BANK ETF,-1.43,"50,229",81.20,NIFTY_PSU_BANK,2026-04-05
LTGILTCASE,Nifty 8-13 Yr G-Sec Index,-0.71,"1,35,001",29.40,GSEC,2026-04-05
SHARIABEES,Shariah,1.50,"8,902",458.20,,2026-04-05
BBETF0432,Nifty BHARAT Bond Index - April 2032,0.01,"2,856","1,296.00",,2026-04-05
GROWWCAPM,Nifty Capital Markets Index,-0.85,"3,92,636",9.37,,2026-04-05
SBIETFQLTY,Nifty 200 Quality 30 Index,0.27,"17,185",203.57,QUALITY,2026-04-05
NV20,Nifty50 Value 20,1.40,"2,50,733",13.80,NIFTY_50,2026-04-05
MIDQ50ADD,Nifty Midcap 150 Quality 50 Index,-0.42,"15,301",219.00,NIFTY_MIDCAP,2026-04-05
EBANKNIFTY,Edelweiss Nifty Bank ETF,-0.25,"64,515",51.75,NIFTY_BANK,2026-04-05
MOHEALTH,Motilal Oswal S&P BSE Healthcare ETF,0.52,"78,592",42.30,HEALTHCARE,2026-04-05
BANKPSU,Nifty PSU Bank Total Return Index,-0.41,"40,383",81.73,PSU,2026-04-05
GROWWRLTY,Index,0.40,"4,21,858",7.53,,2026-04-05
IVZINNIFTY,Nifty 50,0.34,"1,213","2,596.71",NIFTY_50,2026-04-05
CHOICEGOLD,Gold,-2.20,"20,702",145.15,GOLD,2026-04-05
INTERNET,Equity Index,0.45,"2,73,851",11.13,,2026-04-05
MID150,Nifty Midcap 150 Index,6.93,"1,48,843",21.30,NIFTY_MIDCAP,2026-04-05
ABSLLIQUID,Aditya Birla Sun Life CRISIL Overnight Fund AI ETF,-,"2,872","1,000.01",LIQUID,2026-04-05
TOP15IETF,Nifty Top 15 Equal Weight Index,0.86,"3,06,868",9.43,,2026-04-05
MOLOWVOL,Nifty Midcap 100 TRI,-0.52,"80,549",34.28,LOW_VOLATILITY,2026-04-05
ELIQUID,Nifty 1D Rate Index (Debt Index),0.06,"2,614","1,025.31",LIQUID,2026-04-05
MOMENTUM,Aditya Birla Sun Life Nifty 200 Momentum 30 ETF,2.68,"96,997",29.10,MOMENTUM,2026-04-05
MOTOUR,Nifty India Tourism Total Return Index,0.78,"38,808",68.80,,2026-04-05
MNC,Kotak Nifty MNC ETF,-0.10,"86,213",29.19,MNC,2026-04-05
EVIETF,Nifty EV & New Age Automotive ETF,-1.36,"92,970",26.92,AUTO,2026-04-05
SBIETFPB,Nifty Private Bank Index,1.17,"9,120",258.59,NIFTY_BANK,2026-04-05
CONSUMER,Nifty India New AgeConsumption,-0.20,"2,26,806",9.94,FMCG,2026-04-05
SDL26BEES,Nifty SDL Apr 2026 Top 20 Equal Weight Index,0.26,"15,562",137.01,,2026-04-05
AONETMMQ50,Nifty Total Market Momentum Quality 50 TRI,-,"2,21,619",9.03,MOMENTUM,2026-04-05
GROWWN200,Nifty 200 Index- Total Return Index,-1.25,"1,83,335",10.25,NIFTY_200,2026-04-05
EMULTIMQ,Nifty500 Multicap Momentum Quality 50 Total Return Index,-0.08,"46,620",37.92,NIFTY_50,2026-04-05
SENSEXADD,DSP S&P BSE Sensex ETF,-0.33,"22,897",75.00,SENSEX,2026-04-05
HDFCGROWTH,HDFC NIFTY Growth Sectors 15 ETF,3.48,"15,496",113.59,GROWTH,2026-04-05
MANUFGBEES,Nifty India Manufacturing TRI,-0.68,"12,020",141.81,MANUFACTURING,2026-04-05
ELM250,Nifty LargeMidcap 250 TRI,0.94,"1,08,149",14.99,NIFTY_MIDCAP,2026-04-05
ABSLNN50ET,Nifty Next 50,0.80,"24,695",65.20,NIFTY_50,2026-04-05
ABSLPSE,Aditya Birla Sun Life Nifty PSE ETF,0.70,"1,51,333",10.05,,2026-04-05
CONS,Kotak Nifty India Consumption ETF,4.42,"1,40,707",11.34,FMCG,2026-04-05
MOQUALITY,Motilal Oswal S&P BSE Quality ETF,4.39,"8,176",190.00,QUALITY,2026-04-05
GROWWPSUBK,Nifty PSU Bank Index - TRI,-1.83,"18,140",80.39,NIFTY_PSU_BANK,2026-04-05
HDFCBSE500,HDFC S&P BSE 500 ETF,2.13,"42,952",34.00,,2026-04-05
SBIMIDMOM,Nifty Midcap 150 Momentum 50 Index,-0.32,"25,794",55.60,NIFTY_MIDCAP,2026-04-05
ECAPINSURE,BSE Capital Markets & Insurance Total Return Index,-1.56,"66,473",21.51,,2026-04-05
NIFTYBETF,Bajaj Finserv Nifty 50 ETF,-0.02,"6,064",232.11,NIFTY_50,2026-04-05
LICNETFGSC,GSEC10 NSE Index,-0.46,"47,563",28.32,GSEC,2026-04-05
GSEC10YEAR,Mirae Asset Nifty 8-13 yr G-Sec ETF,-1.19,"45,872",29.14,GSEC,2026-04-05
HDFCVALUE,HDFC NIFTY50 Value 20 ETF,0.99,"10,755",125.00,VALUE,2026-04-05
ITADD,DSP Nifty IT ETF,2.78,"41,388",32.19,IT,2026-04-05
GSEC5IETF,Nifty 5 yr Benchmark G-Sec Index,-0.11,"18,214",63.89,GSEC,2026-04-05
AXISTECETF,NIFTY IT Index,2.53,"3,414",332.96,IT,2026-04-05
FLEXIADD,Nifty500 Flexicap Quality 30 TRI,2.63,"1,20,083",9.37,NIFTY_50,2026-04-05
AXISBPSETF,Nifty AAA Bond Plus SDL Apr 2026 50:50 Index,0.76,"81,935",13.32,,2026-04-05
MOINFRA,BSE India Infrastructure Total Return Index,-0.23,"19,425",56.85,INFRASTRUCTURE,2026-04-05
TECH,Nifty IT TRI Index,2.68,"28,767",32.90,IT,2026-04-05
NIFTYQLITY,Aditya Birla Sun Life Nifty 200 Quality 30 ETF,0.66,"43,549",19.89,IT,2026-04-05
LICNFNHGP,Nifty 100,0.16,"3,337",254.70,NIFTY_100,2026-04-05
HEALTHADD,DSP Nifty Healthcare ETF,-0.99,"5,708",141.01,HEALTHCARE,2026-04-05
AXISHCETF,Nifty Healthcare Index,0.82,"5,592",141.93,HEALTHCARE,2026-04-05
BANK10ADD,BSE Top 10 Banks Index (TRI),-4.08,"50,882",14.80,NIFTY_BANK,2026-04-05
MONEXT50,Nifty Next 50 Total Return Index,0.03,"12,386",62.00,NIFTY_NEXT_50,2026-04-05
ABSL10BANK,BSE Top 10 Banks Index,-1.09,"4,889",155.00,NIFTY_BANK,2026-04-05
NEXT30ADD,BSE SENSEX Next 30 Index,-0.32,"19,641",37.89,SENSEX,2026-04-05
SNXT30BEES,BSE Sensex Next 30 Index,-0.53,"19,173",37.77,SENSEX,2026-04-05
MIDCAPADD,Nifty Midcap 150 Index,-0.25,"34,971",19.87,NIFTY_MIDCAP,2026-04-05
GSEC10IETF,ICICI Prudential Nifty 10 yr Benchmark G-Sec ETF,-0.16,"2,652",256.46,GSEC,2026-04-05
HSBCGOLD,Commodity,-1.15,"5,275",127.50,GOLD,2026-04-05
HDFCQUAL,HDFC NIFTY100 Quality 30 ETF,2.52,"11,966",54.50,QUALITY,2026-04-05
MOGSEC,Nifty 5 yr Benchmark G-Sec Index,-0.11,"10,047",63.40,GSEC,2026-04-05
TWCGOLDETF,Commodity,-1.10,"4,296",146.00,GOLD,2026-04-05
TOP20,Nifty Top 20 Equal Weight,0.48,"76,502",8.32,,2026-04-05
BSLSENETFG,BSE SENSEX Index,-0.49,"8,176",73.21,SENSEX,2026-04-05
GROWWMC150,Nifty Midcap 150 Index - TRI,-1.19,"2,675",199.00,NIFTY_MIDCAP,2026-04-05
HEALTHCARE,Nifty 500 Healthcare Index,-0.90,"29,123",17.64,HEALTHCARE,2026-04-05
AXSENSEX,AXIS S&P BSE SENSEX ETF,-0.01,"6,774",75.60,SENSEX,2026-04-05
ESG,NIFTY100 ESG SECTOR LEADERS,0.39,"12,990",38.52,ESG,2026-04-05
DIVIDEND,BSE 500 Dividend Leaders,0.09,"13,332",34.26,DIVIDEND,2026-04-05
GROWWNXT50,Index,-1.40,"7,226",62.10,,2026-04-05
SBIETFCON,Nifty India Consumption Index,1.36,"3,834",108.78,FMCG,2026-04-05
GROWWPSE,Nifty PSE Index - TRI,0.19,"4,088",98.00,,2026-04-05
LICNETFSEN,SENSEX,0.19,474,823.82,SENSEX,2026-04-05
LICNMID100,LIC MF Nifty Midcap 100 ETF,-0.37,"7,167",53.85,NIFTY_MIDCAP,2026-04-05
MOPSE,Nifty PSE Total Return Index,-0.60,"3,595",97.76,,2026-04-05
ITBETA,UTI Nifty IT ETF,3.16,"1,013",320.00,IT,2026-04-05
INFRA,Nifty India Infrastructure & Logistics,-0.19,"29,151",10.43,INFRASTRUCTURE,2026-04-05
MONIFTY100,Nifty 100 Total Return Index,-1.03,"12,767",23.11,NIFTY_100,2026-04-05
EQUAL200,BSE 200 Equal Weight,-0.08,"24,689",12.09,QUALITY,2026-04-05
GROWWCHEM,Nifty Chemicals Index - TRI,0.47,"11,435",25.66,,2026-04-05
MOALPHA50,Nifty Alpha 50 Total Return Index,-0.61,"6,473",45.30,ALPHA,2026-04-05
QUALITY30,Nifty200 Quality 30 Index,0.85,"14,016",18.96,QUALITY,2026-04-05
AXISCETF,NIFTY India Consumption Index,-0.65,"2,058",108.29,FMCG,2026-04-05
GILT5BETA,UTI Nifty 5 yr Benchmark G-Sec ETF,0.50,"3,354",64.69,GSEC,2026-04-05
VALUE,Nifty 500 Value 50,-0.72,"13,226",15.19,VALUE,2026-04-05
NPBET,Nifty Private Bank Index,-0.61,728,252.57,NIFTY_BANK,2026-04-05
HDFCLOWVOL,HDFC NIFTY100 Low Volatility 30 ETF,0.32,"9,119",18.94,LOW_VOLATILITY,2026-04-05
SELECTIPO,BSE Select IPO Index,-0.05,"4,219",38.86,,2026-04-05
IDFNIFTYET,Nifty 50,0.51,599,249.87,NIFTY_50,2026-04-05
LOWVOL,Mirae Asset Nifty 100 Low Volatility 30 ETF,0.27,786,189.26,LOW_VOLATILITY,2026-04-05
ENIFTY,Nifty 50 TRI,0.09,"6,265",22.85,NIFTY_50,2026-04-05
ABSLMSCIN,MSCI India Index,-2.59,"5,298",27.06,,2026-04-05
MON50EQUAL,Nifty 50 Equal Weight Total Return Index,-0.20,"4,368",30.27,NIFTY_50,2026-04-05
LICNETFN50,Nifty 50,0.09,501,253.70,NIFTY_50,2026-04-05
MOIPO,BSE Select IPO Total Return Index,0.80,"3,087",38.98,,2026-04-05
MOMGF,Nifty India Manufacturing Total Return Index,-0.75,773,141.36,MANUFACTURING,2026-04-05
BBNPNBETF,Baroda BNP Paribas NIFTY Bank ETF,1.92,"1,652",51.98,NIFTY_BANK,2026-04-05
ESENSEX,BSE Sensex TRI,-0.03,"1,076",73.50,SENSEX,2026-04-05
GROWWLOVOL,Nifty 500 Low Volatility 50 Index   TRI,0.10,"6,042",9.71,NIFTY_50,2026-04-05
GILT10BETA,UTI Nifty 10 yr Benchmark G-Sec ETF,-0.08,"2,065",25.97,GSEC,2026-04-05
GSEC10ABSL,CRISIL 10 Year Gilt ETF,-0.72,420,108.41,GSEC,2026-04-05
MOSERVICE,Nifty Services Sector Total Return Index,0.69,"1,521",29.10,SERVICES,2026-04-05
MOMNC,Nifty MNC ETF Total Return Index,-1.77,"1,412",27.71,MNC,2026-04-05
ABGSEC,Aditya Birla Sun Life CRISIL Broad Based Gilt ETF,-1.43,271,109.50,GSEC,2026-04-05
MSCIADD,MSCI India Index,5.28,311,28.50,,2026-04-05
