sym,family,plateau,verdict,params,n,wr,avg,tr_avg,tr_net,va_avg,va_net,maxdd,yrs_pos,tr_avg_2x,va_net_2x
AUDUSD,TSMOM,1.0,reject,"{'N': 55, 'trail': 3.0, 'sides': 'LS'}",45,0.3111111111111111,0.06508837065312177,0.415141155741788,9.548246582061124,-0.30087590466684744,-6.619269902670643,-11.00887183079271,4/11,0.4043505577070631,-6.793334229826099
AUDUSD,PULL,1.0,reject,"{'rr': 3.0, 'stop_atr': 2.5, 'sides': 'L'}",348,0.29022988505747127,0.014403527621454642,0.2305563761689184,38.73347119637829,-0.18733913102284486,-33.721043584112074,-46.33665260106504,6/12,0.18048022680585454,-36.29003303939139
AUDUSD,IBX,1.0,reject,"{'rr': 3.0, 'sides': 'L'}",284,0.31690140845070425,0.04680918606196602,0.18411041202763756,29.089445100366735,-0.12536219252990782,-15.795636258768385,-28.62463214779435,8/12,0.16203064962835184,-17.53427681425263
AUDUSD,HANDOFF,0.16666666666666666,reject,"{'k': 1.5, 'rr': 2.5, 'stop_atr': 1.5}",841,0.31747919143876335,-0.032466239322875304,0.004934674938291216,2.1909956726013,-0.07429496963007416,-29.49510294313944,-40.73187712746149,4/12,-0.08937668097665348,-71.95542247254616
AUDUSD,ORB,0.0,reject,"{'open_min': 120, 'rng_min': 60, 'pad': 0.1, 'rr': 2.0, 'cutoff_min': 720}",1911,0.3746729461015175,-0.06893982281493183,-0.011476943125783711,-11.557281727664197,-0.13294991114122848,-120.18671967167055,-187.12732544691573,4/12,,
AUDUSD,AFADE,0.0,reject,"{'k': 1.5, 'stop_atr': 2.0}",1229,0.4467046379170057,-0.13580091269605202,-0.17433984262063515,-113.32089770341284,-0.09253613816931791,-53.57842400003507,-177.51546001096403,2/12,,
EURUSD,IBX,0.75,reject,"{'rr': 3.0, 'sides': 'LS'}",892,0.26681614349775784,-0.015826357882690278,0.09018275475996705,52.75691153458072,-0.217830693048666,-66.87402276594047,-85.74280385787449,5/12,0.04986347703249093,-65.59340343941528
EURUSD,PULL,0.375,reject,"{'rr': 3.0, 'stop_atr': 2.5, 'sides': 'L'}",734,0.29291553133514986,-0.0012100088706537967,0.021189675868057832,9.980337333855239,-0.041325033630856,-10.86848384491513,-45.03051765412809,4/12,-0.0003787795585645236,-14.555526013606837
EURUSD,TSMOM,0.0,reject,"{'N': 20, 'trail': 3.0, 'sides': 'L'}",51,0.29411764705882354,-0.03252768865384172,-0.001699111811127511,-0.05607068976720786,-0.08904674619881783,-1.602841431578721,-9.359434625053785,5/11,,
EURUSD,AFADE,0.0,reject,"{'k': 2.5, 'stop_atr': 2.0}",2110,0.4184834123222749,0.004779928822296814,-0.007772154996527888,-10.81883975516682,0.02911488798079817,20.904489570213087,-46.57947305998596,5/12,,
EURUSD,ORB,0.0,reject,"{'open_min': 120, 'rng_min': 30, 'pad': 0.1, 'rr': 3.0, 'cutoff_min': 720}",4208,0.31630228136882127,-0.0056581949438725375,-0.02639744864245397,-73.12093273959749,0.03429154966326974,49.31124841578189,-160.21294902152488,8/12,,
EURUSD,HANDOFF,0.0,reject,"{'k': 2.0, 'rr': 1.5, 'stop_atr': 1.5}",1714,0.38273045507584597,-0.08775212731146079,-0.07934950692626434,-89.10949627819485,-0.10371852780651256,-61.29764993364892,-164.11059587561653,2/12,,
GBPUSD,TSMOM,0.8,reject,"{'N': 55, 'trail': 4.0, 'sides': 'LS'}",50,0.34,0.12294473486737675,0.4039552882758194,11.714703359998762,-0.26511745793475827,-5.567466616629924,-8.475926735807075,6/11,0.3976374962508314,-5.681873825516503
GBPUSD,ORB,0.25,reject,"{'open_min': 120, 'rng_min': 60, 'pad': 0.1, 'rr': 3.0, 'cutoff_min': 720}",3192,0.3681077694235589,-0.0021562737329291095,0.015077650997508024,28.029353204367418,-0.026190681890380433,-34.91217895987712,-103.64514332919076,6/12,-0.016434400462760283,-104.32996627857538
GBPUSD,IBX,0.5,reject,"{'rr': 2.0, 'sides': 'L'}",454,0.3237885462555066,-0.07278358738395391,0.007428303996352212,2.0204986870078017,-0.19266069977649933,-35.06424735932288,-39.50362614596172,4/12,0.003468925701548716,-38.078223112847255
GBPUSD,PULL,0.0,reject,"{'rr': 3.0, 'stop_atr': 1.5, 'sides': 'LS'}",1846,0.25460455037919827,-0.005349098307210571,-0.0033111159530788744,-3.4435605912020293,-0.007978752957703067,-6.430874883908672,-116.74441922036168,8/12,,
GBPUSD,HANDOFF,0.0,reject,"{'k': 2.5, 'rr': 2.5, 'stop_atr': 1.5}",1267,0.2951854775059195,-0.043476356420186595,-0.01230630940711167,-9.377407768219093,-0.0905091798339749,-45.707135816157326,-104.50627672215586,4/12,,
GBPUSD,AFADE,0.0,reject,"{'k': 1.5, 'stop_atr': 2.0}",2343,0.45710627400768244,-0.08196671221852306,-0.08573457550947333,-118.22797962756373,-0.07657679159796248,-73.82002710043582,-214.72013374366253,3/12,,
USDCAD,TSMOM,0.5,PASS,"{'N': 20, 'trail': 3.0, 'sides': 'L'}",44,0.38636363636363635,0.47532404323460736,0.31658658475412366,10.44735729688608,0.9515364186760583,10.466900605436642,-6.183754244591513,9/11,0.3042580112735697,10.26966933753051
USDCAD,ORB,0.0,reject,"{'open_min': 480, 'rng_min': 60, 'pad': 0.1, 'rr': 3.0, 'cutoff_min': 720}",2177,0.4294901240238861,-0.031056521608735347,-0.02516283188629388,-41.56899827615749,-0.049601998602017805,-26.041049266059346,-91.53214344674271,3/12,,
USDCAD,PULL,0.0,reject,"{'rr': 3.0, 'stop_atr': 2.5, 'sides': 'L'}",528,0.2935606060606061,0.009228723426776362,-0.04575780481259927,-17.982817291351513,0.16930061674584765,22.855583260689432,-43.84297034368083,6/12,,
USDCAD,IBX,0.0,reject,"{'rr': 2.0, 'sides': 'LS'}",699,0.31759656652360513,-0.10061557149958852,-0.05566319055822074,-30.169449282555643,-0.25580149806150776,-40.160835195656716,-81.48932391238706,4/12,,
USDCAD,AFADE,0.0,reject,"{'k': 2.5, 'stop_atr': 2.0}",1256,0.4140127388535032,-0.07354718643379664,-0.07450855535151575,-73.98699546405514,-0.06991737907526012,-18.388270696793413,-100.89970065073943,3/12,,
USDCAD,HANDOFF,0.0,reject,"{'k': 1.5, 'rr': 2.5, 'stop_atr': 1.5}",1348,0.271513353115727,-0.13151292038927262,-0.11057198720208601,-115.76887060058405,-0.20435397370151306,-61.510546084155436,-185.42048300521145,1/12,,
USDCHF,IBX,1.0,reject,"{'rr': 3.0, 'sides': 'L'}",286,0.3041958041958042,0.04119096897080322,0.1861022471695011,27.543132581086162,-0.11422112648866992,-15.762515455436448,-42.194638359961985,7/12,0.14492988680891702,-22.126806691289588
USDCHF,PULL,0.75,reject,"{'rr': 3.0, 'stop_atr': 2.5, 'sides': 'L'}",406,0.29802955665024633,0.024707985574480833,0.0837179094461414,16.994735617566704,-0.03430193829717977,-6.963293474327493,-28.4402306500974,6/11,0.040250187510548055,-11.075196029775038
USDCHF,ORB,0.0,reject,"{'open_min': 120, 'rng_min': 60, 'pad': 0.1, 'rr': 2.0, 'cutoff_min': 720}",2333,0.37291041577368195,-0.04054979093954538,-0.02840042044766627,-35.10291967331551,-0.05423859853112476,-59.49974258864386,-121.28627639060879,3/12,,
USDCHF,HANDOFF,0.0,reject,"{'k': 2.5, 'rr': 1.5, 'stop_atr': 1.5}",861,0.389082462253194,-0.09249940731743164,-0.05887566864176533,-26.3174238828691,-0.1288032990759409,-53.324565817439534,-92.56073316310466,4/12,,
USDCHF,AFADE,0.0,reject,"{'k': 1.5, 'stop_atr': 2.0}",1626,0.48523985239852396,-0.07208373230773371,-0.08193800012884121,-70.30280411054576,-0.06107466747634018,-46.90534462182926,-121.52446622129237,2/12,,
USDCHF,TSMOM,0.0,reject,"{'N': 20, 'trail': 3.0, 'sides': 'LS'}",84,0.2857142857142857,-0.14049483562848705,-0.3353746474105561,-18.445605607580585,0.22910480740647168,6.644039414787679,-20.027453936131824,4/11,,
USDJPY,TSMOM,1.0,PASS,"{'N': 20, 'trail': 3.0, 'sides': 'L'}",46,0.391304347826087,0.29504928518763995,0.3426933763292265,9.938107913547567,0.2137740708872866,3.634159205083872,-6.309274930618317,7/11,0.33220824300321755,3.538494163681601
USDJPY,PULL,1.0,PASS,"{'rr': 3.0, 'stop_atr': 2.5, 'sides': 'LS'}",790,0.31518987341772153,0.11188007416395195,0.12880442364256994,64.14460297399984,0.08301594388877462,24.24065561552219,-38.71820783294996,9/12,0.10567313783558266,21.190583984720824
USDJPY,HANDOFF,0.3333333333333333,reject,"{'k': 2.0, 'rr': 2.5, 'stop_atr': 1.5}",864,0.3020833333333333,-0.07317587761361787,0.02540357501338921,14.022773407390844,-0.24758567841524576,-77.24673166555668,-86.82445540786827,5/12,-0.10105273438031694,-90.245463040853
USDJPY,IBX,0.0,reject,"{'rr': 2.0, 'sides': 'L'}",402,0.3656716417910448,0.004782479907728062,-0.009048388999345836,-2.280194027835151,0.028018339671612196,4.202750950741829,-23.88156801409406,4/12,,
USDJPY,ORB,0.0,reject,"{'open_min': 120, 'rng_min': 60, 'pad': 0.1, 'rr': 3.0, 'cutoff_min': 720}",2426,0.35243198680956306,-0.02533269485921919,-0.01100386949066778,-17.08900931900706,-0.05082257549766174,-44.3681084094587,-118.16546648501843,5/12,,
USDJPY,AFADE,0.0,reject,"{'k': 2.5, 'stop_atr': 2.0}",1036,0.3918918918918919,-0.07810139477184694,-0.11756028081961034,-74.76833860127218,-0.015361765955903092,-6.144706382361237,-94.62271047196262,1/12,,
XAUUSD,TSMOM,1.0,PASS,"{'N': 55, 'trail': 3.0, 'sides': 'L'}",57,0.49122807017543857,0.9143768384509133,0.5786765325914196,27.19779703179672,2.4921682759905344,24.921682759905345,-3.0143880809445225,13/19,0.5687892809718015,24.844272388192632
XAUUSD,PULL,0.625,PASS,"{'rr': 3.0, 'stop_atr': 2.5, 'sides': 'L'}",1315,0.32775665399239545,0.13234864098448834,0.08920724937219318,99.10925405250663,0.36730004334360555,74.92920884209553,-32.63455468803594,13/19,0.07230870008319722,71.89123157898783
XAUUSD,IBX,0.25,reject,"{'rr': 3.0, 'sides': 'L'}",1155,0.2935064935064935,0.0835471358722853,0.014868333535246692,15.046753537669652,0.5695817370267124,81.45018839481988,-66.11098412205342,11/19,-0.011910660832906126,76.07526306808042
XAUUSD,ORB,0.0,reject,"{'open_min': 480, 'rng_min': 60, 'pad': 0.1, 'rr': 3.0, 'cutoff_min': 720}",4674,0.4349593495934959,-0.026995182593921627,-0.031222235568684847,-124.95138674587676,-0.0018215724674299349,-1.2240966981129162,-174.91005738078263,5/19,,
XAUUSD,AFADE,0.0,reject,"{'k': 2.0, 'stop_atr': 2.0}",3666,0.4249863611565739,-0.08673567798937387,-0.08440735481405841,-269.00623979240413,-0.1022270474251367,-48.966755716640485,-325.96079163488935,2/19,,
XAUUSD,HANDOFF,0.0,reject,"{'k': 2.0, 'rr': 1.5, 'stop_atr': 1.5}",2691,0.3756967670011148,-0.11150719777459789,-0.11347438701203878,-269.7286179276162,-0.0966154499484927,-30.337251283826706,-313.4699635459665,3/19,,
