sym,family,cell,params,n,net,avg,wr,tr_n,tr_net,tr_avg,va_n,va_net,va_avg,maxdd,yrs_pos,tr_avg_2x,va_net_2x,tr_avg_3x,va_net_3x
XAUUSD,ORB,0,"{'open_min': 120, 'rng_min': 30, 'pad': 0.1, 'rr': 2.0, 'cutoff_min': 720}",7586,-506.54494350446316,-0.06677365456162182,0.3395728974426575,6583,-436.21709510972056,-0.0662641797219688,1003,-70.32784839474249,-0.07011749590702142,-530.5665961636905,4/19,,,,
XAUUSD,ORB,1,"{'open_min': 120, 'rng_min': 30, 'pad': 0.1, 'rr': 3.0, 'cutoff_min': 720}",7579,-392.2563263485449,-0.051755683645407696,0.29291463253727407,6576,-303.76802196340145,-0.046193433996867615,1003,-88.48830438514351,-0.08822363348468944,-421.70010377490354,5/19,,,,
XAUUSD,ORB,2,"{'open_min': 120, 'rng_min': 60, 'pad': 0.1, 'rr': 2.0, 'cutoff_min': 720}",7069,-346.50579125479436,-0.049017653310905976,0.35945678313764323,6116,-270.2600673058744,-0.04418902343130712,953,-76.24572394892002,-0.08000600624230851,-367.06277774608674,5/19,,,,
XAUUSD,ORB,3,"{'open_min': 120, 'rng_min': 60, 'pad': 0.1, 'rr': 3.0, 'cutoff_min': 720}",7069,-330.98794579718196,-0.046822456612983725,0.3231008629226199,6116,-270.33213122491765,-0.044200806282687646,953,-60.655814572264326,-0.06364723459838859,-356.4106759619116,4/19,,,,
XAUUSD,ORB,4,"{'open_min': 480, 'rng_min': 30, 'pad': 0.1, 'rr': 2.0, 'cutoff_min': 720}",5992,-288.15126502977904,-0.048089329944889694,0.40120160213618156,5146,-271.3224890975933,-0.05272492986739084,846,-16.828775932185735,-0.019892170132607252,-315.703309615904,6/19,,,,
XAUUSD,ORB,5,"{'open_min': 480, 'rng_min': 30, 'pad': 0.1, 'rr': 3.0, 'cutoff_min': 720}",5992,-260.00545089309793,-0.04339209794611114,0.38684913217623496,5146,-230.33343793223287,-0.04475970422313114,846,-29.672012960865054,-0.03507330137218091,-308.54426556743846,7/19,,,,
XAUUSD,ORB,6,"{'open_min': 480, 'rng_min': 60, 'pad': 0.1, 'rr': 2.0, 'cutoff_min': 720}",4674,-135.13621727167128,-0.028912327186921542,0.4396662387676508,4002,-127.50762426965862,-0.03186097557962484,672,-7.628593002012661,-0.011352072919661697,-168.47535102071174,7/19,,,,
XAUUSD,ORB,7,"{'open_min': 480, 'rng_min': 60, 'pad': 0.1, 'rr': 3.0, 'cutoff_min': 720}",4674,-126.17548344398968,-0.026995182593921627,0.4349593495934959,4002,-124.95138674587676,-0.031222235568684847,672,-1.2240966981129162,-0.0018215724674299349,-174.91005738078263,5/19,,,,
XAUUSD,PULL,0,"{'rr': 2.0, 'stop_atr': 1.5, 'sides': 'L'}",2625,19.250733500151405,0.00733361276196244,0.3424761904761905,2234,-17.79402174329795,-0.007965094782138742,391,37.04475524344939,0.0947436195484639,-61.70233057486999,10/19,,,,
XAUUSD,PULL,1,"{'rr': 2.0, 'stop_atr': 1.5, 'sides': 'LS'}",4522,-65.93964145908464,-0.01458196405552513,0.335249889429456,3922,-72.20240816642142,-0.018409589027644422,600,6.262766707336844,0.010437944512228074,-128.10559201827257,7/19,,,,
XAUUSD,PULL,2,"{'rr': 2.0, 'stop_atr': 2.5, 'sides': 'L'}",1554,100.80779128543898,0.06486987856205854,0.3687258687258687,1320,60.974513299750754,0.04619281310587178,234,39.83327798568824,0.1702276836995224,-29.03711972447171,12/19,0.012862375808899608,37.55883563873258,-0.00678106881907139,36.24400666175272
XAUUSD,PULL,3,"{'rr': 2.0, 'stop_atr': 2.5, 'sides': 'LS'}",2597,75.64629798572172,0.029128339617143516,0.3581055063534848,2272,37.50762736196434,0.01650863880368149,325,38.13867062375736,0.11734975576540727,-71.12398240865815,11/19,-0.00872029493741161,32.05046201508414,-0.027787914405524163,27.272470810859883
XAUUSD,PULL,4,"{'rr': 3.0, 'stop_atr': 1.5, 'sides': 'L'}",2199,87.58588762466745,0.039829871589207574,0.2669395179627103,1875,24.74748252822256,0.013198657348385365,324,62.83840509644489,0.19394569474211384,-60.13692820039367,9/19,-0.02783150449442785,56.77026015010999,-0.06158667600301679,54.79782673458646
XAUUSD,PULL,5,"{'rr': 3.0, 'stop_atr': 1.5, 'sides': 'LS'}",3802,5.060245565210664,0.0013309430734378392,0.2577590741714887,3298,-21.35032981485302,-0.00647372038048909,504,26.410575380063676,0.05240193527790412,-121.9758531683141,7/19,,,,
XAUUSD,PULL,6,"{'rr': 3.0, 'stop_atr': 2.5, 'sides': 'L'}",1315,174.03846289460216,0.13234864098448834,0.32775665399239545,1111,99.10925405250663,0.08920724937219318,204,74.92920884209553,0.36730004334360555,-32.63455468803594,13/19,0.07230870008319722,71.89123157898783,0.04674159878993031,67.54982827388753
XAUUSD,PULL,7,"{'rr': 3.0, 'stop_atr': 2.5, 'sides': 'LS'}",2220,152.570968884102,0.0687256616595054,0.3108108108108108,1939,98.73844590538933,0.05092235477327969,281,53.83252297871265,0.19157481487086353,-64.76797216942867,13/19,0.027889684284962378,52.02793492055717,0.0055379790930841916,47.28197218895733
XAUUSD,TSMOM,0,"{'N': 20, 'trail': 3.0, 'sides': 'L'}",93,56.67578746855513,0.6094170695543563,0.4731182795698925,80,29.0314113884137,0.36289264235517127,13,27.64437608014142,2.126490467703186,-6.586130423459048,15/19,0.3543338894488878,27.553714474495404,0.34584344715242626,27.463418110307828
XAUUSD,TSMOM,1,"{'N': 20, 'trail': 3.0, 'sides': 'LS'}",174,38.7351865701388,0.22261601477091264,0.39080459770114945,151,17.998703936846,0.11919671481354967,23,20.736482633292802,0.9015862014475131,-8.19898704727644,13/19,0.11173777674143741,20.63030660215725,0.1043364806473768,20.524550163038906
XAUUSD,TSMOM,2,"{'N': 20, 'trail': 4.0, 'sides': 'L'}",84,56.503722232222145,0.6726633599074064,0.39285714285714285,74,25.01397909300514,0.3380267445000695,10,31.489743139216998,3.1489743139216997,-6.38377562271204,11/19,0.3294870796442347,31.39958475579569,0.32101604658017513,31.3097999478291
XAUUSD,TSMOM,3,"{'N': 20, 'trail': 4.0, 'sides': 'LS'}",149,35.13562563713815,0.23580956803448422,0.348993288590604,132,6.928744914096501,0.05249049177345834,17,28.206880723041643,1.659228277825979,-10.793249978240224,11/19,0.045077310190375565,28.104384729040046,0.03772295656541223,28.002307435282084
XAUUSD,TSMOM,4,"{'N': 55, 'trail': 3.0, 'sides': 'L'}",57,52.11947979170206,0.9143768384509133,0.49122807017543857,47,27.19779703179672,0.5786765325914196,10,24.921682759905345,2.4921682759905344,-3.0143880809445225,13/19,0.5687892809718015,24.844272388192632,0.5589854473857835,24.767170655464092
XAUUSD,TSMOM,5,"{'N': 55, 'trail': 3.0, 'sides': 'LS'}",101,40.094824222522504,0.3969784576487377,0.39603960396039606,88,17.271862321846303,0.19627116274825343,13,22.822961900676198,1.755612453898169,-5.956330438553087,13/19,0.18816151707512088,22.743326678236393,0.18011767606655366,22.66400277919539
XAUUSD,TSMOM,6,"{'N': 55, 'trail': 4.0, 'sides': 'L'}",51,49.52387362532382,0.9710563455945848,0.47058823529411764,43,24.357880598897804,0.5664623395092513,8,25.165993026426012,3.1457491283032515,-3.4576558079995987,13/19,0.5564573045164153,25.093760531229584,0.5465380621787872,25.021821350475967
XAUUSD,TSMOM,7,"{'N': 55, 'trail': 4.0, 'sides': 'LS'}",91,42.760624165741014,0.4698969688542969,0.3626373626373626,81,17.147063553203896,0.21169214263214686,10,25.613560612537125,2.5613560612537123,-8.407830201456608,11/19,0.2034003982932844,25.538657329629697,0.19517681022398076,25.464050739644627
XAUUSD,AFADE,0,"{'k': 1.5, 'stop_atr': 1.2}",4360,-759.9686490897877,-0.17430473602976781,0.3321100917431193,3792,-684.0309666892265,-0.1803879131564416,568,-75.93768240056127,-0.13369310281788957,-765.2526775925405,0/19,,,,
XAUUSD,AFADE,1,"{'k': 1.5, 'stop_atr': 2.0}",4360,-522.6156334371155,-0.11986597097181549,0.4506880733944954,3792,-448.78816207988166,-0.11835130856536964,568,-73.82747135723389,-0.12997794253034137,-523.039583334591,2/19,,,,
XAUUSD,AFADE,2,"{'k': 2.0, 'stop_atr': 1.2}",3666,-467.0877621027065,-0.1274107370711147,0.31151118385160936,3187,-409.71906886846546,-0.12855948191668198,479,-57.36869323424102,-0.11976762679382259,-480.81356295503525,3/19,,,,
XAUUSD,AFADE,3,"{'k': 2.0, 'stop_atr': 2.0}",3666,-317.9729955090446,-0.08673567798937387,0.4249863611565739,3187,-269.00623979240413,-0.08440735481405841,479,-48.966755716640485,-0.1022270474251367,-325.96079163488935,2/19,,,,
XAUUSD,AFADE,4,"{'k': 2.5, 'stop_atr': 1.2}",3023,-424.0224038394864,-0.14026543296046523,0.27853126033741316,2618,-374.52252984669724,-0.14305673408964753,405,-49.49987399278921,-0.1222219110933067,-448.31434820566784,2/19,,,,
XAUUSD,AFADE,5,"{'k': 2.5, 'stop_atr': 2.0}",3023,-262.95930854217187,-0.08698620858159836,0.3906715183592458,2618,-222.38058490893022,-0.08494292777270061,405,-40.57872363324164,-0.10019437934133738,-275.35574453998277,2/19,,,,
XAUUSD,HANDOFF,0,"{'k': 1.5, 'rr': 1.5, 'stop_atr': 1.5}",3155,-384.5839942911665,-0.12189667013983091,0.37147385103011094,2772,-348.95886440323534,-0.12588703622050337,383,-35.62512988793109,-0.09301600492932399,-395.2818324141941,1/19,,,,
XAUUSD,HANDOFF,1,"{'k': 1.5, 'rr': 2.5, 'stop_atr': 1.5}",3155,-413.72268623372236,-0.1311323886636204,0.2665610142630745,2772,-375.50088598019084,-0.13546208007943392,383,-38.22180025353147,-0.09979582311627015,-459.81749573243866,4/19,,,,
XAUUSD,HANDOFF,2,"{'k': 2.0, 'rr': 1.5, 'stop_atr': 1.5}",2691,-300.06586921144293,-0.11150719777459789,0.3756967670011148,2377,-269.7286179276162,-0.11347438701203878,314,-30.337251283826706,-0.0966154499484927,-313.4699635459665,3/19,,,,
XAUUSD,HANDOFF,3,"{'k': 2.0, 'rr': 2.5, 'stop_atr': 1.5}",2691,-362.7160173880902,-0.13478856090230035,0.26570048309178745,2377,-318.68310729631344,-0.13406946036866363,314,-44.03291009177684,-0.14023219774451223,-399.1265501310837,4/19,,,,
XAUUSD,HANDOFF,4,"{'k': 2.5, 'rr': 1.5, 'stop_atr': 1.5}",2210,-255.16741730258852,-0.1154603698201758,0.3737556561085973,1958,-238.02080202135932,-0.1215632288158117,252,-17.146615281229195,-0.06804212413186189,-261.5630065299874,3/19,,,,
XAUUSD,HANDOFF,5,"{'k': 2.5, 'rr': 2.5, 'stop_atr': 1.5}",2210,-274.74045024236284,-0.12431694581102391,0.2678733031674208,1958,-247.05762330110832,-0.1261785614408112,252,-27.682826941254543,-0.1098524878621212,-296.9198983487951,5/19,,,,
XAUUSD,IBX,0,"{'rr': 2.0, 'sides': 'L'}",1223,40.00045388734512,0.032706830651958396,0.35731807031888796,1069,-25.49533057347269,-0.023849701191274733,154,65.4957844608178,0.42529730169362207,-84.47049349016709,10/19,,,,
XAUUSD,IBX,1,"{'rr': 2.0, 'sides': 'LS'}",1896,-97.9963014328392,-0.051685812992003796,0.32858649789029537,1647,-139.47339511727003,-0.08468330001048575,249,41.47709368443084,0.16657467343144916,-170.4232574192905,7/19,,,,
XAUUSD,IBX,2,"{'rr': 3.0, 'sides': 'L'}",1155,96.49694193248952,0.0835471358722853,0.2935064935064935,1012,15.046753537669652,0.014868333535246692,143,81.45018839481988,0.5695817370267124,-66.11098412205342,11/19,-0.011910660832906126,76.07526306808042,-0.06548532973955369,69.91473931540958
XAUUSD,IBX,3,"{'rr': 3.0, 'sides': 'LS'}",1752,-29.943043070931576,-0.01709077800852259,0.2688356164383562,1521,-80.59847968244824,-0.05299045344013691,231,50.65543661151669,0.21928760437886013,-112.5613352327824,8/19,,,,
EURUSD,ORB,0,"{'open_min': 120, 'rng_min': 30, 'pad': 0.1, 'rr': 2.0, 'cutoff_min': 720}",4208,-100.34348336118691,-0.0238458848291794,0.3590779467680608,2770,-142.93053866670186,-0.05159947244285266,1438,42.58705530551497,0.029615476568508325,-182.5190644858591,6/12,,,,
EURUSD,ORB,1,"{'open_min': 120, 'rng_min': 30, 'pad': 0.1, 'rr': 3.0, 'cutoff_min': 720}",4208,-23.809684323815638,-0.0056581949438725375,0.31630228136882127,2770,-73.12093273959749,-0.02639744864245397,1438,49.31124841578189,0.03429154966326974,-160.21294902152488,8/12,,,,
EURUSD,ORB,2,"{'open_min': 120, 'rng_min': 60, 'pad': 0.1, 'rr': 2.0, 'cutoff_min': 720}",3890,-142.14390748451814,-0.036540850253089494,0.38508997429305913,2552,-127.3386298633964,-0.0498975822348732,1338,-14.805277621121757,-0.011065229911152285,-190.3852457967011,4/12,,,,
EURUSD,ORB,3,"{'open_min': 120, 'rng_min': 60, 'pad': 0.1, 'rr': 3.0, 'cutoff_min': 720}",3890,-105.36424051595745,-0.027085923011814252,0.3606683804627249,2552,-93.00216727227982,-0.03644285551421623,1338,-12.362073243677601,-0.009239217670910016,-144.28115681892334,5/12,,,,
EURUSD,ORB,4,"{'open_min': 480, 'rng_min': 30, 'pad': 0.1, 'rr': 2.0, 'cutoff_min': 720}",3470,-212.30131236276864,-0.061181934398492406,0.39221902017291066,2285,-142.85256258807465,-0.06251753286130181,1185,-69.44874977469398,-0.05860653989425652,-223.22247014933222,2/12,,,,
EURUSD,ORB,5,"{'open_min': 480, 'rng_min': 30, 'pad': 0.1, 'rr': 3.0, 'cutoff_min': 720}",3470,-266.8514396179109,-0.07690243216654492,0.37435158501440924,2285,-153.4042985037902,-0.0671353603955318,1185,-113.44714111412071,-0.09573598406254913,-277.22437010572,2/12,,,,
EURUSD,ORB,6,"{'open_min': 480, 'rng_min': 60, 'pad': 0.1, 'rr': 2.0, 'cutoff_min': 720}",2728,-124.48298534784627,-0.04563159286944511,0.43548387096774194,1798,-72.80513075369103,-0.04049228629237543,930,-51.67785459415523,-0.05556758558511315,-132.6166315965556,4/12,,,,
EURUSD,ORB,7,"{'open_min': 480, 'rng_min': 60, 'pad': 0.1, 'rr': 3.0, 'cutoff_min': 720}",2728,-116.48814634311952,-0.04270093341023443,0.43218475073313783,1798,-81.01880317840211,-0.04506051344738716,930,-35.46934316471741,-0.03813907867173915,-126.13504806086863,4/12,,,,
EURUSD,PULL,0,"{'rr': 2.0, 'stop_atr': 1.5, 'sides': 'L'}",1436,-56.78281954717618,-0.039542353445108765,0.32729805013927576,929,-4.293054972689454,-0.004621157128836872,507,-52.48976457448677,-0.10353010764198574,-110.26394486175809,6/12,,,,
EURUSD,PULL,1,"{'rr': 2.0, 'stop_atr': 1.5, 'sides': 'LS'}",2704,-133.2510117989616,-0.049279220339852665,0.3239644970414201,1751,-57.97665870492659,-0.03311059891771936,953,-75.27435309403504,-0.07898672937464327,-178.25598419740436,5/12,,,,
EURUSD,PULL,2,"{'rr': 2.0, 'stop_atr': 2.5, 'sides': 'L'}",872,-6.215384113375311,-0.007127734074971687,0.34059633027522934,563,0.6253997701727787,0.0011108344052802464,309,-6.840783883548088,-0.022138459170058536,-38.728176953902654,4/12,-0.015935899238558718,-14.686222631324512,-0.03628325525196728,-21.30241662074349
EURUSD,PULL,3,"{'rr': 2.0, 'stop_atr': 2.5, 'sides': 'LS'}",1564,-21.524746074412217,-0.013762625367271238,0.3414322250639386,997,-27.025343915587776,-0.027106663907309706,567,5.500597841175548,0.009701230760450702,-60.91932888991623,5/12,,,,
EURUSD,PULL,4,"{'rr': 3.0, 'stop_atr': 1.5, 'sides': 'L'}",1186,-26.089423117776164,-0.021997827249389684,0.2521079258010118,765,4.540006580935966,0.005934649125406492,421,-30.62942969871216,-0.07275398978316427,-72.50323155274387,5/12,-0.02521879891065085,-42.06571933179164,-0.07309464744209507,-56.8334758025141
EURUSD,PULL,5,"{'rr': 3.0, 'stop_atr': 1.5, 'sides': 'LS'}",2260,-107.5522919207234,-0.04758950969943514,0.24557522123893805,1460,-69.37903544301494,-0.04751988728973626,800,-38.17325647770846,-0.04771657059713558,-134.73761477856584,5/12,,,,
EURUSD,PULL,6,"{'rr': 3.0, 'stop_atr': 2.5, 'sides': 'L'}",734,-0.8881465110598867,-0.0012100088706537967,0.29291553133514986,471,9.980337333855239,0.021189675868057832,263,-10.86848384491513,-0.041325033630856,-45.03051765412809,4/12,-0.0003787795585645236,-14.555526013606837,-0.013364131890080178,-18.146383766027256
EURUSD,PULL,7,"{'rr': 3.0, 'stop_atr': 2.5, 'sides': 'LS'}",1324,-35.59868961977315,-0.026887227809496334,0.2862537764350453,847,-40.0966090725944,-0.04733956206917875,477,4.4979194528212645,0.009429600530023615,-58.95928590560045,4/12,,,,
EURUSD,TSMOM,0,"{'N': 20, 'trail': 3.0, 'sides': 'L'}",51,-1.658912121345928,-0.03252768865384172,0.29411764705882354,33,-0.05607068976720786,-0.001699111811127511,18,-1.602841431578721,-0.08904674619881783,-9.359434625053785,5/11,,,,
EURUSD,TSMOM,1,"{'N': 20, 'trail': 3.0, 'sides': 'LS'}",108,-16.463751247589837,-0.15244214118138738,0.2777777777777778,72,-11.576789126098017,-0.16078873786247247,36,-4.88696212149182,-0.1357489478192172,-15.696787688645777,4/11,,,,
EURUSD,TSMOM,2,"{'N': 20, 'trail': 4.0, 'sides': 'L'}",48,-9.098448390431471,-0.18955100813398898,0.25,32,-5.046123476958763,-0.15769135865496134,16,-4.0523249134727095,-0.25327030709204434,-11.730109139293246,2/11,,,,
EURUSD,TSMOM,3,"{'N': 20, 'trail': 4.0, 'sides': 'LS'}",96,-23.02665029733644,-0.2398609405972546,0.23958333333333334,65,-15.210742429008299,-0.23401142198474306,31,-7.815907868328145,-0.2521260602686498,-23.711559314917768,4/11,,,,
EURUSD,TSMOM,4,"{'N': 55, 'trail': 3.0, 'sides': 'L'}",28,3.6111223664127134,0.1289686559433112,0.2857142857142857,16,6.800768033267586,0.4250480020792241,12,-3.1896456668548705,-0.2658038055712392,-5.063458368675744,5/11,,,,
EURUSD,TSMOM,5,"{'N': 55, 'trail': 3.0, 'sides': 'LS'}",66,-10.68563413584501,-0.1619035475128032,0.2727272727272727,43,-3.0013135188659295,-0.06979798881083557,23,-7.684320616979079,-0.33410089639039475,-13.641197692687536,5/11,,,,
EURUSD,TSMOM,6,"{'N': 55, 'trail': 4.0, 'sides': 'L'}",27,-1.409992122613565,-0.052221930467169074,0.25925925925925924,15,4.77472579566554,0.3183150530443693,12,-6.184717918279106,-0.5153931598565922,-6.184717918279106,5/11,,,,
EURUSD,TSMOM,7,"{'N': 55, 'trail': 4.0, 'sides': 'LS'}",62,-15.957972128631475,-0.25738664723599153,0.24193548387096775,40,-7.122869725604755,-0.17807174314011887,22,-8.83510240302672,-0.40159556377394184,-18.019384356315953,5/11,,,,
EURUSD,AFADE,0,"{'k': 1.5, 'stop_atr': 1.2}",2875,-336.24283469343794,-0.11695402945858711,0.34956521739130436,1891,-214.16519426871488,-0.11325499432507398,984,-122.07764042472309,-0.12406264270805191,-353.7054628827521,2/12,,,,
EURUSD,AFADE,1,"{'k': 1.5, 'stop_atr': 2.0}",2875,-139.36941035218763,-0.048476316644239174,0.47791304347826086,1891,-98.50790301869478,-0.05209302116271538,984,-40.861507333492874,-0.041525922086883,-164.81537283074715,3/12,,,,
EURUSD,AFADE,2,"{'k': 2.0, 'stop_atr': 1.2}",2492,-182.3615592000981,-0.07317879582668463,0.3238362760834671,1639,-82.7223840433905,-0.050471253229646434,853,-99.63917515670758,-0.11681028740528439,-197.8267420718947,2/12,,,,
EURUSD,AFADE,3,"{'k': 2.0, 'stop_atr': 2.0}",2492,-61.43494235391843,-0.024652866113129387,0.44502407704654895,1639,-29.374686544820438,-0.01792232248006128,853,-32.060255809097995,-0.03758529403176787,-84.51537882117613,5/12,,,,
EURUSD,AFADE,4,"{'k': 2.5, 'stop_atr': 1.2}",2110,-98.29279547062556,-0.04658426325622064,0.2976303317535545,1392,-81.33234602268533,-0.058428409499055554,718,-16.960449447940274,-0.023621795888496205,-133.17742476429183,3/12,,,,
EURUSD,AFADE,5,"{'k': 2.5, 'stop_atr': 2.0}",2110,10.085649815046278,0.004779928822296814,0.4184834123222749,1392,-10.81883975516682,-0.007772154996527888,718,20.904489570213087,0.02911488798079817,-46.57947305998596,5/12,,,,
EURUSD,HANDOFF,0,"{'k': 1.5, 'rr': 1.5, 'stop_atr': 1.5}",1949,-197.2724358374681,-0.10121725799767475,0.3776295536172396,1275,-115.23996354693325,-0.09038428513484961,674,-82.03247229053486,-0.1217098995408529,-215.61457662590473,0/12,,,,
EURUSD,HANDOFF,1,"{'k': 1.5, 'rr': 2.5, 'stop_atr': 1.5}",1949,-211.16301099624562,-0.1083442847594898,0.2786044125192406,1275,-148.88733467160307,-0.11677438013459064,674,-62.275676324642575,-0.09239714588225902,-249.83721306996569,2/12,,,,
EURUSD,HANDOFF,2,"{'k': 2.0, 'rr': 1.5, 'stop_atr': 1.5}",1714,-150.40714621184378,-0.08775212731146079,0.38273045507584597,1123,-89.10949627819485,-0.07934950692626434,591,-61.29764993364892,-0.10371852780651256,-164.11059587561653,2/12,,,,
EURUSD,HANDOFF,3,"{'k': 2.0, 'rr': 2.5, 'stop_atr': 1.5}",1714,-159.37479973064586,-0.09298413053129864,0.2829638273045508,1123,-119.39996268166925,-0.10632231761502159,591,-39.97483704897661,-0.06763931818777769,-204.90589626910062,3/12,,,,
EURUSD,HANDOFF,4,"{'k': 2.5, 'rr': 1.5, 'stop_atr': 1.5}",1491,-156.59685513588397,-0.10502807185505296,0.3755868544600939,984,-85.89096710358936,-0.08728756819470464,507,-70.70588803229464,-0.13945934523135037,-171.25834475273362,2/12,,,,
EURUSD,HANDOFF,5,"{'k': 2.5, 'rr': 2.5, 'stop_atr': 1.5}",1491,-154.34382114722882,-0.10351698266078392,0.2796780684104628,984,-107.04679178522204,-0.10878739002563216,507,-47.29702936200677,-0.09328802635504294,-179.55556797768986,2/12,,,,
EURUSD,IBX,0,"{'rr': 2.0, 'sides': 'L'}",600,-20.284160384235584,-0.03380693397372597,0.33,396,11.483775349539233,0.02899943270085665,204,-31.76793573377482,-0.15572517516556283,-59.96941695705082,5/12,-0.020991582701720638,-45.51911613289016,-0.07137550952285376,-48.94446197436298
EURUSD,IBX,1,"{'rr': 2.0, 'sides': 'LS'}",965,-28.354246196530923,-0.0293826385456279,0.33264248704663213,635,39.50833043825912,0.062217843209856884,330,-67.86257663479002,-0.2056441716205758,-87.60571431863744,8/12,0.028251065835743695,-83.03846138315362,0.0009207818915544806,-90.30633926266015
EURUSD,IBX,2,"{'rr': 3.0, 'sides': 'L'}",578,-54.453006434027294,-0.09420935369208874,0.24394463667820068,381,-21.22136688462175,-0.05569912568142192,197,-33.23163954940555,-0.16868852563150025,-99.37248009131207,4/12,,,,
EURUSD,IBX,3,"{'rr': 3.0, 'sides': 'LS'}",892,-14.11711123135973,-0.015826357882690278,0.26681614349775784,585,52.75691153458072,0.09018275475996705,307,-66.87402276594047,-0.217830693048666,-85.74280385787449,5/12,0.04986347703249093,-65.59340343941528,-0.004635089861901042,-81.56149624169154
GBPUSD,ORB,0,"{'open_min': 120, 'rng_min': 30, 'pad': 0.1, 'rr': 2.0, 'cutoff_min': 720}",3443,-100.11084210322736,-0.02907663145606371,0.36479814115596865,2016,-46.111973997070066,-0.022873002974737135,1427,-53.9988681061573,-0.03784083259015929,-165.64719841505598,4/12,,,,
GBPUSD,ORB,1,"{'open_min': 120, 'rng_min': 30, 'pad': 0.1, 'rr': 3.0, 'cutoff_min': 720}",3442,-157.10818298723927,-0.04564444595794285,0.3169668797210924,2016,-75.79802599601925,-0.0375982271805651,1426,-81.31015699122,-0.05701974543563815,-203.63740144035148,4/12,,,,
GBPUSD,ORB,2,"{'open_min': 120, 'rng_min': 60, 'pad': 0.1, 'rr': 2.0, 'cutoff_min': 720}",3192,-16.419592758259245,-0.00514398269369024,0.3944235588972431,1859,24.15834371889806,0.012995343581978515,1333,-40.57793647715731,-0.030441062623523862,-117.57754619434894,3/12,-0.012740023932746161,-103.57241418519008,-0.056740782900447595,-155.43630669604357
GBPUSD,ORB,3,"{'open_min': 120, 'rng_min': 60, 'pad': 0.1, 'rr': 3.0, 'cutoff_min': 720}",3192,-6.882825755509717,-0.0021562737329291095,0.3681077694235589,1859,28.029353204367418,0.015077650997508024,1333,-34.91217895987712,-0.026190681890380433,-103.64514332919076,6/12,-0.016434400462760283,-104.32996627857538,-0.046000981380560364,-155.8049369821556
GBPUSD,ORB,4,"{'open_min': 480, 'rng_min': 30, 'pad': 0.1, 'rr': 2.0, 'cutoff_min': 720}",2837,-99.42942890114271,-0.03504738417382542,0.41170250264363767,1632,-41.98928861466043,-0.02572873076878703,1205,-57.44014028648229,-0.047668166212848376,-130.8551145354947,3/12,,,,
GBPUSD,ORB,5,"{'open_min': 480, 'rng_min': 30, 'pad': 0.1, 'rr': 3.0, 'cutoff_min': 720}",2837,-92.17254073077842,-0.03248943980640762,0.39584067677123724,1632,-33.4291528688337,-0.020483549551981433,1205,-58.74338786194473,-0.048749699470493554,-134.35794365858698,5/12,,,,
GBPUSD,ORB,6,"{'open_min': 480, 'rng_min': 60, 'pad': 0.1, 'rr': 2.0, 'cutoff_min': 720}",2267,-83.04091132085884,-0.03663030936076702,0.4450816056462285,1322,-61.34241335214332,-0.04640122038740039,945,-21.698497968715536,-0.02296137351186829,-103.28950739031988,2/12,,,,
GBPUSD,ORB,7,"{'open_min': 480, 'rng_min': 60, 'pad': 0.1, 'rr': 3.0, 'cutoff_min': 720}",2267,-76.77243632943075,-0.03386521231999592,0.4411116012351125,1322,-58.79443658412335,-0.044473855207355036,945,-17.97799974530739,-0.019024338354822635,-97.24117330560067,2/12,,,,
GBPUSD,PULL,0,"{'rr': 2.0, 'stop_atr': 1.5, 'sides': 'L'}",1173,-75.85174077180119,-0.06466474064092173,0.31798806479113384,639,-46.76131838435536,-0.0731789020099458,534,-29.090422387445848,-0.05447644641843792,-94.75718335998718,5/12,,,,
GBPUSD,PULL,1,"{'rr': 2.0, 'stop_atr': 1.5, 'sides': 'LS'}",2186,-123.30030686022994,-0.056404531958019186,0.32067703568161027,1231,-42.5183923385469,-0.03453971757802348,955,-80.781914521683,-0.08458839216930157,-176.54693113052952,4/12,,,,
GBPUSD,PULL,2,"{'rr': 2.0, 'stop_atr': 2.5, 'sides': 'L'}",696,-25.790873968453894,-0.037055853402951,0.3333333333333333,382,-22.52161066553014,-0.058957095983063194,314,-3.2692633029237594,-0.01041166656982089,-38.15108246655689,4/12,,,,
GBPUSD,PULL,3,"{'rr': 2.0, 'stop_atr': 2.5, 'sides': 'LS'}",1286,-60.933044313273555,-0.04738183850176793,0.3265940902021773,731,-23.777848384610856,-0.03252783636745671,555,-37.1551959286627,-0.06694629897056342,-74.24367540435082,4/12,,,,
GBPUSD,PULL,4,"{'rr': 3.0, 'stop_atr': 1.5, 'sides': 'L'}",991,-30.867273577505124,-0.0311476019954643,0.248234106962664,543,-33.730771923471174,-0.06211928531025999,448,2.8634983459660646,0.006391737379388537,-70.04812034157163,6/12,,,,
GBPUSD,PULL,5,"{'rr': 3.0, 'stop_atr': 1.5, 'sides': 'LS'}",1846,-9.874435475110715,-0.005349098307210571,0.25460455037919827,1040,-3.4435605912020293,-0.0033111159530788744,806,-6.430874883908672,-0.007978752957703067,-116.74441922036168,8/12,,,,
GBPUSD,PULL,6,"{'rr': 3.0, 'stop_atr': 2.5, 'sides': 'L'}",605,-38.92136765861726,-0.06433283910515249,0.27107438016528923,333,-27.825900779389325,-0.08356126360176974,272,-11.095466879227939,-0.04079215764422036,-54.135894807447535,5/12,,,,
GBPUSD,PULL,7,"{'rr': 3.0, 'stop_atr': 2.5, 'sides': 'LS'}",1097,-58.449706705012204,-0.05328140994075862,0.2707383773928897,630,-10.845709521202261,-0.01721541193841629,467,-47.60399718380995,-0.10193575414092067,-84.12144767949962,4/12,,,,
GBPUSD,TSMOM,0,"{'N': 20, 'trail': 3.0, 'sides': 'L'}",47,-3.930690368678195,-0.08363170997187648,0.3404255319148936,31,-6.9603487263566235,-0.2245273782695685,16,3.0296583576784264,0.18935364735490165,-6.740133668415401,5/11,,,,
GBPUSD,TSMOM,1,"{'N': 20, 'trail': 3.0, 'sides': 'LS'}",97,-1.6071670509922837,-0.016568732484456533,0.3402061855670103,63,0.92146581427592,0.014626441496443175,34,-2.5286328652682037,-0.07437155486082953,-9.724019133554636,5/11,0.009279455935305497,-2.734414601000354,0.003962162378795177,-2.938868891390777
GBPUSD,TSMOM,2,"{'N': 20, 'trail': 4.0, 'sides': 'L'}",39,-0.32954156264424195,-0.008449783657544665,0.358974358974359,27,-7.465803652696182,-0.2765112463961549,12,7.136262090051941,0.5946885075043284,-7.181776060246899,6/11,,,,
GBPUSD,TSMOM,3,"{'N': 20, 'trail': 4.0, 'sides': 'LS'}",75,9.988117670675159,0.13317490227566878,0.29333333333333333,50,6.50390309525865,0.13007806190517301,25,3.484214575416507,0.13936858301666027,-10.396606092527655,6/11,0.12449736750216277,3.314998247612047,0.1189472438496041,3.146879557443456
GBPUSD,TSMOM,4,"{'N': 55, 'trail': 3.0, 'sides': 'L'}",32,-6.933324621399812,-0.21666639441874413,0.25,18,-1.6426709240626227,-0.09125949578125682,14,-5.290653697337188,-0.37790383552408485,-6.805080295076284,3/11,,,,
GBPUSD,TSMOM,5,"{'N': 55, 'trail': 3.0, 'sides': 'LS'}",61,-3.5864443940142046,-0.05879417039367549,0.29508196721311475,35,6.49237018126789,0.18549629089336828,26,-10.078814575282093,-0.3876467144339267,-10.174436307022328,4/11,0.17962256852918582,-10.211724290513533,0.1737820778285909,-10.343774513580343
GBPUSD,TSMOM,6,"{'N': 55, 'trail': 4.0, 'sides': 'L'}",25,-1.5885762874456546,-0.06354305149782619,0.36,15,-0.8785298780447822,-0.05856865853631881,10,-0.7100464094008726,-0.07100464094008727,-4.1590567032814185,4/11,,,,
GBPUSD,TSMOM,7,"{'N': 55, 'trail': 4.0, 'sides': 'LS'}",50,6.147236743368838,0.12294473486737675,0.34,29,11.714703359998762,0.4039552882758194,21,-5.567466616629924,-0.26511745793475827,-8.475926735807075,6/11,0.3976374962508314,-5.681873825516503,0.39135442444228385,-5.795545526155592
GBPUSD,AFADE,0,"{'k': 1.5, 'stop_atr': 1.2}",2343,-280.4587980977325,-0.11970072475362036,0.3427230046948357,1379,-136.75664809514433,-0.09917088331772612,964,-143.70215000258816,-0.14906862033463503,-290.5370530825571,2/12,,,,
GBPUSD,AFADE,1,"{'k': 1.5, 'stop_atr': 2.0}",2343,-192.04800672799954,-0.08196671221852306,0.45710627400768244,1379,-118.22797962756373,-0.08573457550947333,964,-73.82002710043582,-0.07657679159796248,-214.72013374366253,3/12,,,,
GBPUSD,AFADE,2,"{'k': 2.0, 'stop_atr': 1.2}",2027,-244.97460610386418,-0.12085575042124527,0.302910705476073,1185,-144.3814267138982,-0.12184086642523055,842,-100.59317938996597,-0.11946933419235863,-260.96420660378203,1/12,,,,
GBPUSD,AFADE,3,"{'k': 2.0, 'stop_atr': 2.0}",2027,-183.73753264136258,-0.09064505803717937,0.4114454859398125,1185,-131.30690175782652,-0.11080751203192112,842,-52.43063088353607,-0.062269157818926446,-202.82012401904447,2/12,,,,
GBPUSD,AFADE,4,"{'k': 2.5, 'stop_atr': 1.2}",1697,-225.51212935089973,-0.13288870321208,0.2657631113730112,983,-140.6216136393183,-0.1430535235394896,714,-84.89051571158144,-0.11889427970809725,-247.17653389934756,2/12,,,,
GBPUSD,AFADE,5,"{'k': 2.5, 'stop_atr': 2.0}",1697,-141.43780484645902,-0.08334578953827873,0.37772539776075426,983,-99.85468440048126,-0.10158157110934005,714,-41.583120445977755,-0.058239664490164926,-158.7339516070222,2/12,,,,
GBPUSD,HANDOFF,0,"{'k': 1.5, 'rr': 1.5, 'stop_atr': 1.5}",1620,-145.40824995056656,-0.08975817898183121,0.3808641975308642,956,-64.72291722267661,-0.06770179625802993,664,-80.68533272788994,-0.12151405531308726,-170.82992710110042,1/12,,,,
GBPUSD,HANDOFF,1,"{'k': 1.5, 'rr': 2.5, 'stop_atr': 1.5}",1620,-94.39705905890568,-0.058269789542534374,0.29074074074074074,956,-29.902030846973574,-0.03127827494453303,664,-64.49502821193212,-0.09713106658423512,-129.98728121624703,4/12,,,,
GBPUSD,HANDOFF,2,"{'k': 2.0, 'rr': 1.5, 'stop_atr': 1.5}",1431,-119.66327754165567,-0.08362213664685932,0.3836477987421384,854,-57.51014280851476,-0.06734208759779245,577,-62.15313473314091,-0.1077177378390657,-147.7582186073877,1/12,,,,
GBPUSD,HANDOFF,3,"{'k': 2.0, 'rr': 2.5, 'stop_atr': 1.5}",1431,-77.8091396016898,-0.05437396198580698,0.2914046121593291,854,-25.57153267085187,-0.029943246687180174,577,-52.23760693083793,-0.09053311426488375,-111.31212188236563,4/12,,,,
GBPUSD,HANDOFF,4,"{'k': 2.5, 'rr': 1.5, 'stop_atr': 1.5}",1267,-99.03758130569437,-0.07816699392714631,0.38595106550907654,762,-41.38767325332188,-0.0543145318285064,505,-57.64990805237248,-0.11415823376707422,-123.955081297644,1/12,,,,
GBPUSD,HANDOFF,5,"{'k': 2.5, 'rr': 2.5, 'stop_atr': 1.5}",1267,-55.08454358437642,-0.043476356420186595,0.2951854775059195,762,-9.377407768219093,-0.01230630940711167,505,-45.707135816157326,-0.0905091798339749,-104.50627672215586,4/12,,,,
GBPUSD,IBX,0,"{'rr': 2.0, 'sides': 'L'}",454,-33.043748672315076,-0.07278358738395391,0.3237885462555066,272,2.0204986870078017,0.007428303996352212,182,-35.06424735932288,-0.19266069977649933,-39.50362614596172,4/12,0.003468925701548716,-38.078223112847255,-0.0229680106436272,-44.585322658076954
GBPUSD,IBX,1,"{'rr': 2.0, 'sides': 'LS'}",819,-42.72760193086195,-0.05217045412803657,0.3308913308913309,483,-0.002337036458651909,-4.83858480052155e-06,336,-42.72526489440331,-0.1271585264714384,-66.17997133884725,6/12,,,,
GBPUSD,IBX,2,"{'rr': 3.0, 'sides': 'L'}",435,-21.18642661911754,-0.04870442900946561,0.2689655172413793,261,1.4836419182095515,0.005684451793906328,174,-22.67006853732708,-0.13028775021452343,-31.902381496987434,5/12,-0.021656870318589042,-25.761551480253328,-0.03638933325432251,-33.60653819219125
GBPUSD,IBX,3,"{'rr': 3.0, 'sides': 'LS'}",747,-58.74856889303916,-0.0786460092276294,0.26238286479250333,440,-27.83266344317405,-0.06325605327994102,307,-30.91590544986512,-0.10070327508099389,-106.81418160614345,4/12,,,,
USDJPY,ORB,0,"{'open_min': 120, 'rng_min': 30, 'pad': 0.1, 'rr': 2.0, 'cutoff_min': 720}",2641,-222.26736886115447,-0.08416030627078927,0.3415372964786066,1687,-126.18683657907002,-0.0747995474683284,954,-96.08053228208445,-0.1007133462076357,-244.71785961871237,2/12,,,,
USDJPY,ORB,1,"{'open_min': 120, 'rng_min': 30, 'pad': 0.1, 'rr': 3.0, 'cutoff_min': 720}",2641,-180.84971788321548,-0.06847774247755224,0.30443014009844754,1687,-90.84035864436966,-0.053847278390260614,954,-90.00935923884583,-0.09434943316440862,-206.83973037793825,3/12,,,,
USDJPY,ORB,2,"{'open_min': 120, 'rng_min': 60, 'pad': 0.1, 'rr': 2.0, 'cutoff_min': 720}",2426,-104.55038993196723,-0.04309579139817281,0.377164056059357,1553,-45.2023499391352,-0.029106471306590602,873,-59.34803999283203,-0.06798171820484769,-132.3209554227884,4/12,,,,
USDJPY,ORB,3,"{'open_min': 120, 'rng_min': 60, 'pad': 0.1, 'rr': 3.0, 'cutoff_min': 720}",2426,-61.45711772846576,-0.02533269485921919,0.35243198680956306,1553,-17.08900931900706,-0.01100386949066778,873,-44.3681084094587,-0.05082257549766174,-118.16546648501843,5/12,,,,
USDJPY,ORB,4,"{'open_min': 480, 'rng_min': 30, 'pad': 0.1, 'rr': 2.0, 'cutoff_min': 720}",2191,-110.47378656151557,-0.05042162782360363,0.39799178457325424,1384,-42.386494854504235,-0.030626080097185142,807,-68.08729170701132,-0.08437086952541675,-140.23910436835513,3/12,,,,
USDJPY,ORB,5,"{'open_min': 480, 'rng_min': 30, 'pad': 0.1, 'rr': 3.0, 'cutoff_min': 720}",2191,-95.3568700867419,-0.043522076716906395,0.3829301688726609,1384,-26.03626342525274,-0.018812329064488976,807,-69.32060666148915,-0.08589914084447231,-131.6488487323067,2/12,,,,
USDJPY,ORB,6,"{'open_min': 480, 'rng_min': 60, 'pad': 0.1, 'rr': 2.0, 'cutoff_min': 720}",1734,-51.24502655460033,-0.029553071830796036,0.44925028835063435,1109,-28.68594239187003,-0.025866494492218242,625,-22.559084162730294,-0.03609453466036847,-83.33487765321468,2/12,,,,
USDJPY,ORB,7,"{'open_min': 480, 'rng_min': 60, 'pad': 0.1, 'rr': 3.0, 'cutoff_min': 720}",1734,-40.84294695526387,-0.023554179328295195,0.44521337946943484,1109,-27.676706231731984,-0.024956452869009906,625,-13.166240723531878,-0.021065985157651006,-76.09156672406272,4/12,,,,
USDJPY,PULL,0,"{'rr': 2.0, 'stop_atr': 1.5, 'sides': 'L'}",823,36.372224206935975,0.044194683118998754,0.3572296476306197,489,13.129358278639122,0.026849403432799842,334,23.242865928296858,0.06958941894699658,-38.73620839593795,6/12,-0.03192172991170701,10.867131575413564,-0.05640120723319904,8.081494166514968
USDJPY,PULL,1,"{'rr': 2.0, 'stop_atr': 1.5, 'sides': 'LS'}",1445,24.79626562232188,0.017160045413371544,0.34740484429065743,912,29.525903067158442,0.03237489371398952,533,-4.729637444836577,-0.008873616219205585,-55.81325614391764,6/12,-0.01744346020835292,-21.965710250519468,-0.05149112816716271,-36.38864486127009
USDJPY,PULL,2,"{'rr': 2.0, 'stop_atr': 2.5, 'sides': 'L'}",522,49.64173843579648,0.0950991157773879,0.38122605363984674,304,21.92269369056758,0.0721141239821302,218,27.719044745228906,0.1271515814001326,-25.952304613857322,7/12,0.024119237356566986,19.930325612837702,0.00814585314369921,8.927323508934876
USDJPY,PULL,3,"{'rr': 2.0, 'stop_atr': 2.5, 'sides': 'LS'}",913,31.938467087207705,0.03498189166178281,0.3592552026286966,568,32.36727375460456,0.05698463689190944,345,-0.4288066673968629,-0.0012429178765126462,-37.66838075777648,7/12,0.018532031798522915,-11.388923766228505,0.0009716649712388172,-24.35021345939664
USDJPY,PULL,4,"{'rr': 3.0, 'stop_atr': 1.5, 'sides': 'L'}",692,100.63595055415767,0.1454276742112105,0.29624277456647397,414,45.84325211144203,0.11073249302280683,278,54.792698442715654,0.19709603756372537,-38.16886248139697,8/12,0.06307955818135491,47.27267207451264,0.02447901846064612,39.04719178706465
USDJPY,PULL,5,"{'rr': 3.0, 'stop_atr': 1.5, 'sides': 'LS'}",1234,84.90006476210415,0.06880070077966301,0.2755267423014587,778,75.45310702470033,0.09698342805231405,456,9.446957737403807,0.020717012582025893,-65.45555210471375,7/12,0.03268059681878495,1.4163088653049254,-0.005045643928049458,-12.234236431616441
USDJPY,PULL,6,"{'rr': 3.0, 'stop_atr': 2.5, 'sides': 'L'}",464,75.8233015658823,0.16341228785750497,0.33405172413793105,268,29.813404306766746,0.11124404592077144,196,46.009897259115554,0.23474437377099772,-26.076043996436454,8/12,0.08118004703030625,44.9879874830155,0.06256444428167976,42.18324712915129
USDJPY,PULL,7,"{'rr': 3.0, 'stop_atr': 2.5, 'sides': 'LS'}",790,88.38525858952204,0.11188007416395195,0.31518987341772153,498,64.14460297399984,0.12880442364256994,292,24.24065561552219,0.08301594388877462,-38.71820783294996,9/12,0.10567313783558266,21.190583984720824,0.08715569998234717,13.391584914731009
USDJPY,TSMOM,0,"{'N': 20, 'trail': 3.0, 'sides': 'L'}",46,13.572267118631439,0.29504928518763995,0.391304347826087,29,9.938107913547567,0.3426933763292265,17,3.634159205083872,0.2137740708872866,-6.309274930618317,7/11,0.33220824300321755,3.538494163681601,0.3218258094112147,3.4433287120780856
USDJPY,TSMOM,1,"{'N': 20, 'trail': 3.0, 'sides': 'LS'}",88,12.5846292270459,0.14300715030733976,0.36363636363636365,60,5.76021035582768,0.09600350593046134,28,6.824418871218217,0.2437292454006506,-7.978667927694941,6/12,0.08688791042411873,6.653921965796859,0.07785997174552663,6.484385191830924
USDJPY,TSMOM,2,"{'N': 20, 'trail': 4.0, 'sides': 'L'}",38,19.333788887271577,0.5087839180860941,0.3684210526315789,23,14.254126671708244,0.6197446379003584,15,5.079662215563337,0.33864414770422246,-6.014155769381542,7/11,,,,
USDJPY,TSMOM,3,"{'N': 20, 'trail': 4.0, 'sides': 'LS'}",74,16.24188250590187,0.21948489872840365,0.33783783783783783,50,8.800555995023375,0.1760111199004675,24,7.4413265108784925,0.3100552712866039,-9.292106548778742,7/12,0.1662912380964102,7.288302211780041,0.15666799545982063,7.1361606123506425
USDJPY,TSMOM,4,"{'N': 55, 'trail': 3.0, 'sides': 'L'}",34,3.8504336217486483,0.11324804769848966,0.35294117647058826,21,5.787741551425155,0.275606740544055,13,-1.9373079296765057,-0.14902368689819273,-8.058394821088319,4/11,,,,
USDJPY,TSMOM,5,"{'N': 55, 'trail': 3.0, 'sides': 'LS'}",56,3.977669619368028,0.07102981463157193,0.35714285714285715,38,4.463359303960094,0.11745682378842352,18,-0.48568968459206474,-0.02698276025511471,-6.9774988421866695,6/11,0.10779158791728978,-0.5805497772957531,0.09822422718619003,-0.6748927251020214
USDJPY,TSMOM,6,"{'N': 55, 'trail': 4.0, 'sides': 'L'}",31,7.35507328331304,0.23726042849396903,0.3548387096774194,18,9.679194980846871,0.5377330544914929,13,-2.3241216975338332,-0.17877859211798716,-9.050691666318498,5/11,,,,
USDJPY,TSMOM,7,"{'N': 55, 'trail': 4.0, 'sides': 'LS'}",51,5.245595794657136,0.1028548195030811,0.35294117647058826,33,7.617139489155471,0.230822408762287,18,-2.3715436944983352,-0.13175242747212973,-9.35138882871487,5/11,0.2203046544017181,-2.463484058969591,0.2098961293213188,-2.554907104024562
USDJPY,AFADE,0,"{'k': 1.5, 'stop_atr': 1.2}",1508,-260.5812787351326,-0.17279925645565825,0.3282493368700265,942,-196.76374770455078,-0.20887871306215583,566,-63.81753103058188,-0.11275182160880191,-276.57452046052055,1/12,,,,
USDJPY,AFADE,1,"{'k': 1.5, 'stop_atr': 2.0}",1508,-186.43141364370564,-0.12362825838442018,0.44297082228116713,942,-148.8553442824076,-0.1580205353316429,566,-37.57606936129807,-0.06638881512596832,-196.2892269633674,1/12,,,,
USDJPY,AFADE,2,"{'k': 2.0, 'stop_atr': 1.2}",1275,-193.9472480208788,-0.1521154886438265,0.30117647058823527,796,-132.22547349196643,-0.16611240388437992,479,-61.72177452891234,-0.12885547918353307,-211.00964283400356,2/12,,,,
USDJPY,AFADE,3,"{'k': 2.0, 'stop_atr': 2.0}",1275,-126.21499310707637,-0.09899215145653048,0.4172549019607843,796,-97.49827572979817,-0.12248527101733438,479,-28.7167173772782,-0.05995139327197954,-133.12420638220976,1/12,,,,
USDJPY,AFADE,4,"{'k': 2.5, 'stop_atr': 1.2}",1036,-143.9716698970749,-0.13896879333694487,0.27413127413127414,636,-102.90442044427249,-0.16179940321426492,400,-41.067249452802386,-0.10266812363200596,-157.53438311289335,2/12,,,,
USDJPY,AFADE,5,"{'k': 2.5, 'stop_atr': 2.0}",1036,-80.91304498363343,-0.07810139477184694,0.3918918918918919,636,-74.76833860127218,-0.11756028081961034,400,-6.144706382361237,-0.015361765955903092,-94.62271047196262,1/12,,,,
USDJPY,HANDOFF,0,"{'k': 1.5, 'rr': 1.5, 'stop_atr': 1.5}",1039,-86.50425201135673,-0.08325722041516528,0.3917228103946102,655,-17.601533292866705,-0.026872569912773595,384,-68.90271871849001,-0.17943416332940107,-101.14516377947997,3/12,,,,
USDJPY,HANDOFF,1,"{'k': 1.5, 'rr': 2.5, 'stop_atr': 1.5}",1039,-73.39598437271701,-0.07064098592176805,0.3060635226179018,655,-5.9446822348804425,-0.009075850740275485,384,-67.45130213783656,-0.17565443265061606,-94.28149113235712,4/12,,,,
USDJPY,HANDOFF,2,"{'k': 2.0, 'rr': 1.5, 'stop_atr': 1.5}",864,-71.20587278075644,-0.08241420460735699,0.3888888888888889,552,0.11953106029691618,0.00021654177590021048,312,-71.32540384105334,-0.2286070635931197,-89.74101838329338,5/12,-0.10013194943723387,-87.8118995631369,-0.21597773292923453,-100.91115997166293
USDJPY,HANDOFF,3,"{'k': 2.0, 'rr': 2.5, 'stop_atr': 1.5}",864,-63.22395825816583,-0.07317587761361787,0.3020833333333333,552,14.022773407390844,0.02540357501338921,312,-77.24673166555668,-0.24758567841524576,-86.82445540786827,5/12,-0.10105273438031694,-90.245463040853,-0.17951055733782878,-104.54328920910393
USDJPY,HANDOFF,4,"{'k': 2.5, 'rr': 1.5, 'stop_atr': 1.5}",692,-71.9300689042889,-0.10394518627787414,0.3800578034682081,444,-14.57605503603985,-0.03282895278387354,248,-57.354013868249055,-0.23126618495261717,-83.63692047661077,3/12,,,,
USDJPY,HANDOFF,5,"{'k': 2.5, 'rr': 2.5, 'stop_atr': 1.5}",692,-84.3387275273922,-0.12187677388351473,0.2861271676300578,444,-22.24183705880574,-0.05009422760992284,248,-62.096890468586466,-0.25039068737333253,-92.22180164798311,5/12,,,,
USDJPY,IBX,0,"{'rr': 2.0, 'sides': 'L'}",402,1.922556922906681,0.004782479907728062,0.3656716417910448,252,-2.280194027835151,-0.009048388999345836,150,4.202750950741829,0.028018339671612196,-23.88156801409406,4/12,,,,
USDJPY,IBX,1,"{'rr': 2.0, 'sides': 'LS'}",596,-12.703335060172208,-0.021314320570758737,0.3573825503355705,368,-30.12235271231616,-0.08185421932694609,228,17.419017652143957,0.07639920022870156,-47.59400602891954,4/12,,,,
USDJPY,IBX,2,"{'rr': 3.0, 'sides': 'L'}",373,0.2838850835415272,0.0007610860148566413,0.3109919571045576,236,-13.571786437399183,-0.05750756964999654,137,13.855671520940707,0.10113628847401976,-33.393148034827554,6/12,,,,
USDJPY,IBX,3,"{'rr': 3.0, 'sides': 'LS'}",538,-2.4609598020552497,-0.004574274725009758,0.3048327137546468,331,-31.73595852349321,-0.09587902877188281,207,29.274998721437942,0.14142511459631857,-53.766527301632706,5/12,,,,
AUDUSD,ORB,0,"{'open_min': 120, 'rng_min': 30, 'pad': 0.1, 'rr': 2.0, 'cutoff_min': 720}",2059,-177.92634659828815,-0.08641396143675967,0.34725594949004374,1088,-48.7974890573992,-0.04485063332481544,971,-129.12885754088896,-0.13298543516054476,-217.0143075205271,3/12,,,,
AUDUSD,ORB,1,"{'open_min': 120, 'rng_min': 30, 'pad': 0.1, 'rr': 3.0, 'cutoff_min': 720}",2058,-170.8525570285031,-0.0830187351936361,0.3138969873663751,1088,-45.467238956924255,-0.0417897416883495,970,-125.38531807157881,-0.12926321450678227,-201.29477933683452,3/12,,,,
AUDUSD,ORB,2,"{'open_min': 120, 'rng_min': 60, 'pad': 0.1, 'rr': 2.0, 'cutoff_min': 720}",1911,-131.74400139933473,-0.06893982281493183,0.3746729461015175,1007,-11.557281727664197,-0.011476943125783711,904,-120.18671967167055,-0.13294991114122848,-187.12732544691573,4/12,,,,
AUDUSD,ORB,3,"{'open_min': 120, 'rng_min': 60, 'pad': 0.1, 'rr': 3.0, 'cutoff_min': 720}",1910,-153.46127164230924,-0.08034621551953364,0.34973821989528797,1007,-24.677634644569007,-0.02450609200056505,903,-128.78363699774022,-0.14261753820347753,-195.12703279763105,4/12,,,,
AUDUSD,ORB,4,"{'open_min': 480, 'rng_min': 30, 'pad': 0.1, 'rr': 2.0, 'cutoff_min': 720}",1785,-194.87394202057988,-0.10917307676222962,0.3680672268907563,950,-59.383838224633706,-0.06250930339435128,835,-135.49010379594617,-0.16226359736041457,-213.12286008501826,2/12,,,,
AUDUSD,ORB,5,"{'open_min': 480, 'rng_min': 30, 'pad': 0.1, 'rr': 3.0, 'cutoff_min': 720}",1785,-201.48349742813684,-0.11287590892332597,0.3507002801120448,950,-56.51545560706639,-0.0594899532705962,835,-144.96804182107044,-0.17361442134259933,-219.69024053269544,2/12,,,,
AUDUSD,ORB,6,"{'open_min': 480, 'rng_min': 60, 'pad': 0.1, 'rr': 2.0, 'cutoff_min': 720}",1428,-74.99708853931863,-0.052518969565349176,0.4376750700280112,773,-22.655256557053878,-0.02930822323034137,655,-52.341831982264736,-0.07991119386605303,-88.30577439039244,2/12,,,,
AUDUSD,ORB,7,"{'open_min': 480, 'rng_min': 60, 'pad': 0.1, 'rr': 3.0, 'cutoff_min': 720}",1428,-82.97735140531324,-0.058107388939294985,0.43067226890756305,773,-27.001934658857795,-0.034931351434486155,655,-55.97541674645545,-0.08545865152130604,-97.01882336537577,3/12,,,,
AUDUSD,PULL,0,"{'rr': 2.0, 'stop_atr': 1.5, 'sides': 'L'}",655,-36.24312809703846,-0.055333019995478565,0.3236641221374046,318,46.77176046135959,0.1470810077401245,337,-83.01488855839806,-0.24633498088545416,-95.5603391414935,6/12,0.11967776474044324,-100.27476967286051,0.08366105623279697,-112.89556370144122
AUDUSD,PULL,1,"{'rr': 2.0, 'stop_atr': 1.5, 'sides': 'LS'}",1226,-39.91641717291496,-0.03255825218019165,0.33115823817292006,611,62.13876085158677,0.1017000995934317,615,-102.05517802450173,-0.16594337890162883,-116.48218546579989,7/12,0.06693745860927212,-144.17084717746278,0.025353494663051472,-165.2112604319383
AUDUSD,PULL,2,"{'rr': 2.0, 'stop_atr': 2.5, 'sides': 'L'}",397,-14.143801372465774,-0.0356267037089818,0.3350125944584383,200,26.196930777755142,0.1309846538887757,197,-40.340732150220916,-0.20477529010264425,-43.74564919099061,5/12,0.11715149197824175,-44.898929722008745,0.07939454293727015,-48.30355674389479
AUDUSD,PULL,3,"{'rr': 2.0, 'stop_atr': 2.5, 'sides': 'LS'}",752,-33.5061772555086,-0.044556086775942284,0.32845744680851063,375,34.44349456034797,0.09184931882759459,377,-67.94967181585656,-0.18023785627548158,-74.77883006842046,5/12,0.06808447952675553,-73.47843581513955,0.022629535281353457,-86.65393408053845
AUDUSD,PULL,4,"{'rr': 3.0, 'stop_atr': 1.5, 'sides': 'L'}",536,-20.636892757446127,-0.03850166559225024,0.25,258,53.286283075119236,0.20653598091131486,278,-73.92317583256536,-0.26591070443368836,-82.08108194572594,6/12,0.1831879489194222,-85.52252616399004,0.1354490161029362,-98.02938740766494
AUDUSD,PULL,5,"{'rr': 3.0, 'stop_atr': 1.5, 'sides': 'LS'}",1041,-8.52267574826827,-0.008187008403715917,0.2564841498559078,515,82.49430246917734,0.1601831115906356,526,-91.01697821744561,-0.17303608026130343,-104.64484208731444,7/12,0.1264694388012736,-115.25264609828987,0.10020856304791578,-138.82902695810944
AUDUSD,PULL,6,"{'rr': 3.0, 'stop_atr': 2.5, 'sides': 'L'}",348,5.012427612266215,0.014403527621454642,0.29022988505747127,168,38.73347119637829,0.2305563761689184,180,-33.721043584112074,-0.18733913102284486,-46.33665260106504,6/12,0.18048022680585454,-36.29003303939139,0.16447911015058136,-45.432171162757854
AUDUSD,PULL,7,"{'rr': 3.0, 'stop_atr': 2.5, 'sides': 'LS'}",644,7.72522747657883,0.01199569483940812,0.2857142857142857,321,61.08004359379949,0.19028050963800464,323,-53.35481611722066,-0.1651851892174014,-64.17312838279975,7/12,0.1583730379761617,-60.093317603357704,0.14308502767441197,-73.57085781028759
AUDUSD,TSMOM,0,"{'N': 20, 'trail': 3.0, 'sides': 'L'}",38,-5.209997316297788,-0.13710519253415232,0.3157894736842105,23,0.8462411637892748,0.03679309407779456,15,-6.056238480087061,-0.4037492320058041,-12.94800045981432,4/11,,,,
AUDUSD,TSMOM,1,"{'N': 20, 'trail': 3.0, 'sides': 'LS'}",72,9.014045385133564,0.1251950747935217,0.375,44,16.845797993725117,0.3828590453119345,28,-7.831752608591555,-0.27970545030684124,-12.350229578341239,5/11,0.37276586713261806,-8.0554115539081,0.3627654382126457,-8.276947030143958
AUDUSD,TSMOM,2,"{'N': 20, 'trail': 4.0, 'sides': 'L'}",36,-10.153671163807672,-0.2820464212168798,0.3055555555555556,22,-3.4498297961638844,-0.15681044528017657,14,-6.703841367643785,-0.4788458119745561,-16.235683079488258,3/11,,,,
AUDUSD,TSMOM,3,"{'N': 20, 'trail': 4.0, 'sides': 'LS'}",65,-0.49341497528770956,-0.007590999619810916,0.35384615384615387,40,8.059126771382342,0.20147816928455856,25,-8.552541746670054,-0.3421016698668021,-17.402087336684495,4/11,0.19221233384528533,-8.745246627738469,0.18303171307124216,-8.936120283073008
AUDUSD,TSMOM,4,"{'N': 55, 'trail': 3.0, 'sides': 'L'}",22,-1.181398581240436,-0.05369993551092891,0.36363636363636365,9,1.9500475404034037,0.21667194893371153,13,-3.1314461216438385,-0.24088047089567988,-6.219477146935612,4/9,,,,
AUDUSD,TSMOM,5,"{'N': 55, 'trail': 3.0, 'sides': 'LS'}",45,2.9289766793904795,0.06508837065312177,0.3111111111111111,23,9.548246582061124,0.415141155741788,22,-6.619269902670643,-0.30087590466684744,-11.00887183079271,4/11,0.4043505577070631,-6.793334229826099,0.3936657268181549,-6.965733900255866
AUDUSD,TSMOM,6,"{'N': 55, 'trail': 4.0, 'sides': 'L'}",20,-2.390011359558338,-0.1195005679779169,0.4,8,1.8484852281392472,0.2310606535174059,12,-4.238496587697586,-0.35320804897479885,-7.225438922010841,3/9,,,,
AUDUSD,TSMOM,7,"{'N': 55, 'trail': 4.0, 'sides': 'LS'}",42,-1.337498330661286,-0.03184519834907824,0.30952380952380953,21,7.329010371415418,0.34900049387692467,21,-8.666508702076708,-0.41269089057508135,-15.36454327513721,2/11,0.3384537752130578,-8.822551385173202,0.3280111007283849,-8.977096123246714
AUDUSD,AFADE,0,"{'k': 1.5, 'stop_atr': 1.2}",1229,-252.9972585909914,-0.2058561908795699,0.32384052074857606,650,-156.84129947431956,-0.24129430688356854,579,-96.15595911667184,-0.16607246824986502,-260.26941565359317,3/12,,,,
AUDUSD,AFADE,1,"{'k': 1.5, 'stop_atr': 2.0}",1229,-166.89932170344792,-0.13580091269605202,0.4467046379170057,650,-113.32089770341284,-0.17433984262063515,579,-53.57842400003507,-0.09253613816931791,-177.51546001096403,2/12,,,,
AUDUSD,AFADE,2,"{'k': 2.0, 'stop_atr': 1.2}",1024,-221.1129129777583,-0.2159305790798421,0.2841796875,547,-134.5059023950961,-0.2458974449636126,477,-86.60701058266217,-0.18156605992172362,-238.096849054428,2/12,,,,
AUDUSD,AFADE,3,"{'k': 2.0, 'stop_atr': 2.0}",1024,-151.9502904986786,-0.14838895556511583,0.3994140625,547,-102.4537571873073,-0.18730120143931867,477,-49.49653331137128,-0.10376631721461484,-164.3470671721244,2/12,,,,
AUDUSD,AFADE,4,"{'k': 2.5, 'stop_atr': 1.2}",851,-186.33173103634743,-0.21895620568313448,0.2573443008225617,453,-133.06133723840722,-0.29373363628787463,398,-53.27039379794023,-0.13384521054758852,-211.1681727991533,2/12,,,,
AUDUSD,AFADE,5,"{'k': 2.5, 'stop_atr': 2.0}",851,-146.48228562486673,-0.17212959532886807,0.3584018801410106,453,-108.05332336523595,-0.23852830764952748,398,-38.42896225963078,-0.09655518155686126,-156.4372171105871,1/12,,,,
AUDUSD,HANDOFF,0,"{'k': 1.5, 'rr': 1.5, 'stop_atr': 1.5}",841,-50.24267742761403,-0.0597415902825375,0.40190249702734837,444,-20.30102275637931,-0.04572302422607953,397,-29.94165467123473,-0.07541978506608245,-56.62082514077106,3/12,,,,
AUDUSD,HANDOFF,1,"{'k': 1.5, 'rr': 2.5, 'stop_atr': 1.5}",841,-27.304107270538132,-0.032466239322875304,0.31747919143876335,444,2.1909956726013,0.004934674938291216,397,-29.49510294313944,-0.07429496963007416,-40.73187712746149,4/12,-0.08937668097665348,-71.95542247254616,-0.19473262941694894,-120.77055949485973
AUDUSD,HANDOFF,2,"{'k': 2.0, 'rr': 1.5, 'stop_atr': 1.5}",690,-50.86135770134953,-0.0737121126106515,0.39565217391304347,379,-17.05275554340925,-0.04499407795094789,311,-33.80860215794029,-0.10870933169755721,-50.8892944425523,3/12,,,,
AUDUSD,HANDOFF,3,"{'k': 2.0, 'rr': 2.5, 'stop_atr': 1.5}",690,-27.8922686075521,-0.040423577692104494,0.3115942028985507,379,-0.14384760772930605,-0.0003795451391274566,311,-27.74842099982278,-0.08922321864894785,-40.26850016170025,3/12,,,,
AUDUSD,HANDOFF,4,"{'k': 2.5, 'rr': 1.5, 'stop_atr': 1.5}",562,-57.626445456571425,-0.102538159175394,0.38434163701067614,318,-31.25784284678675,-0.09829510329178223,244,-26.36860260978467,-0.10806804348272406,-57.24990172158454,4/12,,,,
AUDUSD,HANDOFF,5,"{'k': 2.5, 'rr': 2.5, 'stop_atr': 1.5}",562,-42.18694312935094,-0.07506573510560664,0.298932384341637,318,-20.322819208020938,-0.0639082365032105,244,-21.864123921330005,-0.08960706525135248,-44.84511679472515,6/12,,,,
AUDUSD,IBX,0,"{'rr': 2.0, 'sides': 'L'}",300,0.14836210733017907,0.0004945403577672635,0.37,166,19.258659480905024,0.11601602096930737,134,-19.110297373574845,-0.14261415950428988,-32.665737073418725,9/12,0.1152795158743324,-26.93343613078959,0.08043839154014971,-33.39634903183539
AUDUSD,IBX,1,"{'rr': 2.0, 'sides': 'LS'}",470,9.49689262890714,0.02020615452958966,0.37446808510638296,249,41.845844021360946,0.16805559847936122,221,-32.34895139245382,-0.14637534566721186,-43.30045707001345,6/12,0.14231135213161353,-48.55620674278551,0.10416599493500413,-59.37023195777269
AUDUSD,IBX,2,"{'rr': 3.0, 'sides': 'L'}",284,13.293808841598349,0.04680918606196602,0.31690140845070425,158,29.089445100366735,0.18411041202763756,126,-15.795636258768385,-0.12536219252990782,-28.62463214779435,8/12,0.16203064962835184,-17.53427681425263,0.14463539810349713,-20.03819610881873
AUDUSD,IBX,3,"{'rr': 3.0, 'sides': 'LS'}",435,4.67787458695679,0.010753734682659288,0.30114942528735633,225,37.88884711182495,0.16839487605255535,210,-33.21097252486816,-0.1581474882136579,-44.526103298103564,7/12,0.1482326880425966,-43.688672668374316,0.14690633564033387,-39.808173397359425
USDCAD,ORB,0,"{'open_min': 120, 'rng_min': 30, 'pad': 0.1, 'rr': 2.0, 'cutoff_min': 720}",3274,-559.4323865803611,-0.17087122375698263,0.30604764813683566,2514,-446.77713349266605,-0.17771564578069454,760,-112.65525308769504,-0.14823059616801978,-570.8039199021949,1/12,,,,
USDCAD,ORB,1,"{'open_min': 120, 'rng_min': 30, 'pad': 0.1, 'rr': 3.0, 'cutoff_min': 720}",3274,-566.7635675651051,-0.1731104360308812,0.25626145387904703,2514,-471.44958326105757,-0.18752966716828065,760,-95.31398430404748,-0.12541313724216774,-582.9447873870186,1/12,,,,
USDCAD,ORB,2,"{'open_min': 120, 'rng_min': 60, 'pad': 0.1, 'rr': 2.0, 'cutoff_min': 720}",3083,-414.19016115160616,-0.13434646809977493,0.3285760622770029,2365,-315.4590475666963,-0.13338648945737688,718,-98.73111358490988,-0.13750851474221432,-420.9464826099973,1/12,,,,
USDCAD,ORB,3,"{'open_min': 120, 'rng_min': 60, 'pad': 0.1, 'rr': 3.0, 'cutoff_min': 720}",3083,-410.19993163818003,-0.13305219968802467,0.29581576386636393,2365,-337.23598669156286,-0.14259449754400122,718,-72.96394494661718,-0.10162109324041389,-431.7172273278463,2/12,,,,
USDCAD,ORB,4,"{'open_min': 480, 'rng_min': 30, 'pad': 0.1, 'rr': 2.0, 'cutoff_min': 720}",2685,-148.63842725181192,-0.05535881834331915,0.3865921787709497,2062,-147.0061025204626,-0.07129296921457934,623,-1.6323247313492781,-0.0026201039026473166,-170.76958709992874,4/12,,,,
USDCAD,ORB,5,"{'open_min': 480, 'rng_min': 30, 'pad': 0.1, 'rr': 3.0, 'cutoff_min': 720}",2685,-190.41432135234788,-0.07091781055953367,0.3649906890130354,2062,-167.4488903044154,-0.08120702730573007,623,-22.965431047932515,-0.036862650157195045,-207.5716159624493,2/12,,,,
USDCAD,ORB,6,"{'open_min': 480, 'rng_min': 60, 'pad': 0.1, 'rr': 2.0, 'cutoff_min': 720}",2177,-78.26349319242215,-0.035950157644658774,0.43454294901240237,1652,-53.28413100084526,-0.032254316586468074,525,-24.979362191576875,-0.04757973750776548,-98.21591677975078,3/12,,,,
USDCAD,ORB,7,"{'open_min': 480, 'rng_min': 60, 'pad': 0.1, 'rr': 3.0, 'cutoff_min': 720}",2177,-67.61004754221685,-0.031056521608735347,0.4294901240238861,1652,-41.56899827615749,-0.02516283188629388,525,-26.041049266059346,-0.049601998602017805,-91.53214344674271,3/12,,,,
USDCAD,PULL,0,"{'rr': 2.0, 'stop_atr': 1.5, 'sides': 'L'}",1006,-65.03677899790272,-0.06464888568379991,0.3220675944333996,760,-57.847746811149484,-0.07611545633045985,246,-7.189032186753225,-0.029223708076232622,-100.21022405416389,4/12,,,,
USDCAD,PULL,1,"{'rr': 2.0, 'stop_atr': 1.5, 'sides': 'LS'}",1847,-93.28069727986471,-0.050503896740587285,0.32647536545749867,1430,-68.51401801227408,-0.047911900707883974,417,-24.76667926759066,-0.0593925162292342,-148.66929884118986,4/12,,,,
USDCAD,PULL,2,"{'rr': 2.0, 'stop_atr': 2.5, 'sides': 'L'}",605,-29.274313013014257,-0.048387294236387206,0.3338842975206612,442,-31.786604028341102,-0.0719153937292785,163,2.512291015326838,0.015412828314888575,-60.37369049679967,5/12,,,,
USDCAD,PULL,3,"{'rr': 2.0, 'stop_atr': 2.5, 'sides': 'LS'}",1085,-53.820760573577154,-0.04960438762541673,0.3317972350230415,826,-39.942182074318694,-0.04835615263234709,259,-13.878578499258452,-0.053585245170882055,-96.6467390562893,6/12,,,,
USDCAD,PULL,4,"{'rr': 3.0, 'stop_atr': 1.5, 'sides': 'L'}",851,-46.53665299876671,-0.05468466862369766,0.24794359576968272,639,-63.393942672134706,-0.09920804800021081,212,16.857289673367973,0.07951551732720742,-113.02128928885041,5/12,,,,
USDCAD,PULL,5,"{'rr': 3.0, 'stop_atr': 1.5, 'sides': 'LS'}",1540,-64.52069186268363,-0.04189655315758677,0.2506493506493506,1191,-66.44567318891619,-0.055789817958787735,349,1.9249813262325404,0.005515705805823898,-143.9273086592824,4/12,,,,
USDCAD,PULL,6,"{'rr': 3.0, 'stop_atr': 2.5, 'sides': 'L'}",528,4.8727659693379195,0.009228723426776362,0.2935606060606061,393,-17.982817291351513,-0.04575780481259927,135,22.855583260689432,0.16930061674584765,-43.84297034368083,6/12,,,,
USDCAD,PULL,7,"{'rr': 3.0, 'stop_atr': 2.5, 'sides': 'LS'}",925,-23.02026875266583,-0.024886777029909008,0.2875675675675676,698,-40.07525345098972,-0.05741440322491364,227,17.05498469832388,0.07513209118204353,-83.10672742388206,6/12,,,,
USDCAD,TSMOM,0,"{'N': 20, 'trail': 3.0, 'sides': 'L'}",44,20.914257902322724,0.47532404323460736,0.38636363636363635,33,10.44735729688608,0.31658658475412366,11,10.466900605436642,0.9515364186760583,-6.183754244591513,9/11,0.3042580112735697,10.26966933753051,0.2920712001598101,10.074887465028343
USDCAD,TSMOM,1,"{'N': 20, 'trail': 3.0, 'sides': 'LS'}",93,12.877939190274414,0.13847246441155284,0.3225806451612903,69,4.344699068337247,0.06296665316430793,24,8.533240121937169,0.35555167174738206,-11.535558382259955,7/11,0.05271205568077426,8.204407082249821,0.04256767030769234,7.879528227879652
USDCAD,TSMOM,2,"{'N': 20, 'trail': 4.0, 'sides': 'L'}",40,13.95882928105416,0.348970732026354,0.325,29,6.785637543996643,0.2339875015171256,11,7.173191737057517,0.6521083397325016,-5.943228428309155,9/11,0.222049073565935,6.995523457263577,0.21024892936912376,6.8200657047282975
USDCAD,TSMOM,3,"{'N': 20, 'trail': 4.0, 'sides': 'LS'}",85,-5.791002774764684,-0.06812944440899628,0.23529411764705882,61,-5.798523073385364,-0.09505775530139941,24,0.007520298620679711,0.00031334577586165463,-16.041591494592446,4/11,,,,
USDCAD,TSMOM,4,"{'N': 55, 'trail': 3.0, 'sides': 'L'}",28,6.667135325225033,0.23811197590089403,0.32142857142857145,20,2.651990817501201,0.13259954087506004,8,4.015144507723831,0.5018930634654789,-5.666914535363765,4/11,,,,
USDCAD,TSMOM,5,"{'N': 55, 'trail': 3.0, 'sides': 'LS'}",55,0.5576694223278407,0.010139444042324376,0.32727272727272727,39,-0.015198534996441415,-0.0003897060255497799,16,0.5728679573242803,0.03580424733276752,-11.642503700541466,4/11,,,,
USDCAD,TSMOM,6,"{'N': 55, 'trail': 4.0, 'sides': 'L'}",27,0.2527732726049966,0.009361973059444318,0.2222222222222222,19,-1.3370929325948315,-0.07037331224183324,8,1.589866205199828,0.1987332756499785,-7.623382937229249,3/11,,,,
USDCAD,TSMOM,7,"{'N': 55, 'trail': 4.0, 'sides': 'LS'}",51,-5.703921331663979,-0.1118415947385094,0.21568627450980393,35,-2.156302446372754,-0.06160864132493583,16,-3.547618885291225,-0.22172618033070157,-13.884523859494939,3/11,,,,
USDCAD,AFADE,0,"{'k': 1.5, 'stop_atr': 1.2}",1915,-303.762763075771,-0.15862285278108146,0.370757180156658,1501,-239.12851785014033,-0.1593128033645172,414,-64.63424522563065,-0.1561213652793011,-306.7239502749811,2/12,,,,
USDCAD,AFADE,1,"{'k': 1.5, 'stop_atr': 2.0}",1915,-177.72506425338236,-0.09280682206442943,0.4919060052219321,1501,-131.0411606523976,-0.08730257205356269,414,-46.68390360098479,-0.11276305217629176,-183.84503923036002,1/12,,,,
USDCAD,AFADE,2,"{'k': 2.0, 'stop_atr': 1.2}",1576,-241.75303926765025,-0.15339659852008264,0.33058375634517767,1249,-194.05309211603105,-0.15536676710651004,327,-47.69994715161922,-0.14587139801718416,-242.73652680795888,1/12,,,,
USDCAD,AFADE,3,"{'k': 2.0, 'stop_atr': 2.0}",1576,-124.5463073613751,-0.07902684477244613,0.45241116751269034,1249,-101.19348720064454,-0.08101960544487152,327,-23.35282016073057,-0.07141535217348798,-126.8741346361286,1/12,,,,
USDCAD,AFADE,4,"{'k': 2.5, 'stop_atr': 1.2}",1256,-196.8980521083532,-0.15676596505442134,0.2921974522292994,993,-170.91290028807094,-0.172117724358581,263,-25.985151820282276,-0.098802858632252,-195.83724023029293,2/12,,,,
USDCAD,AFADE,5,"{'k': 2.5, 'stop_atr': 2.0}",1256,-92.37526616084858,-0.07354718643379664,0.4140127388535032,993,-73.98699546405514,-0.07450855535151575,263,-18.388270696793413,-0.06991737907526012,-100.89970065073943,3/12,,,,
USDCAD,HANDOFF,0,"{'k': 1.5, 'rr': 1.5, 'stop_atr': 1.5}",1348,-164.93433125709942,-0.12235484514621618,0.3798219584569733,1047,-122.86440064819888,-0.11734899775377161,301,-42.06993060890055,-0.139767211325251,-172.14734631256553,1/12,,,,
USDCAD,HANDOFF,1,"{'k': 1.5, 'rr': 2.5, 'stop_atr': 1.5}",1348,-177.2794166847395,-0.13151292038927262,0.271513353115727,1047,-115.76887060058405,-0.11057198720208601,301,-61.510546084155436,-0.20435397370151306,-185.42048300521145,1/12,,,,
USDCAD,HANDOFF,2,"{'k': 2.0, 'rr': 1.5, 'stop_atr': 1.5}",1150,-143.78143109189824,-0.12502733138425934,0.3791304347826087,894,-116.85547066317211,-0.1307108172966131,256,-26.92596042872615,-0.10517953292471152,-152.07599321166992,2/12,,,,
USDCAD,HANDOFF,3,"{'k': 2.0, 'rr': 2.5, 'stop_atr': 1.5}",1150,-157.25209079212615,-0.1367409485148923,0.27043478260869563,894,-109.75994061555743,-0.12277398279145126,256,-47.49215017656873,-0.1855162116272216,-162.97144945715166,1/12,,,,
USDCAD,HANDOFF,4,"{'k': 2.5, 'rr': 1.5, 'stop_atr': 1.5}",964,-118.54076358517696,-0.12296759708005908,0.3796680497925311,753,-100.32999661053279,-0.13324036734466504,211,-18.21076697464418,-0.0863069524864653,-125.84662406910446,3/12,,,,
USDCAD,HANDOFF,5,"{'k': 2.5, 'rr': 2.5, 'stop_atr': 1.5}",964,-131.86680282246354,-0.13679128923492068,0.2697095435684647,753,-86.0315911635567,-0.1142517810937008,211,-45.83521165890685,-0.21722849127444005,-142.46066021793774,3/12,,,,
USDCAD,IBX,0,"{'rr': 2.0, 'sides': 'L'}",410,-40.785363784041394,-0.0994764970342473,0.32195121951219513,313,-35.269871340720705,-0.11268329501827701,97,-5.515492443320687,-0.056860746838357595,-49.44261188611291,5/12,,,,
USDCAD,IBX,1,"{'rr': 2.0, 'sides': 'LS'}",699,-70.33028447821238,-0.10061557149958852,0.31759656652360513,542,-30.169449282555643,-0.05566319055822074,157,-40.160835195656716,-0.25580149806150776,-81.48932391238706,4/12,,,,
USDCAD,IBX,2,"{'rr': 3.0, 'sides': 'L'}",388,-37.094999755816765,-0.09560566947375455,0.26288659793814434,296,-37.70234965431745,-0.12737280288620761,92,0.607349898500688,0.006601629331529218,-49.54084943163714,5/12,,,,
USDCAD,IBX,3,"{'rr': 3.0, 'sides': 'LS'}",648,-82.81737537445022,-0.127804591627238,0.25,499,-57.66338902094385,-0.1155578938295468,149,-25.15398635350635,-0.168818700359103,-97.29360213064993,3/12,,,,
USDCHF,ORB,0,"{'open_min': 120, 'rng_min': 30, 'pad': 0.1, 'rr': 2.0, 'cutoff_min': 720}",2525,-150.1125830742037,-0.05945052795017969,0.3473267326732673,1327,-54.89714801677003,-0.04136936549869633,1198,-95.2154350574337,-0.07947866031505317,-161.64688918092475,3/12,,,,
USDCHF,ORB,1,"{'open_min': 120, 'rng_min': 30, 'pad': 0.1, 'rr': 3.0, 'cutoff_min': 720}",2522,-177.48904300716896,-0.07037630571259673,0.29619349722442506,1326,-65.77744470347227,-0.04960591606596702,1196,-111.71159830369673,-0.09340434640777319,-193.96139116547326,3/12,,,,
USDCHF,ORB,2,"{'open_min': 120, 'rng_min': 60, 'pad': 0.1, 'rr': 2.0, 'cutoff_min': 720}",2333,-94.60266226195938,-0.04054979093954538,0.37291041577368195,1236,-35.10291967331551,-0.02840042044766627,1097,-59.49974258864386,-0.05423859853112476,-121.28627639060879,3/12,,,,
USDCHF,ORB,3,"{'open_min': 120, 'rng_min': 60, 'pad': 0.1, 'rr': 3.0, 'cutoff_min': 720}",2333,-104.16281711747006,-0.04464758556256753,0.3437633947706815,1236,-52.31024836515062,-0.042322207415170406,1097,-51.852568752319456,-0.04726761053082904,-138.09397696440678,4/12,,,,
USDCHF,ORB,4,"{'open_min': 480, 'rng_min': 30, 'pad': 0.1, 'rr': 2.0, 'cutoff_min': 720}",2070,-315.2882016537944,-0.15231314089555284,0.36183574879227054,1085,-146.8414636787669,-0.1353377545426423,985,-168.4467379750275,-0.17101191672591626,-317.55185658707893,1/12,,,,
USDCHF,ORB,5,"{'open_min': 480, 'rng_min': 30, 'pad': 0.1, 'rr': 3.0, 'cutoff_min': 720}",2070,-341.6633953302961,-0.16505478035280005,0.34541062801932365,1085,-177.65203743325833,-0.16373459671268048,985,-164.01135789703773,-0.1665089927888708,-345.92705026358055,1/12,,,,
USDCHF,ORB,6,"{'open_min': 480, 'rng_min': 60, 'pad': 0.1, 'rr': 2.0, 'cutoff_min': 720}",1643,-215.7576041561977,-0.1313192965040765,0.3998782714546561,876,-111.44472759153838,-0.1272200086661397,767,-104.3128765646593,-0.1360011428483172,-218.08601366518974,1/12,,,,
USDCHF,ORB,7,"{'open_min': 480, 'rng_min': 60, 'pad': 0.1, 'rr': 3.0, 'cutoff_min': 720}",1643,-216.0411157959066,-0.13149185380152562,0.39622641509433965,876,-117.48923266034977,-0.13412012860770522,767,-98.5518831355568,-0.12849006927712753,-218.75134348671676,1/12,,,,
USDCHF,PULL,0,"{'rr': 2.0, 'stop_atr': 1.5, 'sides': 'L'}",789,-68.39453325633353,-0.08668508650992843,0.31432192648922685,384,-23.347456482041995,-0.06080066792198436,405,-45.04707677429155,-0.11122735005997912,-87.07959677603546,4/11,,,,
USDCHF,PULL,1,"{'rr': 2.0, 'stop_atr': 1.5, 'sides': 'LS'}",1477,-120.70040108710313,-0.08171997365409826,0.3155044008124577,741,-41.305767368072594,-0.05574327580036787,736,-79.39463371903055,-0.10787314363998717,-124.6400649520852,3/12,,,,
USDCHF,PULL,2,"{'rr': 2.0, 'stop_atr': 2.5, 'sides': 'L'}",493,-3.2745035341707087,-0.006641994998317868,0.3407707910750507,251,10.818455824251762,0.04310141762650104,242,-14.09295935842247,-0.05823536924967963,-32.384521697110515,7/11,0.015255747666745447,-21.24825053546263,-0.023412046950021803,-27.11486808364407
USDCHF,PULL,3,"{'rr': 2.0, 'stop_atr': 2.5, 'sides': 'LS'}",891,-25.442688118359918,-0.028555205520044803,0.3344556677890011,462,8.194034718826341,0.0177360058849055,429,-33.63672283718628,-0.07840727934076056,-42.53087663847344,6/12,-0.01308311845934124,-47.272960810582305,-0.04341212116982783,-54.27510777544656
USDCHF,PULL,4,"{'rr': 3.0, 'stop_atr': 1.5, 'sides': 'L'}",674,-20.946484056194983,-0.031077869519577125,0.2507418397626113,339,11.518082591092956,0.033976644811483644,335,-32.464566647287924,-0.09690915417100873,-62.219572163642894,5/11,-0.00823484884614576,-49.73635178252735,-0.0504232715071476,-70.4147107860399
USDCHF,PULL,5,"{'rr': 3.0, 'stop_atr': 1.5, 'sides': 'LS'}",1255,-45.00616210143842,-0.03586148374616607,0.24940239043824702,639,13.299785829326296,0.020813436352623314,616,-58.30594793076472,-0.09465251287461805,-87.25323927601507,6/12,-0.03346531249916636,-96.13803273358909,-0.09248389279316187,-125.06698272324654
USDCHF,PULL,6,"{'rr': 3.0, 'stop_atr': 2.5, 'sides': 'L'}",406,10.031442143239218,0.024707985574480833,0.29802955665024633,203,16.994735617566704,0.0837179094461414,203,-6.963293474327493,-0.03430193829717977,-28.4402306500974,6/11,0.040250187510548055,-11.075196029775038,0.008467347104555547,-20.826407163302207
USDCHF,PULL,7,"{'rr': 3.0, 'stop_atr': 2.5, 'sides': 'LS'}",767,-13.53001961992641,-0.01764018203380236,0.2790091264667536,390,5.176052457764278,0.013271929378882765,377,-18.70607207769069,-0.04961822832278697,-33.996108150493555,3/12,-0.0207515769609192,-32.945019371790835,-0.04994528495432378,-44.01320566915471
USDCHF,TSMOM,0,"{'N': 20, 'trail': 3.0, 'sides': 'L'}",42,-14.492723257093987,-0.34506483945461874,0.21428571428571427,27,-13.636686199465705,-0.5050624518320631,15,-0.8560370576282825,-0.05706913717521884,-15.690125705005006,2/11,,,,
USDCHF,TSMOM,1,"{'N': 20, 'trail': 3.0, 'sides': 'LS'}",84,-11.801566192792912,-0.14049483562848705,0.2857142857142857,55,-18.445605607580585,-0.3353746474105561,29,6.644039414787679,0.22910480740647168,-20.027453936131824,4/11,,,,
USDCHF,TSMOM,2,"{'N': 20, 'trail': 4.0, 'sides': 'L'}",40,-20.258938110862857,-0.5064734527715714,0.175,26,-18.106071035000554,-0.6963873475000213,14,-2.1528670758623036,-0.15377621970445027,-21.109174344364618,2/11,,,,
USDCHF,TSMOM,3,"{'N': 20, 'trail': 4.0, 'sides': 'LS'}",75,-20.718086400648424,-0.27624115200864563,0.25333333333333335,53,-27.823245238878172,-0.5249668912995882,22,7.105158838229757,0.3229617653740799,-28.943711997971587,3/11,,,,
USDCHF,TSMOM,4,"{'N': 55, 'trail': 3.0, 'sides': 'L'}",23,-10.557314496758108,-0.4590136737720917,0.17391304347826086,14,-7.302298159137467,-0.5215927256526762,9,-3.255016337620639,-0.3616684819578488,-9.991607637690276,2/10,,,,
USDCHF,TSMOM,5,"{'N': 55, 'trail': 3.0, 'sides': 'LS'}",45,-10.374159258808445,-0.23053687241796544,0.24444444444444444,25,-11.335763160714876,-0.45343052642859505,20,0.9616039019064341,0.0480801950953217,-12.226899650771264,3/11,,,,
USDCHF,TSMOM,6,"{'N': 55, 'trail': 4.0, 'sides': 'L'}",22,-13.231845609727657,-0.6014475277148935,0.18181818181818182,14,-9.661830620969884,-0.6901307586407059,8,-3.5700149887577757,-0.44625187359472196,-12.666138750659826,0/10,,,,
USDCHF,TSMOM,7,"{'N': 55, 'trail': 4.0, 'sides': 'LS'}",43,-16.17211109570168,-0.3760956068767833,0.20930232558139536,25,-16.550822200152037,-0.6620328880060815,18,0.37871110445035916,0.02103950580279773,-15.606404236633844,2/11,,,,
USDCHF,AFADE,0,"{'k': 1.5, 'stop_atr': 1.2}",1626,-247.0380806023627,-0.15192993886984177,0.36100861008610086,858,-122.20915574184889,-0.14243491345203832,768,-124.8289248605138,-0.162537662578794,-251.74179935716728,1/12,,,,
USDCHF,AFADE,1,"{'k': 1.5, 'stop_atr': 2.0}",1626,-117.20814873237501,-0.07208373230773371,0.48523985239852396,858,-70.30280411054576,-0.08193800012884121,768,-46.90534462182926,-0.06107466747634018,-121.52446622129237,2/12,,,,
USDCHF,AFADE,2,"{'k': 2.0, 'stop_atr': 1.2}",1334,-268.6607101942699,-0.20139483522808838,0.30134932533733133,695,-140.58114643544863,-0.20227503084237214,639,-128.07956375882128,-0.20043750196998636,-271.24897869757075,0/12,,,,
USDCHF,AFADE,3,"{'k': 2.0, 'stop_atr': 2.0}",1334,-141.89734806480035,-0.1063698261355325,0.424287856071964,695,-89.9846604074704,-0.12947433152154014,639,-51.912687657329954,-0.08124051276577457,-145.8963064654367,2/12,,,,
USDCHF,AFADE,4,"{'k': 2.5, 'stop_atr': 1.2}",1101,-192.50038211938215,-0.1748414006533898,0.27520435967302453,559,-92.46985775802727,-0.16542013910201658,542,-100.03052436135489,-0.18455816302833006,-206.32479384393804,2/12,,,,
USDCHF,AFADE,5,"{'k': 2.5, 'stop_atr': 2.0}",1101,-88.43803672576672,-0.0803251923031487,0.3960036330608538,559,-57.076080838499294,-0.10210390132110786,542,-31.361955887267428,-0.05786338724588086,-96.82018081456899,3/12,,,,
USDCHF,HANDOFF,0,"{'k': 1.5, 'rr': 1.5, 'stop_atr': 1.5}",1121,-109.78507637372445,-0.09793494770180593,0.3871543264942016,581,-42.41256606392804,-0.07299925312207924,540,-67.3725103097964,-0.12476390798110444,-123.0769979956207,3/12,,,,
USDCHF,HANDOFF,1,"{'k': 1.5, 'rr': 2.5, 'stop_atr': 1.5}",1121,-126.42782979979965,-0.11278129330936633,0.2836752899197145,581,-57.812174191217636,-0.09950460273875669,540,-68.61565560858202,-0.12706602890478153,-140.22150473803617,3/12,,,,
USDCHF,HANDOFF,2,"{'k': 2.0, 'rr': 1.5, 'stop_atr': 1.5}",991,-90.66865858420584,-0.09149208737054071,0.3895055499495459,517,-36.01850382268121,-0.06966828592394818,474,-54.65015476152462,-0.11529568515089582,-106.40393297544004,3/12,,,,
USDCHF,HANDOFF,3,"{'k': 2.0, 'rr': 2.5, 'stop_atr': 1.5}",991,-97.18864979276557,-0.09807129141550512,0.2875882946518668,517,-41.0900482160568,-0.07947784954749865,474,-56.098601576708774,-0.11835148011963877,-112.01173130631244,3/12,,,,
USDCHF,HANDOFF,4,"{'k': 2.5, 'rr': 1.5, 'stop_atr': 1.5}",861,-79.64198970030864,-0.09249940731743164,0.389082462253194,447,-26.3174238828691,-0.05887566864176533,414,-53.324565817439534,-0.1288032990759409,-92.56073316310466,4/12,,,,
USDCHF,HANDOFF,5,"{'k': 2.5, 'rr': 2.5, 'stop_atr': 1.5}",861,-82.68061087191865,-0.09602858405565463,0.2868757259001161,447,-28.418857165401302,-0.06357686166756443,414,-54.261753706517354,-0.1310670379384477,-96.09427659714989,5/12,,,,
USDCHF,IBX,0,"{'rr': 2.0, 'sides': 'L'}",302,-22.824962178643897,-0.07557934496239702,0.3344370860927152,154,13.347461473310485,0.08667182774876939,148,-36.17242365195438,-0.2444082679186107,-52.078070806519904,7/12,0.022363781232608026,-41.2909046136469,-0.030505356956781974,-49.97561101389814
USDCHF,IBX,1,"{'rr': 2.0, 'sides': 'LS'}",503,-24.029516600297864,-0.04777239880774923,0.3379721669980119,258,6.250688976384955,0.024227476652654865,245,-30.28020557668282,-0.12359267582319519,-45.75943709592507,6/12,-0.06162938474264689,-49.67265055397361,-0.11747306200401116,-60.10041890658874
USDCHF,IBX,2,"{'rr': 3.0, 'sides': 'L'}",286,11.78061712564972,0.04119096897080322,0.3041958041958042,148,27.543132581086162,0.1861022471695011,138,-15.762515455436448,-0.11422112648866992,-42.194638359961985,7/12,0.14492988680891702,-22.126806691289588,0.08828202905070347,-28.84981037310522
USDCHF,IBX,3,"{'rr': 3.0, 'sides': 'LS'}",467,15.91965429845626,0.03408919549990634,0.2955032119914347,246,21.755749825823532,0.08843800742204688,221,-5.836095527367281,-0.026407672069535208,-30.4846429150343,6/12,0.06091695249489918,-11.329529916070317,-0.01781086875081094,-18.775552146026612
