sym,family,cell,params,n,net,avg,wr,tr_n,tr_net,tr_avg,va_n,va_net,va_avg,maxdd,yrs_pos,tr_avg_2x,va_net_2x
XAUUSD,MR3,0,"{'sides': 'L', 'rr': 1.5}",112,15.894193460704283,0.1419124416134311,0.5267857142857143,87,2.2456755609130843,0.025812362769115912,25,13.6485178997912,0.545940715991648,-12.190772644369716,10/19,0.020155960952235104,13.583414301385886
XAUUSD,MR3,1,"{'sides': 'L', 'rr': 2.5}",111,18.966257532256705,0.17086718497528564,0.5225225225225225,86,1.9528323509548053,0.02270735291807913,25,17.013425181301905,0.6805370072520762,-12.927215678750018,12/19,0.01603893458089008,16.92768076158476
XAUUSD,MR3,2,"{'sides': 'LS', 'rr': 1.5}",219,15.739468422382943,0.07186971882366641,0.5114155251141552,185,1.006475544078195,0.005440408346368621,34,14.732992878304747,0.4333233199501396,-15.69586764600604,11/19,-0.00041557934527665336,14.648732045519404
XAUUSD,MR3,3,"{'sides': 'LS', 'rr': 2.5}",217,20.02248424195634,0.09226951263574351,0.5069124423963134,183,1.6561285695439656,0.009049882893682873,34,18.366355672412375,0.5401869315415404,-15.43936961918137,12/19,0.002357443157072336,18.259679353100783
XAUUSD,RNGX,0,"{'sides': 'L', 'rr': 2.0}",495,79.27355210286126,0.16014859010679042,0.42828282828282827,440,57.250578127898216,0.13011495029067777,55,22.022973974963037,0.4004177086356916,-20.17764472388582,14/19,0.10835263794681887,21.25219416330353
XAUUSD,RNGX,1,"{'sides': 'L', 'rr': 3.0}",458,114.3885104585408,0.2497565730535825,0.43013100436681223,407,88.20872458426106,0.21672905303258247,51,26.179785874279744,0.5133291347897989,-20.243946776272644,15/19,0.1985866763433382,26.878558534909804
XAUUSD,RNGX,2,"{'sides': 'LS', 'rr': 2.0}",845,65.49944812225857,0.07751413978965511,0.3952662721893491,739,53.5578281798244,0.07247338048690717,106,11.941619942434178,0.1126567919097564,-29.148513788119686,14/19,0.06077903833756194,10.978425084822716
XAUUSD,RNGX,3,"{'sides': 'LS', 'rr': 3.0}",768,74.54949749399228,0.09706965819530244,0.3776041666666667,673,50.35536863090327,0.07482224165067351,95,24.194128863089002,0.25467504066409474,-28.66642278725594,14/19,0.06096572920143398,24.695273996509716
XAUUSD,GAPF,0,{'g_atr': 0.3},61,-8.21861765090705,-0.13473143690011555,0.5409836065573771,44,-3.672165866116763,-0.08345831513901734,17,-4.546451784790286,-0.26743834028178154,-10.165455906940776,7/15,,
XAUUSD,GAPF,1,{'g_atr': 0.5},29,-3.7536867317625724,-0.1294374735090542,0.5517241379310345,20,0.3403423269414,0.01701711634707,9,-4.094029058703971,-0.4548921176337746,-6.771583835245478,5/11,,
XAUUSD,GAPF,2,{'g_atr': 0.8},14,-3.2249432644531963,-0.23035309031808546,0.5,10,-1.6481556786091582,-0.16481556786091583,4,-1.576787585844038,-0.3941968964610095,-4.158555556488267,3/9,,
EURUSD,MR3,0,"{'sides': 'L', 'rr': 1.5}",58,-1.1179147984539213,-0.019274393076791747,0.4482758620689655,38,0.47739161609529734,0.01256293726566572,20,-1.5953064145492184,-0.07976532072746093,-7.6259956701328075,3/11,0.008008980855772238,-1.6968970687035596
EURUSD,MR3,1,"{'sides': 'L', 'rr': 2.5}",58,1.5882810863206187,0.027384156660700324,0.4482758620689655,38,2.1871519717653753,0.05755663083593093,20,-0.5988708854447569,-0.029943544272237842,-6.395236373939299,3/11,0.052218416111770666,-0.7057945500647917
EURUSD,MR3,2,"{'sides': 'LS', 'rr': 1.5}",117,-0.7828488288859685,-0.006691015631504004,0.4700854700854701,79,-3.575908754859759,-0.04526466778303492,38,2.7930599259737896,0.07350157699931026,-12.976688262007915,7/11,,
EURUSD,MR3,3,"{'sides': 'LS', 'rr': 2.5}",117,3.326492858844686,0.028431562896108428,0.4700854700854701,79,-0.37191681997017034,-0.004707807847723676,38,3.6984096788148575,0.09732657049512783,-10.380556549633688,7/11,,
EURUSD,RNGX,0,"{'sides': 'L', 'rr': 2.0}",279,8.260487744670296,0.029607482955807514,0.35842293906810035,179,1.3148839844402334,0.007345720583464991,100,6.945603760230066,0.06945603760230065,-28.20491369562336,5/12,-0.017313152838938053,3.6819804421911053
EURUSD,RNGX,1,"{'sides': 'L', 'rr': 3.0}",251,-2.8791418626430723,-0.011470684711725387,0.3346613545816733,165,-12.554583985281155,-0.07608838778958275,86,9.675442122638087,0.11250514096090798,-28.453234275078433,6/12,,
EURUSD,RNGX,2,"{'sides': 'LS', 'rr': 2.0}",482,-22.069084984671285,-0.04578648337068731,0.35684647302904565,312,-34.72485362458229,-0.11129760777109708,170,12.65576863991101,0.07444569788182946,-51.48639933908115,5/12,,
EURUSD,RNGX,3,"{'sides': 'LS', 'rr': 3.0}",437,-42.51882697308994,-0.09729708689494267,0.3318077803203661,284,-43.93666165604479,-0.15470655512691828,153,1.417834682954851,0.009266893352646084,-55.90627372077761,6/12,,
EURUSD,GAPF,0,{'g_atr': 0.3},65,-6.124477544482428,-0.0942227314535758,0.6,40,-7.5099319805042,-0.18774829951260502,25,1.3854544360217722,0.05541817744087089,-10.757781061722975,5/11,,
EURUSD,GAPF,1,{'g_atr': 0.5},37,-5.518505910615913,-0.14914880839502467,0.5675675675675675,23,-5.693678961558707,-0.24755125919820464,14,0.17517305094279245,0.012512360781628032,-8.85628232156444,4/11,,
EURUSD,GAPF,2,{'g_atr': 0.8},15,-1.6549748612781703,-0.11033165741854468,0.6,10,-3.0920587377893094,-0.30920587377893094,5,1.4370838765111396,0.2874167753022279,-5.368872114755979,6/10,,
GBPUSD,MR3,0,"{'sides': 'L', 'rr': 1.5}",52,0.45034396278248623,0.008660460822740119,0.5,33,3.8558989135566115,0.11684542162292762,19,-3.405554950774127,-0.17923973425126985,-4.403414763721443,7/11,0.11285791007298085,-3.5149240792244925
GBPUSD,MR3,1,"{'sides': 'L', 'rr': 2.5}",51,-0.09861365385076773,-0.0019336010558974066,0.49019607843137253,32,3.306941296923357,0.10334191552885491,19,-3.405554950774127,-0.17923973425126985,-4.403414763721443,7/11,0.09847459651995416,-3.5149240792244925
GBPUSD,MR3,2,"{'sides': 'LS', 'rr': 1.5}",105,-3.9144172607312955,-0.0372801643879171,0.47619047619047616,61,-1.0908935312378292,-0.01788350051209556,44,-2.823523729493467,-0.06417099385212426,-9.992083214459992,6/11,,
GBPUSD,MR3,3,"{'sides': 'LS', 'rr': 2.5}",103,-3.001054265371774,-0.02913644917836674,0.47572815533980584,59,-1.2273008608951899,-0.020801709506698133,44,-1.7737534044765852,-0.04031257737446785,-9.39545417195578,6/11,,
GBPUSD,RNGX,0,"{'sides': 'L', 'rr': 2.0}",202,-6.0863629118863685,-0.030130509464784003,0.3564356435643564,114,-3.631823338351773,-0.03185809945922608,88,-2.454539573534599,-0.027892495153802262,-22.293844370045186,4/12,,
GBPUSD,RNGX,1,"{'sides': 'L', 'rr': 3.0}",186,3.888200699038113,0.020904304833538244,0.34946236559139787,105,-0.17791279905593727,-0.0016944076100565454,81,4.066113498094049,0.050198932075235174,-17.221322369041076,6/12,,
GBPUSD,RNGX,2,"{'sides': 'LS', 'rr': 2.0}",374,23.36008806189674,0.062460128507745294,0.4037433155080214,216,22.287820442692823,0.10318435390135566,158,1.0722676192039167,0.0067865039190121304,-18.10993296075733,8/12,0.09341558879615135,0.5012299123029749
GBPUSD,RNGX,3,"{'sides': 'LS', 'rr': 3.0}",341,23.263932063998066,0.06822267467448113,0.3812316715542522,198,29.995426384024466,0.151492052444568,143,-6.731494320026405,-0.047073386853331504,-17.99793425731723,7/12,0.14196372907973775,-8.32451744421894
GBPUSD,GAPF,0,{'g_atr': 0.3},108,0.6170543952716405,0.00571346662288556,0.6111111111111112,81,-4.2591513545433575,-0.0525821154881896,27,4.876205749814997,0.180600212956111,-5.682343316794282,5/11,,
GBPUSD,GAPF,1,{'g_atr': 0.5},67,-0.35469688555216783,-0.005293983366450266,0.6119402985074627,57,-1.3040247961399094,-0.02287762800245455,10,0.949327910587742,0.0949327910587742,-5.221892451210489,5/10,,
GBPUSD,GAPF,2,{'g_atr': 0.8},40,-3.708267641612383,-0.09270669104030957,0.55,34,-5.418016793880421,-0.15935343511413003,6,1.7097491522680373,0.2849581920446729,-5.496967811114063,5/9,,
USDJPY,MR3,0,"{'sides': 'L', 'rr': 1.5}",48,14.708137228388235,0.30641952559142155,0.6041666666666666,29,5.879972225528985,0.20275766294927536,19,8.82816500285925,0.46464026330838165,-3.00871134493068,7/11,0.19491664311994653,8.727834005341347
USDJPY,MR3,1,"{'sides': 'L', 'rr': 2.5}",48,16.346381176719575,0.3405496078483245,0.5833333333333334,29,8.509681004232354,0.29343727600801217,19,7.836700172487225,0.4124579038151171,-3.00871134493068,7/11,0.2212640513987284,7.725296916825332
USDJPY,MR3,2,"{'sides': 'LS', 'rr': 1.5}",94,15.085397431092648,0.16048295139460264,0.5425531914893617,60,7.73146788344732,0.12885779805745534,34,7.353929547645326,0.21629204551898018,-6.285938286491369,7/11,0.1215229936719939,7.205246527386405
USDJPY,MR3,3,"{'sides': 'LS', 'rr': 2.5}",94,13.511911468197509,0.14374373902337775,0.5212765957446809,60,6.437469787252941,0.10729116312088235,34,7.074441680944564,0.20807181414542836,-5.794304442944616,6/11,0.06825460937854778,6.895426882193106
USDJPY,RNGX,0,"{'sides': 'L', 'rr': 2.0}",131,17.121483856173597,0.1306983500471267,0.3969465648854962,73,-0.30671613362985894,-0.0042015908716419035,58,17.42819998980346,0.3004862067207493,-14.89273674592087,8/12,,
USDJPY,RNGX,1,"{'sides': 'L', 'rr': 3.0}",124,12.566972343970487,0.10134655116105232,0.33064516129032256,70,-7.453169958121852,-0.10647385654459789,54,20.02014230209234,0.37074337596467294,-17.14209206803318,6/12,,
USDJPY,RNGX,2,"{'sides': 'LS', 'rr': 2.0}",245,12.847809578698,0.05244003909672653,0.3673469387755102,146,17.632831465504697,0.12077281825688149,99,-4.785021886806694,-0.04833355441218883,-22.26788398784283,6/12,0.10373110546284467,-6.194483055568219
USDJPY,RNGX,3,"{'sides': 'LS', 'rr': 3.0}",225,6.390104103132128,0.028400462680587234,0.30666666666666664,134,7.044222917808548,0.05256882774483991,91,-0.654118814676417,-0.007188118842597989,-23.92949597535288,7/12,0.025332383039516366,-1.4149416424235834
USDJPY,GAPF,0,{'g_atr': 0.3},147,-0.5306805993868293,-0.0036100721046723083,0.6258503401360545,106,4.309096751706756,0.04065185614817694,41,-4.839777351093588,-0.11804335002667288,-10.329176496229946,7/11,0.01953179298916179,-5.31905324306892
USDJPY,GAPF,1,{'g_atr': 0.5},98,-1.422399988549389,-0.014514285597442745,0.6020408163265306,74,2.4575833033263352,0.033210585180085614,24,-3.8799832918757233,-0.16166597049482181,-9.51691343586344,5/11,0.017892296523483925,-4.032085789764898
USDJPY,GAPF,2,{'g_atr': 0.8},65,0.22881304690086868,0.003520200721551826,0.6153846153846154,49,2.65251628401763,0.0541329853881149,16,-2.4237032371167606,-0.15148145231979754,-4.914466046888396,6/11,0.04272388675319178,-2.485134837800884
AUDUSD,MR3,0,"{'sides': 'L', 'rr': 1.5}",33,2.2242031814284347,0.06740009640692227,0.5757575757575758,15,1.4755506170639556,0.09837004113759704,18,0.7486525643644784,0.04159180913135991,-4.02121053515756,7/9,0.09203018804416087,0.6074327351382488
AUDUSD,MR3,1,"{'sides': 'L', 'rr': 2.5}",33,1.4320974318089765,0.04339689187299929,0.5454545454545454,15,2.586724369578823,0.17244829130525485,18,-1.1546269377698473,-0.06414594098721374,-4.02121053515756,6/9,0.16562868291437374,-1.3068879371163344
AUDUSD,MR3,2,"{'sides': 'LS', 'rr': 1.5}",71,1.0311174754258057,0.014522781344025432,0.49295774647887325,41,2.082385989911721,0.050789902192968805,30,-1.051268514485914,-0.03504228381619713,-5.741945907727642,8/11,0.044963105913099266,-1.2863524192704678
AUDUSD,MR3,3,"{'sides': 'LS', 'rr': 2.5}",70,0.604456397097114,0.008635091387101628,0.4714285714285714,40,3.1843165415649146,0.07960791353912286,30,-2.5798601444677995,-0.08599533814892665,-7.129047144888885,8/11,0.0722599784101883,-2.8397234050286326
AUDUSD,RNGX,0,"{'sides': 'L', 'rr': 2.0}",96,-21.06543455548499,-0.21943160995296865,0.2916666666666667,51,-13.887952100319765,-0.2723127862807797,45,-7.177482455165226,-0.1594996101147828,-23.123927486643044,2/10,,
AUDUSD,RNGX,1,"{'sides': 'L', 'rr': 3.0}",95,-15.417447446654412,-0.16228892049109908,0.28421052631578947,50,-8.500876367746022,-0.17001752735492043,45,-6.916571078908394,-0.15370157953129765,-24.70723966642226,3/10,,
AUDUSD,RNGX,2,"{'sides': 'LS', 'rr': 2.0}",163,-9.152161350328306,-0.05614822914311844,0.3558282208588957,85,-3.3903014576365353,-0.0398858995016063,78,-5.761859892691771,-0.07386999862425347,-25.20283151374375,4/12,,
AUDUSD,RNGX,3,"{'sides': 'LS', 'rr': 3.0}",152,15.075634320264587,0.0991818047385828,0.3684210526315789,80,11.656688809982105,0.14570861012477632,72,3.4189455102824784,0.04748535430947887,-19.731480046082726,6/12,0.13444030941356208,1.6025600383180567
AUDUSD,GAPF,0,{'g_atr': 0.3},134,-5.52740821074835,-0.0412493150055847,0.582089552238806,89,-8.85716438151521,-0.09951870091590123,45,3.3297561707668604,0.07399458157259689,-11.198718663513457,7/11,,
AUDUSD,GAPF,1,{'g_atr': 0.5},100,2.6370659069494047,0.026370659069494047,0.61,66,0.692350924952072,0.010490165529576849,34,1.944714981997333,0.0571974994705098,-7.079474797608502,5/11,0.024066455858067593,1.4124769587353827
AUDUSD,GAPF,2,{'g_atr': 0.8},72,1.756123941928966,0.024390610304568974,0.5972222222222222,50,0.5268299830585355,0.010536599661170709,22,1.2292939588704304,0.05587699813047411,-5.3697237891045795,6/11,0.0004681105837957866,0.9911512259467099
USDCAD,MR3,0,"{'sides': 'L', 'rr': 1.5}",53,1.0448607959560214,0.019714354640679648,0.39622641509433965,34,1.487849322754533,0.04376027419866274,19,-0.4429885267985124,-0.023315185620974337,-7.032471522639412,5/11,0.036237171770166804,-0.6098522687062731
USDCAD,MR3,1,"{'sides': 'L', 'rr': 2.5}",51,0.4056850489686016,0.007954608803305913,0.37254901960784315,34,1.6266999924375753,0.04784411742463457,17,-1.2210149434689739,-0.07182440843935141,-8.389253825654247,5/11,0.0392125972061669,-1.4180407237037882
USDCAD,MR3,2,"{'sides': 'LS', 'rr': 1.5}",118,-1.0738800653706897,-0.009100678520090591,0.4406779661016949,76,3.915554153534303,0.051520449388609245,42,-4.989434218904991,-0.11879605283107122,-13.704788319652867,5/11,0.03401562515047196,-5.363409119629816
USDCAD,MR3,3,"{'sides': 'LS', 'rr': 2.5}",116,1.4313950228757002,0.012339612266169829,0.43103448275862066,76,7.855967832922919,0.10336799780161736,40,-6.424572810047217,-0.16061432025118044,-16.496709213809932,5/11,0.0945532361253509,-6.855552090443624
USDCAD,RNGX,0,"{'sides': 'L', 'rr': 2.0}",204,3.8295261050961535,0.018772186789687027,0.3872549019607843,166,10.773520598358774,0.06490072649613719,38,-6.943994493262624,-0.18273669719112168,-20.41894889929459,6/11,0.04711874785262257,-8.74385721487741
USDCAD,RNGX,1,"{'sides': 'L', 'rr': 3.0}",192,15.655975104863181,0.08154153700449573,0.375,156,21.931887883288574,0.14058902489287547,36,-6.275912778425392,-0.17433091051181643,-18.66945521662926,8/11,0.13132130231830982,-6.9980012978761605
USDCAD,RNGX,2,"{'sides': 'LS', 'rr': 2.0}",343,-19.761825014104232,-0.0576146501868928,0.37317784256559766,269,-8.525618825561798,-0.03169375028089888,74,-11.236206188542434,-0.15184062416949234,-39.126387627495475,4/12,,
USDCAD,RNGX,3,"{'sides': 'LS', 'rr': 3.0}",322,-0.8674311696497821,-0.002693885620030379,0.36335403726708076,253,14.720527850779938,0.0581839045485373,69,-15.587959020429718,-0.22591244957144518,-30.454249252401446,6/12,0.04618117617117928,-16.8483130483344
USDCAD,GAPF,0,{'g_atr': 0.3},120,6.324022845193518,0.05270019037661265,0.6666666666666666,76,1.4225206056313202,0.01871737638988579,44,4.9015022395622,0.11139777817186819,-5.090232387012816,6/11,-0.002550092952525923,3.8704188042825285
USDCAD,GAPF,1,{'g_atr': 0.5},78,0.10873598679274576,0.0013940511127275097,0.6153846153846154,45,-2.1556492352018215,-0.047903316337818254,33,2.2643852219945675,0.06861773399983538,-4.111585137612268,7/11,,
USDCAD,GAPF,2,{'g_atr': 0.8},56,7.337325952089079,0.1310236777158764,0.6785714285714286,31,0.06786567172595026,0.0021892152169661373,25,7.269460280363128,0.29077841121452513,-2.978407328548499,7/11,-0.010575824574344927,6.9030136492130225
USDCHF,MR3,0,"{'sides': 'L', 'rr': 1.5}",35,2.1895390863033883,0.06255825960866823,0.5142857142857142,21,-3.4070934490468536,-0.1622425451927073,14,5.596632535350242,0.39975946681073155,-4.30035177177531,4/11,,
USDCHF,MR3,1,"{'sides': 'L', 'rr': 2.5}",35,1.9672184036359577,0.0562062401038845,0.5142857142857142,21,-3.975006034450208,-0.1892860016404861,14,5.942224438086166,0.42444460272044043,-5.55652807245156,4/11,,
USDCHF,MR3,2,"{'sides': 'LS', 'rr': 1.5}",79,-6.633153580488939,-0.0839639693732777,0.4430379746835443,45,-8.997251835910474,-0.1999389296868994,34,2.364098255421534,0.06953230163004512,-12.357187316901655,4/11,,
USDCHF,MR3,3,"{'sides': 'LS', 'rr': 2.5}",79,-6.506386369485478,-0.08235932113272756,0.4430379746835443,45,-10.216076527642947,-0.22702392283650993,34,3.7096901581574686,0.10910853406345496,-13.57601200863413,5/11,,
USDCHF,RNGX,0,"{'sides': 'L', 'rr': 2.0}",136,11.637357947369718,0.08556880843654205,0.40441176470588236,65,13.165139042592918,0.20254060065527565,71,-1.5277810952231996,-0.02151804359469295,-14.040698584651249,7/12,0.19150823961762686,-2.400059695100561
USDCHF,RNGX,1,"{'sides': 'L', 'rr': 3.0}",130,9.662870381249013,0.07432977216345395,0.3769230769230769,61,10.787969985631825,0.1768519669775709,69,-1.1250996043828112,-0.016305791367866827,-11.214935295401016,7/12,0.16278191833425926,-2.1799303727401975
USDCHF,RNGX,2,"{'sides': 'LS', 'rr': 2.0}",242,30.371055345538963,0.12550022870057423,0.41735537190082644,123,14.239837078799859,0.11577103316097447,119,16.131218266739104,0.1355564560230177,-16.013073431538295,6/12,0.11388216626988823,14.63033462976046
USDCHF,RNGX,3,"{'sides': 'LS', 'rr': 3.0}",223,49.556556969580186,0.22222671286807258,0.3991031390134529,113,26.480351213216572,0.2343393912674033,110,23.07620575636361,0.20978368869421463,-14.539915496647332,10/12,0.22094286594179102,21.31577106262582
USDCHF,GAPF,0,{'g_atr': 0.3},113,3.3651667803529524,0.029780236994273915,0.6371681415929203,71,4.504882444333342,0.06344904851173722,42,-1.1397156639803896,-0.027136087237628323,-6.3249146996601535,6/11,0.04721299742510791,-2.17203059764055
USDCHF,GAPF,1,{'g_atr': 0.5},71,0.2682449463187774,0.003778097835475738,0.5915492957746479,56,3.5446468186724713,0.06329726461915128,15,-3.276401872353693,-0.2184267914902462,-8.50063585735045,5/11,0.051216576870844584,-3.4783722335857026
USDCHF,GAPF,2,{'g_atr': 0.8},54,0.7432246541123675,0.013763419520599398,0.5925925925925926,45,3.5033361201526114,0.07785191378116914,9,-2.760111466040244,-0.3066790517822493,-6.727423624466031,5/11,0.0681387654613929,-2.841500946486109
