pair,tf,t1,cost_mult,n,wr,avg,net,tr_n,tr_avg,tr_net,va_n,va_avg,va_net
XAUUSD,1,swing,1.0,4526,0.1643835616438356,-0.1010116354307928,-457.17866195976825,3013,-0.0754106848915159,-227.21239357813738,1513,-0.15199356799843414,-229.96626838163087
XAUUSD,1,swing,0.0,4526,0.16504639858594786,0.17995531876813609,814.477772744584,3013,0.2547319795949438,767.5074545195657,1513,0.031044493208868665,46.97031822501829
XAUUSD,1,swing,2.0,4526,0.16372072470172339,-0.24567071803794868,-1111.9056698397558,3013,-0.23940385163994574,-721.3238049911565,1513,-0.25815060465869094,-390.58186484859937
XAUUSD,1,rr5,1.0,4546,0.16893972723273207,-0.10631203666628858,-483.2945186849479,3003,-0.08441064173372709,-253.48515712638246,1543,-0.1489367216840994,-229.8093615585654
XAUUSD,1,rr5,0.0,4686,0.19718309859154928,0.12389643025563223,580.5786721778926,3109,0.18358462643286205,570.7646035797682,1577,0.006223252123097328,9.814068598124486
XAUUSD,1,rr5,2.0,4482,0.15528781793842034,-0.23262355809897683,-1042.6187873996141,2953,-0.22602084627456093,-667.4395590487784,1529,-0.24537555811042236,-375.1792283508358
XAUUSD,5,swing,1.0,4133,0.2724413259133801,-0.06365292235217218,-263.07752808152765,2734,-0.05476123987875578,-149.7172298285183,1399,-0.08102951983774791,-113.36029825300932
XAUUSD,5,swing,0.0,4137,0.27604544355813393,0.0862625595425053,356.8682088273444,2736,0.12754231484421866,348.95577341378225,1401,0.005647705505754573,7.912435413562157
XAUUSD,5,swing,2.0,4130,0.2675544794188862,-0.1634907124790263,-675.2166425383787,2733,-0.1720136657225043,-470.1133484196042,1397,-0.1468169607149424,-205.10329411877456
XAUUSD,5,rr5,1.0,3898,0.22396100564391996,-0.027821535119243512,-108.44834389481122,2576,-0.016854093119916896,-43.41614387690593,1322,-0.04919228443109327,-65.0322000179053
XAUUSD,5,rr5,0.0,3938,0.2366683595733875,0.09671211895097025,380.85232442892084,2606,0.13328277055241755,347.33490005960016,1332,0.025163231508499015,33.517424369320686
XAUUSD,5,rr5,2.0,3870,0.2124031007751938,-0.12434578965898696,-481.21820598027955,2554,-0.13125470056328115,-335.22450523862005,1316,-0.11093746256965009,-145.99370074165952
XAUUSD,15,swing,1.0,3451,0.37293538104897134,-0.055806198824658676,-192.58719214389708,2290,-0.057188336139808275,-130.96128976016095,1161,-0.053080019279703815,-61.625902383736126
XAUUSD,15,swing,0.0,3457,0.3815446919294186,0.03387486223088668,117.10539873217526,2296,0.051661649744822916,118.61514781411341,1161,-0.0013003868061482527,-1.5097490819381214
XAUUSD,15,swing,2.0,3435,0.361863173216885,-0.1262859784691399,-433.7923360414955,2278,-0.14037664451240434,-319.7779961992571,1157,-0.09854307678672292,-114.01433984223841
XAUUSD,15,rr5,1.0,3158,0.2897403419886004,-0.024239004097422894,-76.5467749396615,2088,-0.03990601129362645,-83.32375158109203,1070,0.006333623029374347,6.776976641430551
XAUUSD,15,rr5,0.0,3168,0.30113636363636365,0.07234398407813304,229.1857415595255,2096,0.07774777763414835,162.95934192117494,1072,0.061778357871595684,66.22639963835057
XAUUSD,15,rr5,2.0,3148,0.2789072426937738,-0.10170429840769082,-320.1651313874107,2080,-0.13045386244514784,-271.3440338859075,1068,-0.045712638110021755,-48.82109750150323
XAUUSD,30,swing,1.0,2593,0.3679136135750096,-0.06609687551577186,-171.38919821239642,1730,-0.08952367108268124,-154.87595097303853,863,-0.019134701320229337,-16.513247239357916
XAUUSD,30,swing,0.0,2596,0.38097072419106315,-5.0034757142258445e-05,-0.12989022954130292,1733,-0.00909023803208359,-15.753382509600861,863,0.018103699049895203,15.62349228005956
XAUUSD,30,swing,2.0,2590,0.3583011583011583,-0.119757632280225,-310.17226760578274,1727,-0.15289860681605222,-264.0558939713222,863,-0.05343728115232975,-46.11637363446057
XAUUSD,30,rr5,1.0,2497,0.3107729275130156,-0.05753778994946981,-143.6718615038261,1664,-0.08396556971523844,-139.71870800615676,833,-0.004745682470191375,-3.9531534976694154
XAUUSD,30,rr5,0.0,2499,0.32492997198879553,0.003100299174846162,7.747647637940558,1666,-0.008067939532795073,-13.441187261636593,833,0.025436776590128617,21.188834899577138
XAUUSD,30,rr5,2.0,2496,0.30128205128205127,-0.10936815845298356,-272.982923498647,1663,-0.14559953788989127,-242.1320315108892,833,-0.03703588473920499,-30.850891987757755
XAUUSD,60,swing,1.0,1639,0.3764490543014033,-0.09712255934012984,-159.1838747584728,1090,-0.10608699198555445,-115.63482126425436,549,-0.07932432330458736,-43.54905349421846
XAUUSD,60,swing,0.0,1639,0.3904820012202563,-0.05089341667533092,-83.41430993086738,1090,-0.0495310280200513,-53.988820541855915,549,-0.053598341327889744,-29.42548938901147
XAUUSD,60,swing,2.0,1639,0.36119585112873703,-0.13697861158859848,-224.5079443937129,1090,-0.1533292183384597,-167.12884798892105,549,-0.10451565829652441,-57.3790964047919
XAUUSD,60,rr5,1.0,1629,0.34990791896869244,-0.07783366144121008,-126.79103448773122,1083,-0.08582632258408639,-92.94990735856555,546,-0.06198008631715326,-33.84112712916568
XAUUSD,60,rr5,0.0,1629,0.36402701043585023,-0.0326306142685895,-53.15527064353229,1083,-0.03261804600968795,-35.32534382849205,546,-0.03265554361728976,-17.82992681504021
XAUUSD,60,rr5,2.0,1629,0.3333333333333333,-0.1221007746377651,-198.90216188491934,1083,-0.14168236683401433,-153.44200328123753,546,-0.08326036374300698,-45.46015860368181
XAUUSD,240,swing,1.0,151,0.3973509933774834,-0.15208363660889143,-22.964629127942608,93,-0.1925452680928846,-17.906709932638268,58,-0.08720550336731615,-5.057919195304337
XAUUSD,240,swing,0.0,151,0.3973509933774834,-0.1282442028904488,-19.364874636457767,93,-0.1606796137112611,-14.943204075147282,58,-0.0762356993329394,-4.421670561310485
XAUUSD,240,swing,2.0,151,0.39072847682119205,-0.17389558923891027,-26.258233975075452,93,-0.2213533007199412,-20.58585696695453,58,-0.0977996035882918,-5.672377008120924
XAUUSD,240,rr5,1.0,151,0.39072847682119205,-0.16453591943949966,-24.844923835364447,93,-0.20497256894452687,-19.062448911841,58,-0.09969784350902487,-5.782474923523442
XAUUSD,240,rr5,0.0,151,0.39072847682119205,-0.14108912070848575,-21.30445722698135,93,-0.1737393561974838,-16.157760126365993,58,-0.08873615690716127,-5.146697100615354
XAUUSD,240,rr5,2.0,151,0.3841059602649007,-0.18599103639962916,-28.084646496344003,93,-0.2332064513016612,-21.68819997105449,58,-0.11028356078085368,-6.396446525289513
EURUSD,1,swing,1.0,4639,0.14442767837896098,-0.08554376018656933,-396.8375035054951,3056,-0.0816767051218229,-249.6040108522908,1583,-0.09300915518206214,-147.23349265320437
EURUSD,1,swing,0.0,4639,0.14507436947618021,0.2702571241708712,1253.7227990286715,3056,0.2498282530287113,763.4751412557417,1583,0.30969529865630424,490.24765777292964
EURUSD,1,swing,2.0,4639,0.14378098728174177,-0.2600584266212868,-1206.4110410961496,3056,-0.24999924846411525,-763.9977033063362,1583,-0.279477787612011,-442.4133377898134
EURUSD,1,rr5,1.0,4747,0.16599957868127238,-0.08536513372951997,-405.2282898140313,3134,-0.07407193143782625,-232.14143312614746,1613,-0.1073074127017259,-173.08685668788388
EURUSD,1,rr5,0.0,4995,0.21101101101101102,0.2376507941650422,1187.0657168543858,3279,0.21962787010529675,720.159786075268,1716,0.2720897032512342,466.9059307791179
EURUSD,1,rr5,2.0,4637,0.14405865861548414,-0.24690259646846244,-1144.8873398242604,3060,-0.23225902051353042,-710.7126027714031,1577,-0.2753168909656673,-434.1747370528573
EURUSD,5,swing,1.0,4247,0.2526489286555215,-0.06164416983937382,-261.8027893078206,2804,-0.0606669268560387,-170.11006290433252,1443,-0.0635431229407402,-91.69272640348811
EURUSD,5,swing,0.0,4249,0.2546481525064721,0.1075396670478355,456.93604528625303,2805,0.09562920769232251,268.23992757696465,1444,0.13067598179313597,188.69611770928833
EURUSD,5,swing,2.0,4243,0.24840914447325005,-0.1759407977119667,-746.5168046918747,2801,-0.17005600308939128,-476.326864653385,1442,-0.18737166438175432,-270.18994003848974
EURUSD,5,rr5,1.0,4025,0.20372670807453416,-0.06696578632209944,-269.53728994645024,2665,-0.053193176588718076,-141.75981560893368,1360,-0.09395402524817398,-127.77747433751661
EURUSD,5,rr5,0.0,4106,0.22722844617632731,0.1186715411837347,487.26534810041466,2711,0.11441268283767418,310.1727831729347,1395,0.12694807521683155,177.09256492748
EURUSD,5,rr5,2.0,3983,0.18980667838312829,-0.17004381732594637,-677.2845244092443,2638,-0.14965793975749098,-394.7976450802612,1345,-0.21002741957545215,-282.48687932898315
EURUSD,15,swing,1.0,3635,0.3601100412654746,-0.06371436867206501,-231.6017301229563,2384,-0.06773862993770623,-161.48889377149163,1251,-0.05604543273498372,-70.11283635146464
EURUSD,15,swing,0.0,3649,0.36996437380104136,0.04156915790334677,151.68585718931234,2389,0.027020084587015346,64.55098207837966,1260,0.06915466278645449,87.13487511093265
EURUSD,15,swing,2.0,3627,0.35125448028673834,-0.13886367303492453,-503.6585420976713,2376,-0.13972317716501303,-331.98226894407094,1251,-0.13723123353605143,-171.67627315360033
EURUSD,15,rr5,1.0,3324,0.2686522262334537,-0.04003003363141178,-133.05983179081275,2179,-0.03833395342459063,-83.52968451218298,1145,-0.043257770549021676,-49.53014727862982
EURUSD,15,rr5,0.0,3339,0.2815214135968853,0.060760154473154936,202.87815578586432,2188,0.05464228058004128,119.55730990913032,1151,0.07238996166527716,83.32084587673401
EURUSD,15,rr5,2.0,3311,0.2564180006040471,-0.12131835084465549,-401.68505964665434,2172,-0.11596602990355111,-251.878216950513,1139,-0.1315248838420907,-149.80684269614133
EURUSD,30,swing,1.0,2743,0.3926358002187386,-0.039442047464374345,-108.18953619477884,1793,-0.031163863477438294,-55.87680721504686,950,-0.05506603050498101,-52.31272897973196
EURUSD,30,swing,0.0,2748,0.4053857350800582,0.033532986823768596,92.1486477917161,1795,0.036488651091192606,65.49712870869072,953,0.027965917191002502,26.651519083025384
EURUSD,30,swing,2.0,2742,0.3767323121808899,-0.09947329355629471,-272.7557709313601,1792,-0.0902756957267231,-161.7740467422878,950,-0.11682286756744448,-110.98172418907225
EURUSD,30,rr5,1.0,2622,0.3325705568268497,-0.01865823651429736,-48.921896140487675,1710,-0.003440058377832309,-5.882499826093248,912,-0.04719232052016929,-43.039396314394395
EURUSD,30,rr5,0.0,2623,0.3442622950819672,0.048842613148070965,128.11417428739014,1711,0.06904366603753771,118.13371259022702,912,0.010943488703029693,9.98046169716308
EURUSD,30,rr5,2.0,2622,0.3169336384439359,-0.0740811548114168,-194.24078791553487,1710,-0.05809561949179323,-99.34350933096643,912,-0.104054033535711,-94.89727858456843
EURUSD,60,swing,1.0,1721,0.41138872748402094,-0.034370294044232634,-59.151276050124366,1114,-0.055976369117700896,-62.357675197118795,607,0.005282370917618504,3.206399146994432
EURUSD,60,swing,0.0,1721,0.4253341080766996,0.01762718396767233,30.33638360836408,1114,-0.0078036353415194175,-8.693249770452631,607,0.06429923126658435,39.029633378816705
EURUSD,60,swing,2.0,1720,0.3959302325581395,-0.08230780588310681,-141.5694261189437,1114,-0.09930991690011871,-110.63124742673224,606,-0.051053100152164105,-30.938178692211448
EURUSD,60,rr5,1.0,1704,0.3755868544600939,-0.03368209250325069,-57.394285625539176,1106,-0.03645930347842566,-40.32398964713878,598,-0.028545645448830117,-17.07029597840041
EURUSD,60,rr5,0.0,1705,0.3912023460410557,0.01769482266803115,30.16967264899311,1107,0.016126266276090994,17.85177676763273,598,0.02059848809592037,12.317895881360382
EURUSD,60,rr5,2.0,1704,0.3615023474178404,-0.07894456122687957,-134.52153233060278,1106,-0.07693544916225602,-85.09060677345515,598,-0.08266041063068164,-49.43092555714762
EURUSD,240,swing,1.0,164,0.3902439024390244,-0.08120313484224065,-13.317314114127466,107,-0.1546812461775647,-16.550893340999423,57,0.05672946012056061,3.2335792268719548
EURUSD,240,swing,0.0,164,0.39634146341463417,-0.05475545060528604,-8.97989389926691,107,-0.13273611365750757,-14.20276416135331,57,0.09162930284362102,5.222870262086398
EURUSD,240,swing,2.0,164,0.38414634146341464,-0.10588509533762447,-17.365155635370414,107,-0.17527538352544453,-18.754466037222564,57,0.02437386669916049,1.389310401852148
EURUSD,240,rr5,1.0,164,0.3902439024390244,-0.0727237174022418,-11.926689653967655,107,-0.14932700332137908,-15.97798935538756,57,0.07107543335824396,4.0512997014199055
EURUSD,240,rr5,0.0,164,0.39634146341463417,-0.04550735287070345,-7.463205870795366,107,-0.12587552952350928,-13.468681659015493,57,0.10535922435473905,6.005475788220125
EURUSD,240,rr5,2.0,164,0.38414634146341464,-0.0973826396708512,-15.970752906019598,107,-0.17127155589303855,-18.326056480555124,57,0.041321115342728525,2.355303574535526
GBPUSD,1,swing,1.0,3738,0.1332263242375602,-0.08914431670803447,-333.22145585463284,2093,0.012411381159552759,25.977020766943923,1645,-0.218357736548071,-359.1984766215768
GBPUSD,1,swing,0.0,3738,0.1337613697164259,0.24914732490279942,931.3127004866642,2093,0.36372277390970703,761.2717657930168,1645,0.10336834935784038,170.04093469364742
GBPUSD,1,swing,2.0,3738,0.1326912787586945,-0.2659942633893885,-994.2865565495341,2093,-0.17782648557080954,-372.19083429970436,1645,-0.37817369133728257,-622.0957222498298
GBPUSD,1,rr5,1.0,3817,0.15719151165837045,-0.13219273809378632,-504.5796813039824,2140,-0.09468126492138566,-202.61790693176533,1677,-0.18006068835552597,-301.96177437221706
GBPUSD,1,rr5,0.0,4028,0.20431976166832175,0.2029957916300357,817.6670486857838,2248,0.22614264116020083,508.36865732813146,1780,0.17376314121216424,309.29839135765235
GBPUSD,1,rr5,2.0,3740,0.13716577540106953,-0.28154727113092975,-1052.9867940296772,2102,-0.24086589802364097,-506.3001176456933,1638,-0.33375254968497176,-546.6866763839837
GBPUSD,5,swing,1.0,3407,0.24713824479013796,-0.06292276496194199,-214.37786022533638,1934,-0.06511300526533088,-125.92855218314992,1473,-0.06004705230291002,-88.44930804218646
GBPUSD,5,swing,0.0,3408,0.25029342723004694,0.11065383267555565,377.1082617582936,1935,0.09320884626646571,180.35911752561114,1473,0.13357036268342326,196.74914423268248
GBPUSD,5,swing,2.0,3407,0.2442031112415615,-0.17565342409791443,-598.4512159015944,1934,-0.16871999474321997,-326.30446983338743,1473,-0.18475678619701766,-272.146746068207
GBPUSD,5,rr5,1.0,3234,0.1997526283240569,-0.08780319867764999,-283.9555445235201,1829,-0.10231218194473604,-187.12898077692222,1405,-0.0689157037342334,-96.82656374659794
GBPUSD,5,rr5,0.0,3280,0.21646341463414634,0.05566541741883708,182.58256913378563,1849,0.007866595411644296,14.545334916130301,1431,0.11742643900604843,168.0372342176553
GBPUSD,5,rr5,2.0,3200,0.18625,-0.19109880166548568,-611.5161653295542,1809,-0.19739124742029215,-357.0807665833085,1391,-0.18291545560477762,-254.43539874624565
GBPUSD,15,swing,1.0,2951,0.3608946119959336,-0.06021444857450445,-177.69283774336262,1693,-0.08071562705747727,-136.65155660830902,1258,-0.03262422983708552,-41.04128113505358
GBPUSD,15,swing,0.0,2976,0.37533602150537637,0.03486735350953021,103.7652440443619,1708,0.0030181693695046138,5.15503328311388,1268,0.07776830501675712,98.61021076124803
GBPUSD,15,swing,2.0,2934,0.34696659850034084,-0.135700887799108,-398.1464048025828,1684,-0.14590861896783336,-245.7101143418314,1250,-0.12194903236860116,-152.43629046075145
GBPUSD,15,rr5,1.0,2688,0.2726934523809524,-0.052941332530566196,-142.30630184216193,1544,-0.08534446812329403,-131.771858782366,1144,-0.009208429248073352,-10.534443059795915
GBPUSD,15,rr5,0.0,2701,0.28915216586449466,0.047838245179884525,129.2111002308681,1552,0.004535679830818276,7.039375097429964,1149,0.10632874250081652,122.17172513343817
GBPUSD,15,rr5,2.0,2676,0.25747384155455905,-0.1293805423969634,-346.222331454274,1538,-0.15252836050844046,-234.5886184619814,1138,-0.09809640860482656,-111.63371299229263
GBPUSD,30,swing,1.0,2241,0.3788487282463186,-0.06557310826795572,-146.94933562848877,1296,-0.07556393573773498,-97.93086071610453,945,-0.05187140202368703,-49.01847491238424
GBPUSD,30,swing,0.0,2248,0.38834519572953735,0.005847140952356475,13.144372860897356,1299,-0.010145130199851261,-13.178524129606789,949,0.02773751000053124,26.322896990504148
GBPUSD,30,swing,2.0,2238,0.36952636282394996,-0.12176738825888135,-272.51541492337645,1294,-0.12714966785630633,-164.53167020606037,944,-0.1143895600819026,-107.98374471731606
GBPUSD,30,rr5,1.0,2154,0.32172701949860727,-0.04459702076674302,-96.06198273156446,1246,-0.06600339711702222,-82.24023280780969,908,-0.015222191545985413,-13.821749923754755
GBPUSD,30,rr5,0.0,2155,0.3308584686774942,0.024394921086831,52.57105494212081,1246,-0.0031001094829012812,-3.8627364156949966,909,0.062083378831480525,56.4337913578158
GBPUSD,30,rr5,2.0,2149,0.30944625407166126,-0.0983397618408493,-211.33214819598516,1243,-0.1101868011537403,-136.9621938340992,906,-0.08208604234203748,-74.36995436188596
GBPUSD,60,swing,1.0,1474,0.40637720488466755,-0.016642326945273817,-24.530789917333607,883,-0.02287343955977557,-20.197247131281827,591,-0.007332559705671355,-4.333542786051771
GBPUSD,60,swing,0.0,1474,0.4226594301221167,0.031420263338289865,46.31346816063926,883,0.02398098471969838,21.17520950749367,591,0.0425351246246118,25.138258653145574
GBPUSD,60,swing,2.0,1473,0.39443312966734556,-0.06163284893594075,-90.78518648264073,883,-0.06512558046960182,-57.50588755465841,590,-0.05640559140335987,-33.279298927982325
GBPUSD,60,rr5,1.0,1451,0.3680220537560303,-0.025944379208987508,-37.64529423224087,871,-0.0340288131103753,-29.63909621913688,580,-0.013803789677765495,-8.006198013103987
GBPUSD,60,rr5,0.0,1451,0.3838731909028256,0.025956261925410385,37.66253605377047,871,0.015378183214910985,13.394397580187468,580,0.0418416180579017,24.268138473582987
GBPUSD,60,rr5,2.0,1451,0.35699517574086836,-0.06569231281535522,-95.31954589508042,871,-0.07229081337295043,-62.96529844783982,580,-0.055783185253863145,-32.354247447240624
GBPUSD,240,swing,1.0,175,0.32571428571428573,-0.07989672881850904,-13.981927543239081,114,-0.10751769026694843,-12.257016690432122,61,-0.02827722709519611,-1.7249108528069628
GBPUSD,240,swing,0.0,175,0.3314285714285714,-0.04864780596766659,-8.513366044341653,114,-0.07553131250362263,-8.61056962541298,61,0.0015935013290380854,0.09720358107132321
GBPUSD,240,swing,2.0,175,0.32,-0.1082637530225842,-18.946156778952236,114,-0.1362139070028077,-15.528385398320076,61,-0.05602903902675677,-3.4177713806321632
GBPUSD,240,rr5,1.0,175,0.30857142857142855,-0.09486968112443842,-16.602194196776722,114,-0.11508374563253597,-13.119547002109101,61,-0.057092576961764306,-3.4826471946676225
GBPUSD,240,rr5,0.0,175,0.3142857142857143,-0.06934362297113154,-12.13513401994802,114,-0.09154493241521627,-10.436122295334656,61,-0.027852651223169954,-1.6990117246133671
GBPUSD,240,rr5,2.0,175,0.3028571428571429,-0.11746498412587086,-20.556372222027402,114,-0.13524653920646304,-15.418105469536785,61,-0.08423388118837087,-5.138266752490623
USDJPY,1,swing,1.0,2713,0.122005160339108,-0.19749517039960918,-535.8043972941397,1677,-0.2209900207824997,-370.600264852252,1036,-0.15946344830298037,-165.20413244188765
USDJPY,1,swing,0.0,2713,0.12311094729082196,0.16178628770831055,438.92619855264655,1677,0.1554422545377326,260.6766608597776,1036,0.17205553831358003,178.2495376928689
USDJPY,1,swing,2.0,2712,0.12094395280235988,-0.3603418152549372,-977.2470029713896,1676,-0.3855684707998434,-646.2127570605376,1036,-0.31953112539657524,-331.03424591085195
USDJPY,1,rr5,1.0,2788,0.14885222381635582,-0.1681882339068572,-468.9087961323179,1706,-0.20960078795037917,-357.5789442433469,1082,-0.10289265424119312,-111.32985188897095
USDJPY,1,rr5,0.0,2963,0.20249746878164024,0.21235681331711878,629.213237858623,1812,0.17375717306264027,314.8479975895042,1151,0.2731235797299032,314.3652402691186
USDJPY,1,rr5,2.0,2716,0.1251840942562592,-0.3427918195924192,-931.0225820130106,1667,-0.36536337717284895,-609.0607497471392,1049,-0.30692262370435786,-321.9618322658714
USDJPY,5,swing,1.0,2518,0.23113582208101668,-0.07879119879631645,-198.39623856912482,1553,-0.07669760205711428,-119.11137599469846,965,-0.08216047935173718,-79.28486257442637
USDJPY,5,swing,0.0,2521,0.23363744545815152,0.11277524270072159,284.30638684851914,1556,0.1262367435391205,196.42437294687153,965,0.09106944445766593,87.88201390164762
USDJPY,5,swing,2.0,2518,0.2283558379666402,-0.2020891230388463,-508.86041181181497,1553,-0.2044728195497709,-317.5462887607942,965,-0.19825297725494376,-191.31412305102072
USDJPY,5,rr5,1.0,2408,0.20348837209302326,-0.04862775538354008,-117.09563496356452,1482,-0.054631090122572695,-80.96327556165274,926,-0.03901982656793931,-36.1323594019118
USDJPY,5,rr5,0.0,2463,0.22614697523345514,0.1379802636320295,339.84538932568864,1519,0.14716998314978297,223.55120440452035,944,0.12319299250123766,116.29418492116835
USDJPY,5,rr5,2.0,2382,0.18807724601175482,-0.16845902665603754,-401.2694014946814,1461,-0.19153171720461362,-279.8278388359405,921,-0.13185837422230282,-121.44156265874089
USDJPY,15,swing,1.0,2257,0.35578201151971645,-0.020862743345744544,-47.087211731345434,1397,-0.045535038383006904,-63.61244862106064,860,0.01921539173222696,16.52523688971519
USDJPY,15,swing,0.0,2263,0.3654441007512152,0.0972492844077628,220.0751306147672,1402,0.07928458722913713,111.15699129525026,861,0.12650190397156436,108.91813931951691
USDJPY,15,swing,2.0,2243,0.3437360677663843,-0.11292045528253246,-253.2805811987203,1387,-0.14285424768086752,-198.13884153336323,856,-0.06441792016980966,-55.141739665357065
USDJPY,15,rr5,1.0,2049,0.26939970717423134,0.0007443913081881493,1.525257790477518,1269,-0.034446836356066914,-43.713035335848915,780,0.05799781170041851,45.23829312632644
USDJPY,15,rr5,0.0,2061,0.28626880155264434,0.12519076789961173,258.0181726410998,1278,0.0951808358571645,121.64110822545624,783,0.17417249606084745,136.37706441564356
USDJPY,15,rr5,2.0,2040,0.25882352941176473,-0.100931572258102,-205.90040740652807,1264,-0.13546968328795408,-171.23367967597397,776,-0.04467361820947697,-34.66672773055413
USDJPY,30,swing,1.0,1819,0.3683342495876855,-0.05392253842911994,-98.08509740256918,1130,-0.053034080434788404,-59.9285108913109,689,-0.055379661119387844,-38.156586511258226
USDJPY,30,swing,0.0,1823,0.37849698299506307,0.03093066648680851,56.38660500545191,1133,0.04323484308585903,48.985077216278285,690,0.010726851868367608,7.401527789173649
USDJPY,30,swing,2.0,1817,0.35718216840946615,-0.12071512492023319,-219.3393819800637,1128,-0.12736679321871355,-143.66974275070888,689,-0.10982531092794605,-75.66963922935483
USDJPY,30,rr5,1.0,1730,0.3115606936416185,-0.03991529062310137,-69.05345277796536,1078,-0.02828050758350131,-30.48638717501441,652,-0.05915194110882046,-38.56706560295094
USDJPY,30,rr5,0.0,1734,0.32583621683967706,0.04951969112231025,85.86714440608597,1080,0.06831304654806816,73.77809027191361,654,0.018484792254086172,12.089054134172358
USDJPY,30,rr5,2.0,1728,0.3003472222222222,-0.11218787530383638,-193.86064852502926,1076,-0.1070949834568524,-115.23420219957318,652,-0.12059270908812285,-78.6264463254561
USDJPY,60,swing,1.0,1261,0.38144329896907214,-0.08553477859381534,-107.85935580680113,798,-0.09408900087291905,-75.0830226965894,463,-0.0707912162207597,-32.776333110211745
USDJPY,60,swing,0.0,1261,0.3957176843774782,-0.02615945606671891,-32.987074100132546,798,-0.029352490105296898,-23.423287104026926,463,-0.020656127421394412,-9.563786996105613
USDJPY,60,swing,2.0,1261,0.36241078509119745,-0.1350693108340011,-170.32240096167538,798,-0.1479667248305236,-118.07744641475783,463,-0.11284007461537272,-52.24495454691757
USDJPY,60,rr5,1.0,1246,0.3547351524879615,-0.06962262025052185,-86.74978483215023,789,-0.07083756508804154,-55.89083885446477,457,-0.0675250459030316,-30.858945977685444
USDJPY,60,rr5,0.0,1246,0.36918138041733545,-0.011848585873006108,-14.76333799776561,789,-0.0015170958755301883,-1.1969886457933185,457,-0.02968566597805753,-13.566349351972292
USDJPY,60,rr5,2.0,1245,0.3357429718875502,-0.11690821444372418,-145.5507269824366,788,-0.12446471999620005,-98.07819935700564,457,-0.10387861624820775,-47.47252762543094
USDJPY,240,swing,1.0,253,0.4505928853754941,0.015188959768801354,3.8428068215067426,169,-0.04873566168126247,-8.236326824133357,84,0.14379921006714402,12.079133645640098
USDJPY,240,swing,0.0,253,0.45454545454545453,0.050783559504156535,12.848240554551603,169,-0.013945027067059662,-2.356709574333083,84,0.18101131105815102,15.204950128884686
USDJPY,240,swing,2.0,253,0.4426877470355731,-0.01739566353606329,-4.401102874624012,169,-0.08073548654158855,-13.644297225528463,84,0.11003802798695775,9.243194350904451
USDJPY,240,rr5,1.0,253,0.45454545454545453,0.041578246674989085,10.519296408772238,169,-0.011819639287335797,-1.9975190395597497,84,0.14900970771823793,12.516815448331986
USDJPY,240,rr5,0.0,253,0.45849802371541504,0.0844529411330423,21.366594106659704,169,0.033824028647275094,5.716260841389491,84,0.1863134912532168,15.650333265270213
USDJPY,240,rr5,2.0,253,0.44664031620553357,0.010827320163466473,2.7393120013570176,169,-0.04418960655004868,-7.468043506958226,84,0.12151613700375288,10.207355508315242
AUDUSD,1,swing,1.0,2082,0.13112391930835735,-0.12356925866727692,-257.2711965452705,1060,-0.10459837599969518,-110.8742785596769,1022,-0.1432455166199546,-146.3969179855936
AUDUSD,1,swing,0.0,2083,0.13202112337974076,0.3815081580710383,794.6814932619727,1060,0.3029016649479867,321.0757648448659,1023,0.4629577012874944,473.6057284171068
AUDUSD,1,swing,2.0,2082,0.1292026897214217,-0.32963232260747216,-686.294495668757,1060,-0.29883485040164137,-316.76494142573983,1022,-0.3615749063043221,-369.5295542430172
AUDUSD,1,rr5,1.0,2136,0.15262172284644196,-0.1540159347929962,-328.97803671783987,1092,-0.13710268558161365,-149.7161326551221,1044,-0.17170680465777563,-179.26190406271775
AUDUSD,1,rr5,0.0,2288,0.21503496503496503,0.31644848726887137,724.0341388711777,1167,0.3006657396661545,350.8769181904023,1121,0.33287887661086113,373.1572206807753
AUDUSD,1,rr5,2.0,2082,0.12776176753121998,-0.32589461856666735,-678.5125958558015,1067,-0.29075649579529894,-310.23718101358395,1015,-0.3628329210268154,-368.27541484221763
AUDUSD,5,swing,1.0,1929,0.24727838258164853,-0.044383839857822904,-85.61642708574038,993,-0.11487882071085034,-114.0746689658744,936,0.030404104572792762,28.458241880134025
AUDUSD,5,swing,0.0,1930,0.25077720207253884,0.20629738721808855,398.1539573309109,994,0.08001028003174544,79.53021835155496,936,0.34040997754204694,318.62373897935595
AUDUSD,5,swing,2.0,1923,0.2376495059802392,-0.19449189495594935,-374.0079140002906,990,-0.23834761460228254,-235.96413845625972,933,-0.14795688697109424,-138.04377554403092
AUDUSD,5,rr5,1.0,1837,0.20631464344039194,-0.04051339838203032,-74.42311282778971,956,-0.09642896754388836,-92.18609297195727,881,0.020162293012676018,17.76298014416757
AUDUSD,5,rr5,0.0,1873,0.22904431393486385,0.168096721142113,314.84515869917766,974,0.08460738844007605,82.40759634063407,899,0.258551237328747,232.43756235854357
AUDUSD,5,rr5,2.0,1820,0.1934065934065934,-0.157141599288149,-285.9977107044312,947,-0.19921497555875312,-188.6565818541392,873,-0.11150186580789458,-97.34112885029197
AUDUSD,15,swing,1.0,1670,0.34850299401197604,-0.04199816466881553,-70.13693499692194,880,-0.10468411649510942,-92.12202251569629,790,0.02782922470730932,21.98508751877436
AUDUSD,15,swing,0.0,1681,0.3581201665675193,0.09881707042463275,166.11149538380766,886,0.007862215072420197,6.965922554164294,795,0.2001831104775388,159.14557282964336
AUDUSD,15,swing,2.0,1663,0.34034876728803365,-0.14636057791666315,-243.3976410754108,878,-0.1910063868569214,-167.70360766037697,785,-0.09642552027392845,-75.69403341503383
AUDUSD,15,rr5,1.0,1528,0.2650523560209424,-0.0002743840440272491,-0.4192588192736366,805,-0.07709361148381037,-62.060357244467355,723,0.08525739754521956,61.641098425193746
AUDUSD,15,rr5,0.0,1542,0.2846952010376135,0.14435134196084248,222.5897693036191,813,0.04778865014710858,38.852172569599276,729,0.252040599086447,183.73759673401986
AUDUSD,15,rr5,2.0,1523,0.2541037426132633,-0.09721200258850489,-148.05387994229295,801,-0.17097835462061586,-136.9536620511133,722,-0.015374263007174035,-11.100217891179653
AUDUSD,30,swing,1.0,1324,0.36706948640483383,-0.056705014025424424,-75.07743856966194,697,-0.11897415338691487,-82.92498491067967,627,0.012516022872436581,7.847546341017736
AUDUSD,30,swing,0.0,1329,0.3784800601956358,0.044820442224997585,59.56636771702179,698,-0.041521290381210975,-28.98186068608526,631,0.14032999746926633,88.54822840310706
AUDUSD,30,swing,2.0,1320,0.35378787878787876,-0.14091388368162736,-186.0063264597481,693,-0.1929598695765998,-133.72118961658367,627,-0.08338937295560511,-52.28513684316441
AUDUSD,30,rr5,1.0,1263,0.3056215360253365,-0.05217653643446026,-65.89896551672331,666,-0.12094279571134955,-80.5479019437588,597,0.024537581954833274,14.648936427035466
AUDUSD,30,rr5,0.0,1267,0.31886345698500396,0.05673871740106196,71.8879549471455,670,-0.020240803051380755,-13.561338044425106,597,0.1431311440394817,85.44929299157059
AUDUSD,30,rr5,2.0,1262,0.2900158478605388,-0.1409288610325709,-177.8522226231045,666,-0.19876033759811623,-132.3743848403454,596,-0.07630509695093803,-45.47783778275906
AUDUSD,60,swing,1.0,894,0.3859060402684564,-0.07613236266705341,-68.06233222434575,493,-0.153226942187378,-75.54088249837736,401,0.01864975130681201,7.478550274031615
AUDUSD,60,swing,0.0,895,0.40670391061452515,-0.00936078131568096,-8.37789927753446,494,-0.10612843791501958,-52.42744833001967,401,0.10984924950744443,44.04954905248522
AUDUSD,60,swing,2.0,894,0.3668903803131991,-0.1364576839015914,-121.99316940802271,493,-0.20130593805928151,-99.24382746322578,401,-0.05673152604687516,-22.74934194479694
AUDUSD,60,rr5,1.0,882,0.35600907029478457,-0.047727672581085526,-42.095807216517436,489,-0.13689916886274456,-66.94369357388209,393,0.06322617393731461,24.84788635736464
AUDUSD,60,rr5,0.0,883,0.38052095130237823,0.025551495547782507,22.561970568691954,490,-0.06666041806867275,-32.663604853649645,393,0.140523092677714,55.225575422341606
AUDUSD,60,rr5,2.0,882,0.336734693877551,-0.11445116968232963,-100.94593165981473,489,-0.18503989403800566,-90.48450818458477,393,-0.026619398155801426,-10.46142347522996
AUDUSD,240,swing,1.0,186,0.3387096774193548,-0.1800698206990413,-33.49298665002168,115,-0.19700392202352512,-22.65545103270539,71,-0.15264134672276464,-10.83753561731629
AUDUSD,240,swing,0.0,186,0.34946236559139787,-0.14228866983233227,-26.465692588813802,115,-0.16329943640617153,-18.779435186709726,71,-0.10825714650850804,-7.686257402104071
AUDUSD,240,swing,2.0,186,0.3387096774193548,-0.21377596783884212,-39.762330018024635,115,-0.22735628521811743,-26.145972800083506,71,-0.19177967912593138,-13.616357217941129
AUDUSD,240,rr5,1.0,186,0.3279569892473118,-0.20320910032810216,-37.796892661027,115,-0.21536032030166416,-24.76643683469138,71,-0.18352754684979744,-13.030455826335618
AUDUSD,240,rr5,0.0,186,0.3387096774193548,-0.16997064802847126,-31.614540533295653,115,-0.18778057696857248,-21.594766351385836,71,-0.14112358002689876,-10.019774181909812
AUDUSD,240,rr5,2.0,186,0.3279569892473118,-0.2391376806353181,-44.479608598169165,115,-0.25039794764787765,-28.795763979505928,71,-0.22089921998117232,-15.683844618663235
USDCAD,1,swing,1.0,3503,0.13045960605195547,-0.1960057997936344,-686.6083166771012,2738,-0.2131022025925994,-583.4738306985372,765,-0.13481632154060666,-103.13448597856409
USDCAD,1,swing,0.0,3503,0.1318869540393948,0.41829199324823785,1465.2768523485772,2738,0.3542955718846356,970.0612758201323,765,0.6473406229129999,495.2155765284449
USDCAD,1,swing,2.0,3503,0.129317727662004,-0.4036832741222671,-1414.1025092503016,2738,-0.41035715067268586,-1123.5578785418138,765,-0.37979690288691204,-290.5446307084877
USDCAD,1,rr5,1.0,3559,0.14610845743186288,-0.22821702499334665,-812.2243919513207,2790,-0.22536382527431476,-628.7650725153381,769,-0.23856868587253924,-183.45931943598268
USDCAD,1,rr5,0.0,3841,0.21713095548034367,0.2831485470605832,1087.5735692597,2996,0.24915196321821823,746.4592818017818,845,0.4036855472874771,341.1142874579181
USDCAD,1,rr5,2.0,3453,0.11671010715320011,-0.42817607017875614,-1478.4919703272449,2702,-0.42883575283923614,-1158.714204171616,751,-0.42580261805010494,-319.7777661556288
USDCAD,5,swing,1.0,3153,0.23469711385981604,-0.14864820146767915,-468.68777922759233,2486,-0.14455175978572998,-359.3556748273247,667,-0.1639161985011509,-109.33210440026767
USDCAD,5,swing,0.0,3156,0.23891001267427123,0.10193124640995811,321.6950136698278,2488,0.09194835672966832,228.7675115434148,668,0.13911302713534882,92.927502126413
USDCAD,5,swing,2.0,3149,0.22991425849476024,-0.29104310157307467,-916.4947268536122,2482,-0.28275552800274545,-701.7992205028143,667,-0.3218823183670135,-214.69550635079798
USDCAD,5,rr5,1.0,3030,0.19372937293729373,-0.1379739191631081,-418.0609750642176,2376,-0.13126398604491585,-311.88323084272,654,-0.1623512908585591,-106.17774422149765
USDCAD,5,rr5,0.0,3119,0.22571336966976596,0.12891386677273767,402.08235046416877,2446,0.1287074782136483,314.81849171058377,673,0.12966398031736256,87.263858753585
USDCAD,5,rr5,2.0,2986,0.174146014735432,-0.2868857900988405,-856.6409692351377,2341,-0.27386478825220567,-641.1174692984135,645,-0.3341449611422081,-215.52349993672422
USDCAD,15,swing,1.0,2758,0.35569253081943436,-0.08114323824041945,-223.79305106707687,2171,-0.078683475757425,-170.8218258693697,587,-0.09024058807105137,-52.971225197707156
USDCAD,15,swing,0.0,2774,0.3651766402307138,0.07414178954223062,205.66932419014773,2183,0.06959349156026107,151.9225920760499,591,0.09094201711353267,53.74673211409781
USDCAD,15,swing,2.0,2739,0.3373493975903614,-0.18983361328657036,-519.9542667919162,2156,-0.18203602962756366,-392.46967987702726,583,-0.21866996040289693,-127.48458691488891
USDCAD,15,rr5,1.0,2508,0.2567783094098884,-0.05848792252116248,-146.6877096830755,1971,-0.041372442067970014,-81.5450833159689,537,-0.1213084289890253,-65.14262636710659
USDCAD,15,rr5,0.0,2535,0.27692307692307694,0.10135535780180527,256.93583202757634,1990,0.1071240985604885,213.1769561353721,545,0.08029151539853986,43.75887589220422
USDCAD,15,rr5,2.0,2495,0.2372745490981964,-0.16589424264533828,-413.906135400119,1960,-0.14483507282505478,-283.87674273710735,535,-0.24304559376263862,-130.02939266301166
USDCAD,30,swing,1.0,2120,0.3594339622641509,-0.07641048007601911,-161.99021776116052,1653,-0.06268533134580202,-103.61885271461074,467,-0.12499221637376824,-58.37136504654977
USDCAD,30,swing,0.0,2124,0.3700564971751412,0.05009187096760927,106.39513393520208,1654,0.06037526989522058,99.86069640669484,470,0.01390305857129202,6.534437528507249
USDCAD,30,swing,2.0,2116,0.34168241965973534,-0.16475392518370416,-348.619305688718,1650,-0.14898860933720198,-245.83120540638328,466,-0.22057532249428055,-102.78810028233474
USDCAD,30,rr5,1.0,2013,0.2816691505216095,-0.08145619212383719,-163.97131474528425,1575,-0.057815587075410624,-91.05954964377173,438,-0.16646521712674084,-72.91176510151249
USDCAD,30,rr5,0.0,2017,0.3009419930589985,0.03881015346258029,78.28007953402444,1578,0.060222786840936966,95.03155763499853,439,-0.03815826446691134,-16.75147810097408
USDCAD,30,rr5,2.0,2009,0.2613240418118467,-0.1680788648091755,-337.6704394016336,1573,-0.14129457496458997,-222.25636641930004,436,-0.2647111765649851,-115.41407298233351
USDCAD,60,swing,1.0,1371,0.3661560904449307,-0.06697215302981982,-91.81882180388297,1069,-0.05172709262870193,-55.29626202008237,302,-0.12093562842318085,-36.52255978380062
USDCAD,60,swing,0.0,1373,0.38310269482884196,0.04058398703002052,55.721814192218176,1069,0.057796043069039224,61.78397004080293,304,-0.019941302133502408,-6.062155848584732
USDCAD,60,swing,2.0,1370,0.3467153284671533,-0.14232072442334995,-194.9793924599894,1068,-0.12850437386985392,-137.24267129300398,302,-0.19118119591717023,-57.736721166985404
USDCAD,60,rr5,1.0,1356,0.32669616519174044,-0.08955763049851183,-121.44014695598203,1058,-0.08341028542526865,-88.24808197993424,298,-0.11138276837599934,-33.1920649760478
USDCAD,60,rr5,0.0,1357,0.34635224760501104,0.0009093449599213025,1.2339811106132075,1059,0.007403813129241956,7.8406381038672315,298,-0.02216998991024835,-6.606656993254008
USDCAD,60,rr5,2.0,1356,0.30678466076696165,-0.1481006441986099,-200.82447353331503,1058,-0.13675993541845383,-144.69201167272413,298,-0.18836396597513722,-56.132461860590894
USDCAD,240,swing,1.0,232,0.3103448275862069,-0.1953948017519756,-45.33159400645834,157,-0.16515581911325286,-25.9294636007807,75,-0.2586950720757018,-19.402130405677635
USDCAD,240,swing,0.0,232,0.3146551724137931,-0.14934429864710946,-34.64787728612939,157,-0.11728265964870535,-18.41337756484674,75,-0.2164599962837687,-16.234499721282653
USDCAD,240,swing,2.0,232,0.3017241379310345,-0.2531426751067369,-58.72910062476296,157,-0.21379554930199077,-33.56590124041255,75,-0.33550932512467196,-25.163199384350396
USDCAD,240,rr5,1.0,232,0.30603448275862066,-0.20282174658316277,-47.05464520729376,157,-0.16896971696324298,-26.52824556322915,75,-0.27368532858752803,-20.526399644064604
USDCAD,240,rr5,0.0,232,0.3103448275862069,-0.16007758376012704,-37.137999432349474,157,-0.12619916905843398,-19.813269542174133,75,-0.23099639853567117,-17.324729890175337
USDCAD,240,rr5,2.0,232,0.3017241379310345,-0.24018951924586204,-55.723968465039995,157,-0.2063011773304531,-32.38928484088114,75,-0.3111291149887846,-23.334683624158846
USDCHF,1,swing,1.0,2568,0.1265576323987539,-0.25900090167804535,-665.1143155092204,1282,-0.2781428890292828,-356.57918373554054,1286,-0.2399184539453187,-308.53513177367984
USDCHF,1,swing,0.0,2568,0.1265576323987539,0.1911403207307164,490.84834363647974,1282,0.15789341602945647,202.4193593497632,1286,0.22428381359775784,288.42898428671657
USDCHF,1,swing,2.0,2568,0.1261682242990654,-0.4396619594029559,-1129.0519117467907,1282,-0.4513198621702359,-578.5920633022424,1286,-0.4280403176085134,-550.4598484445482
USDCHF,1,rr5,1.0,2628,0.15030441400304415,-0.22782473130797118,-598.7233938773483,1326,-0.23346901847161033,-309.5799184933553,1302,-0.2220764019846336,-289.14347538399295
USDCHF,1,rr5,0.0,2813,0.21222893707785281,0.20940928532165387,589.0683196098123,1414,0.17855843802255214,252.4816313638887,1399,0.24059091368543503,336.5866882459236
USDCHF,1,rr5,2.0,2533,0.11448874851954205,-0.44454499586994334,-1126.0324745385665,1272,-0.45901215772741083,-583.8634646292666,1261,-0.42995163355218063,-542.1690099092998
USDCHF,5,swing,1.0,2364,0.23138747884940777,-0.194540745442228,-459.894322225427,1193,-0.21621681489166994,-257.94666016576224,1171,-0.17245743984599898,-201.94766205966482
USDCHF,5,swing,0.0,2365,0.23424947145877378,0.02102274994812415,49.71880362731361,1194,-0.006141765378989412,-7.333267862513358,1171,0.04872081254468569,57.05207148982694
USDCHF,5,swing,2.0,2358,0.226039016115352,-0.3233900631322667,-762.5537688658849,1188,-0.34084745151082196,-404.92677239485647,1170,-0.30566409954788754,-357.6269964710284
USDCHF,5,rr5,1.0,2221,0.18325078793336336,-0.19063221653215828,-423.3941529179235,1131,-0.1907578985882353,-215.74718330329412,1090,-0.19050180698589853,-207.6469696146294
USDCHF,5,rr5,0.0,2283,0.2137538326763031,0.046747478332029864,106.72449303202418,1164,0.05818382588692853,67.72597333238481,1119,0.034851224038998534,38.99851969963936
USDCHF,5,rr5,2.0,2182,0.1617781851512374,-0.3433813599675729,-749.2581274492441,1110,-0.34661588371045265,-384.74363091860243,1072,-0.3400321795994791,-364.5144965306416
USDCHF,15,swing,1.0,2039,0.32221677292790585,-0.182869667274921,-372.8712515735639,1047,-0.19106269050162783,-200.04263695520433,992,-0.17422239376850762,-172.82861461835955
USDCHF,15,swing,0.0,2055,0.3396593673965937,-0.048729735429845815,-100.13960630833314,1054,-0.05709251163498568,-60.17550726327491,1001,-0.03992417487018803,-39.96409904505822
USDCHF,15,swing,2.0,2029,0.3090192212912765,-0.2739610149626782,-555.8668993592742,1042,-0.2781896456682994,-289.873610786368,987,-0.26949674627447423,-265.99328857290607
USDCHF,15,rr5,1.0,1869,0.23060460139111824,-0.19080279372290085,-356.61042146810166,961,-0.2035820541880093,-195.64235407467692,908,-0.17727760726148106,-160.9680673934248
USDCHF,15,rr5,0.0,1883,0.2533191715347849,-0.05108470096326644,-96.19249191383071,971,-0.04715581308474196,-45.78829450528445,912,-0.05526776031638846,-50.40419740854628
USDCHF,15,rr5,2.0,1854,0.21359223300970873,-0.3015233496041503,-559.0242901660946,951,-0.31821496186979353,-302.62242873817365,903,-0.2839444755569446,-256.40186142792095
USDCHF,30,swing,1.0,1537,0.35003253090435915,-0.11929541045747964,-183.3570458731462,792,-0.1394230957812627,-110.42309185876005,745,-0.09789792485152504,-72.93395401438616
USDCHF,30,swing,0.0,1540,0.36558441558441557,-0.022154237126484014,-34.117525174785385,793,-0.051538411696309405,-40.86996047517336,747,0.009039404685927663,6.752435300387964
USDCHF,30,swing,2.0,1536,0.3359375,-0.1957459930254363,-300.66584528707017,792,-0.20910770793520875,-165.61330468468532,744,-0.18152223199245282,-135.0525406023849
USDCHF,30,rr5,1.0,1476,0.2940379403794038,-0.13686033107248763,-202.00584866299175,766,-0.14308700578363528,-109.60464643026464,710,-0.13014253835595369,-92.40120223272712
USDCHF,30,rr5,0.0,1479,0.3137254901960784,-0.028625274249486854,-42.336780614991056,768,-0.020991238118205014,-16.12127087478145,711,-0.036871321716187885,-26.215509740209587
USDCHF,30,rr5,2.0,1471,0.2780421481985044,-0.21445790220521152,-315.46757414386616,763,-0.2177301484629522,-166.12810327723253,708,-0.2109314560263187,-149.33947086663363
USDCHF,60,swing,1.0,993,0.36555891238670696,-0.09874794110132312,-98.05670551361386,525,-0.1262628090866074,-66.28797477046888,468,-0.06788190329731834,-31.768730743144985
USDCHF,60,swing,0.0,994,0.39134808853118713,-0.026411282954214424,-26.252815256489136,526,-0.05938508667656077,-31.236555591870964,468,0.010649017810644945,4.983740335381834
USDCHF,60,swing,2.0,993,0.34441087613293053,-0.158253716609297,-157.14594059303192,525,-0.18295673119333497,-96.05228387650087,468,-0.13054200153104928,-61.09365671653106
USDCHF,60,rr5,1.0,985,0.32893401015228424,-0.12672395527917368,-124.82309594998607,521,-0.18052060464245634,-94.05123501871975,464,-0.06631866580014294,-30.771860931266325
USDCHF,60,rr5,0.0,985,0.3583756345177665,-0.04898773962231785,-48.252923527983086,521,-0.09613386218352735,-50.08574219761775,464,0.00395004023628163,1.8328186696346762
USDCHF,60,rr5,2.0,985,0.30761421319796955,-0.17678763708004053,-174.13582252383992,521,-0.22285618372989077,-116.1080717232731,464,-0.1250598077598423,-58.02775080056682
USDCHF,240,swing,1.0,154,0.37012987012987014,-0.1192800599689143,-18.369129235212803,95,-0.2769212405441945,-26.307517851698478,59,0.1345489596014521,7.938388616485675
USDCHF,240,swing,0.0,154,0.37662337662337664,-0.07763387015155533,-11.955616003339522,95,-0.23904623503818379,-22.70939232862746,59,0.18226739534386335,10.753776325287937
USDCHF,240,swing,2.0,154,0.36363636363636365,-0.15642192989202536,-24.088977203371904,95,-0.3103125543936136,-29.479692667393294,59,0.09136805871222699,5.390715464021392
USDCHF,240,rr5,1.0,154,0.37012987012987014,-0.10920421770504984,-16.817449526577676,95,-0.2835609272795179,-26.938288091554202,59,0.17153963669451736,10.120838564976523
USDCHF,240,rr5,0.0,154,0.37662337662337664,-0.07993146197102734,-12.309445143538209,95,-0.26261612421845176,-24.948531800752917,59,0.21422180774940178,12.639086657214705
USDCHF,240,rr5,2.0,154,0.36363636363636365,-0.14230997434030246,-21.91573604840658,95,-0.31308526637478973,-29.743100305605026,59,0.13266719079997363,7.827364257198445
