cell,depth,runner,frac,cost_mult,med_hold_bars,n,wr,avg,net,tr_n,tr_avg,tr_net,va_n,va_avg,va_net
d0-sess-b80,0.0,sess,0.8,1.0,0.0,4526,0.1643835616438356,-0.1010116354307928,-457.17866195976825,3013,-0.0754106848915159,-227.21239357813738,1513,-0.15199356799843414,-229.96626838163087
d0-sess-b50,0.0,sess,0.5,1.0,0.0,4526,0.1643835616438356,-0.06283201999827726,-284.37772251220287,3013,-0.040746213228943944,-122.7683404588081,1513,-0.10681386784758412,-161.60938205339477
d0-extBE-b80,0.0,extBE,0.8,1.0,2836.0,4526,0.1643835616438356,-0.09096528666944767,-411.70888746592016,3013,-0.059302706386259174,-178.6790543417989,1513,-0.15401839598421765,-233.0298331241213
d0-extBE-b50,0.0,extBE,0.5,1.0,2836.0,4526,0.1643835616438356,-0.03771614809491447,-170.7032862775829,3013,-0.00047626696580216094,-1.434992367961911,1513,-0.11187593781204286,-169.26829390962084
d0-extCh2-b80,0.0,extCh2,0.8,1.0,48.0,4526,0.1643835616438356,-0.10188737834080233,-461.14227437047134,3013,-0.0762227316243781,-229.65909038425121,1513,-0.15299615597238606,-231.4831839862201
d0-extCh2-b50,0.0,extCh2,0.5,1.0,48.0,4526,0.1643835616438356,-0.0650213772733011,-294.28675353896074,3013,-0.042776330061099474,-128.8850824740927,1513,-0.10932033778246397,-165.401671064868
d0-extCh3-b80,0.0,extCh3,0.8,1.0,119.5,4526,0.1643835616438356,-0.10250937301967636,-463.9574222870552,3013,-0.07577899280815137,-228.32210533096006,1513,-0.15574046064513888,-235.63531695609512
d0-extCh3-b50,0.0,extCh3,0.5,1.0,119.5,4526,0.1643835616438356,-0.06657636397048618,-301.3246233304204,3013,-0.04166698302053263,-125.54261984086482,1513,-0.11618109946434604,-175.78200348955556
d0-sess-b80@2x,0.0,sess,0.8,2.0,0.0,4526,0.16372072470172339,-0.24567071803794868,-1111.9056698397558,3013,-0.23940385163994574,-721.3238049911565,1513,-0.25815060465869094,-390.58186484859937
d0-sess-b50@2x,0.0,sess,0.5,2.0,0.0,4526,0.16349977905435262,-0.21465876592580288,-971.5455745801838,3013,-0.21147176682911178,-637.1644334561138,1513,-0.22100538078259752,-334.38114112407004
d0-extBE-b80@2x,0.0,extBE,0.8,2.0,2836.0,4526,0.16372072470172339,-0.23827911187521295,-1078.4512603472137,3013,-0.22889087632712468,-689.6482103736266,1513,-0.25697491736522604,-388.803049973587
d0-extBE-b50@2x,0.0,extBE,0.5,2.0,2836.0,4526,0.16349977905435262,-0.19617975051896344,-887.9095508488285,3013,-0.18518932854705916,-557.9754469122893,1513,-0.2180661625489354,-329.93410393653926
d0-extCh2-b80@2x,0.0,extCh2,0.8,2.0,48.0,4526,0.16372072470172339,-0.24659038591350968,-1116.0680866445448,3013,-0.24018754810253756,-723.6850824329457,1513,-0.2593410470664898,-392.3830042115991
d0-extCh2-b50@2x,0.0,extCh2,0.5,2.0,48.0,4526,0.16349977905435262,-0.2169579356147053,-981.9516165921563,3013,-0.21343100798559142,-643.0676270605869,1513,-0.22398148680209473,-338.88398953156934
d0-extCh3-b80@2x,0.0,extCh3,0.8,2.0,119.5,4526,0.16372072470172339,-0.24710234670432732,-1118.3852211837855,3013,-0.239789631254225,-722.4861589689799,1513,-0.26166494528407513,-395.89906221480567
d0-extCh3-b50@2x,0.0,extCh3,0.5,2.0,119.5,4526,0.16349977905435262,-0.2182378375917495,-987.7444529402583,3013,-0.2124362158648099,-640.0703184006722,1513,-0.2297912323460581,-347.6741345395859
d3-sess-b80,3.0,sess,0.8,1.0,0.0,3693,0.17140536149471974,-0.14016560870602301,-517.631592951343,2421,-0.13232749606545913,-320.36486797447657,1272,-0.15508390328370003,-197.26672497686644
d3-sess-b50,3.0,sess,0.5,1.0,0.0,3693,0.17140536149471974,-0.10089212386825466,-372.59461344546446,2421,-0.09495399401232012,-229.883619503827,1272,-0.11219417762707339,-142.71099394163735
d3-extBE-b80,3.0,extBE,0.8,1.0,3575.0,3693,0.17140536149471974,-0.12005026959961083,-443.3456456313628,2421,-0.1168612105941499,-282.92099084843693,1272,-0.12612001162179706,-160.42465478292587
d3-extBE-b50,3.0,extBE,0.5,1.0,3575.0,3693,0.17140536149471974,-0.050603776102224204,-186.879745145514,2421,-0.05628828033404707,-136.27392668872795,1272,-0.039784448472316054,-50.605818456786025
d3-extCh2-b80,3.0,extCh2,0.8,1.0,41.0,3693,0.17140536149471974,-0.14351049771135002,-529.9842680480157,2421,-0.13560182159675557,-328.29201008574523,1272,-0.1585630958822881,-201.69225796227045
d3-extCh2-b50,3.0,extCh2,0.5,1.0,41.0,3693,0.17140536149471974,-0.10925434638157216,-403.476301187146,2421,-0.10313980784056112,-249.70147478199848,1272,-0.12089215912354363,-153.7748264051475
d3-extCh3-b80,3.0,extCh3,0.8,1.0,110.0,3693,0.17140536149471974,-0.14454969619835914,-533.8220280605403,2421,-0.13481773888210674,-326.3937458335804,1272,-0.16307254892056602,-207.42828222696
d3-extCh3-b50,3.0,extCh3,0.5,1.0,110.0,3693,0.17140536149471974,-0.11185234259909504,-413.070701218458,2421,-0.10117960105393912,-244.95581415158662,1272,-0.13216579171923842,-168.1148870668713
d3-sess-b80@2x,3.0,sess,0.8,2.0,0.0,3693,0.1692391010018955,-0.2634243734466256,-972.8262111383883,2421,-0.2738015226909959,-662.8734864349011,1272,-0.2436735257102886,-309.9527247034871
d3-sess-b50@2x,3.0,sess,0.5,2.0,0.0,3693,0.1692391010018955,-0.23073051078384355,-852.0877763247343,2421,-0.2419293907598213,-585.7110550295274,1272,-0.20941566139560278,-266.3767212952067
d3-extBE-b80@2x,3.0,extBE,0.8,2.0,3575.0,3693,0.1692391010018955,-0.24603002024814316,-908.5888647763927,2421,-0.2613915232232546,-632.8288777234993,1272,-0.2167924426516457,-275.75998705289334
d3-extBE-b50@2x,3.0,extBE,0.5,2.0,3575.0,3693,0.16896831844029245,-0.18724462778763742,-691.494410419745,2421,-0.21090439209046788,-510.5995332510227,1272,-0.1422129537489954,-180.89487716872216
d3-extCh2-b80@2x,3.0,extCh2,0.8,2.0,41.0,3693,0.1692391010018955,-0.26644248474533544,-983.9720961645237,2421,-0.2764666690428979,-669.3258057528558,1272,-0.24736343585822954,-314.64629041166796
d3-extCh2-b50@2x,3.0,extCh2,0.5,2.0,41.0,3693,0.16896831844029245,-0.2382757890306181,-879.9524888900727,2421,-0.24859225663957618,-601.8418533244139,1272,-0.218640436765455,-278.11063556565875
d3-extCh3-b80@2x,3.0,extCh3,0.8,2.0,110.0,3693,0.1692391010018955,-0.26749774512417407,-987.8691727435748,2421,-0.27595160034139526,-668.0788244265179,1272,-0.2514075065385666,-319.7903483170567
d3-extCh3-b50@2x,3.0,extCh3,0.5,2.0,110.0,3693,0.16896831844029245,-0.24091393997771468,-889.6951803377003,2421,-0.24730458488581983,-598.7244000085698,1272,-0.2287506134662977,-290.97078032913066
d4-sess-b80,4.0,sess,0.8,1.0,0.0,3267,0.1753902662993572,-0.11884722459273213,-388.2738827444559,2142,-0.1383895376284213,-296.4303896000784,1125,-0.08163866057277996,-91.84349314437746
d4-sess-b50,4.0,sess,0.5,1.0,0.0,3267,0.1753902662993572,-0.08196920599981981,-267.79339600141134,2142,-0.10346901518582675,-221.6306305280409,1125,-0.04103356930966265,-46.16276547337048
d4-extBE-b80,4.0,extBE,0.8,1.0,3590.0,3267,0.1753902662993572,-0.10774140119484098,-351.99115770354547,2142,-0.12498405803114308,-267.71585230270847,1125,-0.07491138257852185,-84.27530540083708
d4-extBE-b50,4.0,extBE,0.5,1.0,3590.0,3267,0.1753902662993572,-0.05420464750509201,-177.0865833991356,2142,-0.06995531619263118,-149.84428728461597,1125,-0.02421537432401744,-27.24229611451962
d4-extCh2-b80,4.0,extCh2,0.8,1.0,45.0,3267,0.1753902662993572,-0.12319328194704236,-402.4724521209874,2142,-0.14326835940263105,-306.8808258404357,1125,-0.08497033447160149,-95.59162628055168
d4-extCh2-b50,4.0,extCh2,0.5,1.0,45.0,3267,0.1753902662993572,-0.0928343493855954,-303.28981944274017,2142,-0.11566606962135115,-247.75672112893415,1125,-0.04936275405671649,-55.53309831380605
d4-extCh3-b80,4.0,extCh3,0.8,1.0,110.0,3267,0.1753902662993572,-0.12541825955355043,-409.7414539614493,2142,-0.14290708083963605,-306.1069671585004,1125,-0.0921195438248434,-103.63448680294883
d4-extCh3-b50,4.0,extCh3,0.5,1.0,110.0,3267,0.1753902662993572,-0.09839679340186559,-321.4623240438949,2142,-0.11476287321386368,-245.822074424096,1125,-0.06723577743982129,-75.64024961979895
d4-sess-b80@2x,4.0,sess,0.8,2.0,0.0,3264,0.1721813725490196,-0.2448804497477751,-799.2897879767379,2139,-0.2790537796351273,-596.8960346395372,1125,-0.17990555852195614,-202.39375333720065
d4-sess-b50@2x,4.0,sess,0.5,2.0,0.0,3264,0.1715686274509804,-0.2158899991753093,-704.6649573082095,2139,-0.2507827926143676,-536.4243934021323,1125,-0.1495471679165131,-168.24056390607723
d4-extBE-b80@2x,4.0,extBE,0.8,2.0,3618.0,3264,0.1721813725490196,-0.23702338649545746,-773.6443335211732,2139,-0.27002746430472646,-577.5887461478098,1125,-0.17427163322076744,-196.05558737336338
d4-extBE-b50@2x,4.0,extBE,0.5,2.0,3618.0,3264,0.1715686274509804,-0.19624734104451527,-640.5513211692978,2139,-0.22821700428836553,-488.15617217281385,1125,-0.13546235466354134,-152.395148996484
d4-extCh2-b80@2x,4.0,extCh2,0.8,2.0,45.5,3264,0.1721813725490196,-0.24863948865092955,-811.5592909566341,2139,-0.28307686181901714,-605.5014074308776,1125,-0.18316256313400567,-206.05788352575638
d4-extCh2-b50@2x,4.0,extCh2,0.5,2.0,45.5,3264,0.1715686274509804,-0.22528759643319538,-735.3387147579497,2139,-0.2608404980740922,-557.9378253804832,1125,-0.15768967944663684,-177.40088937746646
d4-extCh3-b80@2x,4.0,extCh3,0.8,2.0,110.5,3264,0.1721813725490196,-0.2507707831349604,-818.5158361525106,2139,-0.2828740121857959,-605.0675120654174,1125,-0.18973184363297166,-213.4483240870931
d4-extCh3-b50@2x,4.0,extCh3,0.5,2.0,110.5,3264,0.1715686274509804,-0.23061583264327234,-752.730077747641,2139,-0.2603333739910391,-556.8530869668327,1125,-0.1741128806940519,-195.8769907808084
d5-sess-b80,5.0,sess,0.8,1.0,0.0,2922,0.18446269678302532,-0.15701498354627294,-458.79778192220954,1915,-0.1890452330924189,-362.02162137198223,1007,-0.09610343649476391,-96.77616055022726
d5-sess-b50,5.0,sess,0.5,1.0,0.0,2922,0.18446269678302532,-0.12203775050857434,-356.5943069860542,1915,-0.16140890182097237,-309.0980469871621,1007,-0.04716609731766853,-47.49625999889221
d5-extBE-b80,5.0,extBE,0.8,1.0,3969.0,2922,0.18446269678302532,-0.133236694867499,-389.3176224028321,1915,-0.17894293649160695,-342.6757233814273,1007,-0.046317675294344406,-46.64189902140482
d5-extBE-b50,5.0,extBE,0.5,1.0,3969.0,2922,0.1841204654346338,-0.06259202881163954,-182.89390818761072,1915,-0.13615316031894237,-260.73330201077465,1007,0.07729830568338031,77.83939382316397
d5-extCh2-b80,5.0,extCh2,0.8,1.0,42.0,2922,0.18446269678302532,-0.15946668418829443,-465.96165119819636,1915,-0.19406327422836356,-371.6311701473162,1007,-0.0936747577466536,-94.33048105088017
d5-extCh2-b50,5.0,extCh2,0.5,1.0,42.0,2922,0.1841204654346338,-0.12816700211362816,-374.5039801760215,1915,-0.17395400466083394,-333.12191892549697,1007,-0.04109440044739272,-41.38206125052447
d5-extCh3-b80,5.0,extCh3,0.8,1.0,113.5,2922,0.18446269678302532,-0.16040484463283816,-468.7029560171531,1915,-0.19413296428797897,-371.76462661147974,1007,-0.09626447805925852,-96.93832940567333
d5-extCh3-b50,5.0,extCh3,0.5,1.0,113.5,2922,0.1841204654346338,-0.1305124032249874,-381.35724222341315,1915,-0.1741282298098725,-333.45556008590586,1007,-0.04756870122890496,-47.901682137507294
d5-sess-b80@2x,5.0,sess,0.8,2.0,0.0,2917,0.17929379499485773,-0.2725839309418548,-795.1273265573905,1911,-0.31664884797087134,-605.1159484723352,1006,-0.1888781094284843,-190.01137808505518
d5-sess-b50@2x,5.0,sess,0.5,2.0,0.0,2917,0.17860815906753513,-0.24476230504356855,-713.9716438120895,1911,-0.29345816164390465,-560.7985469015018,1006,-0.15225953967255232,-153.17309691058765
d5-extBE-b80@2x,5.0,extBE,0.8,2.0,3969.0,2917,0.17929379499485773,-0.2514795941481499,-733.5659761301533,1911,-0.3071261043809614,-586.9179854720172,1006,-0.1457733505548073,-146.64799065813614
d5-extBE-b50@2x,5.0,extBE,0.5,2.0,3969.0,2917,0.17826534110387385,-0.1920014630593064,-560.0682677439968,1911,-0.2696513026691297,-515.3036394007069,1006,-0.044497642488359745,-44.76462834328991
d5-extCh2-b80@2x,5.0,extCh2,0.8,2.0,42.0,2917,0.17929379499485773,-0.2746585289097975,-801.1789288298793,1911,-0.3208960201317707,-613.2322944718138,1006,-0.18682568027640709,-187.94663435806552
d5-extCh2-b50@2x,5.0,extCh2,0.5,2.0,42.0,2917,0.17826534110387385,-0.24994879996342534,-729.1006494933117,1911,-0.30407609204615293,-581.0894119001982,1006,-0.14712846679235933,-148.0112375931135
d5-extCh3-b80@2x,5.0,extCh3,0.8,2.0,111.5,2917,0.17929379499485773,-0.275420637961776,-803.4020009345006,1911,-0.32091312985568543,-613.2649911542148,1006,-0.1890029918293098,-190.13700978028567
d5-extCh3-b50@2x,5.0,extCh3,0.5,2.0,111.5,2917,0.17826534110387385,-0.25185407259337156,-734.6583297548648,1911,-0.3041188663559398,-581.171153606201,1006,-0.1525717456746161,-153.4871761486638
