variant,baseline,qual,sel,t1_mode,runner,max_attempts,n,wr,avg_r,med_r,net_r,pf,maxdd_r,loss_streak,t1_hit_rate,avg_rr_at_t1,t1_fallback_rate,n_long,net_long,n_short,net_short,tr_net,ho_net,tr_avg,ho_avg,r_p10,r_p25,r_p50,r_p75,r_p90,r_max,pct_r_ge2,pct_r_ge3,pct_r_ge5,att1_n,att1_net,att2_n,att2_net,att3_n,att3_net,tod_asia_n,tod_asia_net,tod_london_n,tod_london_net,tod_ny_n,tod_ny_net,y2008,y2009,y2010,y2011,y2012,y2013,y2014,y2015,y2016,y2017,y2018,y2019,y2020,y2021,y2022,y2023,y2024,y2025,y2026,avg_r_2x,net_r_2x,ho_net_2x,avg_r_3x,net_r_3x,verdict,failed
Qclose-Srecent-T1m1k5-Rsess-A1,0,close,recent,m1k5,sess,1,4138,0.1909,-0.1238,-1.0000,-512.2750,0.8474,-575.6452,35,0.1781,3.8006,0.0010,1919,-127.6019,2219,-384.6731,-393.3352,-118.9398,-0.1103,-0.2076,-1.0000,-1.0000,-1.0000,-1.0000,2.6183,22.3000,0.1254,0.0894,0.0437,4138,-512.2750,0,0.0000,0,0.0000,1808,-211.1315,1035,-221.2531,1295,-79.8904,-28.3600,-19.1800,8.7500,35.4800,36.4200,23.2200,-26.8100,-23.0800,-44.7200,-71.1900,-65.8100,-108.5600,19.4300,-52.2900,-18.0200,-58.6100,-3.5700,-85.5700,-29.8000,-0.2976,-1231.5840,-174.4146,-0.4063,-1681.4280,reject,"avg>=0.05,train+,holdout+,2x_cost_avg>0"
Qclose-Srecent-T1m1k5-Rsess-A3,1,close,recent,m1k5,sess,3,11131,0.2011,-0.1677,-1.0000,-1866.2568,0.7905,-1928.3815,53,0.1890,3.3396,0.0078,5054,-699.7138,6077,-1166.5430,-1593.1305,-273.1263,-0.1663,-0.1762,-1.0000,-1.0000,-1.0000,-1.0000,2.3148,38.8361,0.1118,0.0780,0.0367,4051,-484.9840,3687,-684.8197,3393,-696.4531,4568,-745.7767,2993,-749.4403,3570,-371.0398,-43.1100,-165.4900,-83.3600,-31.5900,0.3600,77.4400,-75.3200,-94.9200,-121.3600,-162.7400,-161.1900,-269.1600,-69.0400,-97.4800,-98.2500,-197.9300,-93.8000,-155.0700,-24.2600,-0.3358,-3737.2112,-430.7209,-0.4390,-4885.8962,reject,"avg>=0.05,train+,holdout+,2x_cost_avg>0"
Qclose-Srecent-T1m1k5-Rnone-A1,0,close,recent,m1k5,none,1,4209,0.1917,-0.1461,-1.0000,-614.9409,0.8197,-644.5359,35,0.1782,3.7956,0.0010,1953,-209.0213,2256,-405.9196,-498.6613,-116.2797,-0.1374,-0.2005,-1.0000,-1.0000,-1.0000,-1.0000,2.8493,17.3121,0.1388,0.0943,0.0385,4209,-614.9409,0,0.0000,0,0.0000,1812,-273.6307,1045,-245.7128,1352,-95.5973,-16.1500,-26.5000,17.3600,22.1200,6.2200,10.5700,-45.1700,-13.7400,-62.8200,-62.7000,-73.8200,-100.7700,4.0100,-64.7600,-28.3400,-64.1700,3.3800,-84.3500,-35.3100,-0.3141,-1322.1588,-173.2645,-0.4197,-1766.6959,reject,"avg>=0.05,train+,holdout+,2x_cost_avg>0"
Qclose-Srecent-T1m1k5-Rnone-A3,0,close,recent,m1k5,none,3,11700,0.2026,-0.1823,-1.0000,-2132.9800,0.7718,-2223.3087,53,0.1895,3.3472,0.0103,5351,-863.5395,6349,-1269.4404,-1811.8816,-321.0984,-0.1797,-0.1986,-1.0000,-1.0000,-1.0000,-1.0000,2.5333,41.2071,0.1244,0.0797,0.0315,4209,-614.9409,3871,-841.3819,3620,-676.6571,4652,-887.1235,3063,-812.4762,3985,-433.3803,-4.1600,-142.4200,-87.2500,-15.2200,-68.9100,55.8400,-106.8200,-83.4900,-126.8200,-175.8100,-206.7000,-286.1900,-127.1900,-129.8000,-112.9400,-193.9700,-110.4900,-176.1300,-34.4800,-0.3486,-4078.3373,-481.7007,-0.4498,-5262.7636,reject,"avg>=0.05,train+,holdout+,2x_cost_avg>0"
Qclose-Srecent-T1m1k5-Rchand-A1,0,close,recent,m1k5,chand,1,4206,0.1914,-0.1482,-1.0000,-623.1956,0.8172,-649.9849,35,0.1781,3.7906,0.0010,1952,-201.4806,2254,-421.7150,-505.7554,-117.4402,-0.1395,-0.2025,-1.0000,-1.0000,-1.0000,-1.0000,2.8182,17.0864,0.1348,0.0937,0.0409,4206,-623.1956,0,0.0000,0,0.0000,1812,-289.6796,1045,-234.2246,1349,-99.2913,-19.7400,-24.4200,13.0700,24.7300,7.5400,16.4000,-36.7700,-14.2700,-65.0900,-68.5200,-73.5600,-104.9200,2.9600,-67.9900,-31.6100,-63.5600,3.7000,-85.2800,-35.8600,-0.3161,-1329.6542,-175.0542,-0.4215,-1772.7352,reject,"avg>=0.05,train+,holdout+,2x_cost_avg>0"
Qclose-Srecent-T1m1k5-Rchand-A3,0,close,recent,m1k5,chand,3,11673,0.2022,-0.1855,-1.0000,-2164.9654,0.7680,-2262.7550,53,0.1891,3.3366,0.0080,5344,-861.1376,6329,-1303.8278,-1835.1558,-329.8096,-0.1825,-0.2042,-1.0000,-1.0000,-1.0000,-1.0000,2.5070,40.0546,0.1210,0.0798,0.0330,4205,-630.6660,3867,-832.7918,3601,-701.5076,4637,-920.0865,3056,-793.3494,3980,-451.5294,-0.5300,-152.3300,-100.4300,-32.2300,-58.8000,68.3900,-102.3100,-84.4100,-139.7200,-185.8000,-192.4200,-286.8100,-110.4800,-133.0800,-117.6400,-206.5400,-114.6200,-182.7900,-32.4000,-0.3508,-4094.3899,-487.4998,-0.4520,-5275.8024,reject,"avg>=0.05,train+,holdout+,2x_cost_avg>0"
Qclose-Srecent-T1m15k2-Rsess-A1,0,close,recent,m15k2,sess,1,4134,0.1292,-0.0889,-1.0000,-367.5648,0.8981,-472.0965,48,0.0982,6.8752,0.0000,1918,-10.7474,2216,-356.8174,-264.2281,-103.3367,-0.0742,-0.1810,-1.0000,-1.0000,-1.0000,-1.0000,3.0035,28.3843,0.1161,0.1001,0.0651,4134,-367.5648,0,0.0000,0,0.0000,1808,-221.3005,1034,-159.3280,1292,13.0637,-63.9300,3.5500,-4.2600,34.0300,37.2400,34.9300,19.4700,-3.4600,-26.7200,-72.3400,-55.1400,-113.2200,48.9900,-40.5300,-34.5500,-28.2700,33.6400,-99.9100,-37.0700,-0.2696,-1114.4228,-162.2166,-0.3822,-1579.8632,reject,"avg>=0.05,train+,holdout+,2x_cost_avg>0"
Qclose-Srecent-T1m15k2-Rsess-A3,0,close,recent,m15k2,sess,3,11022,0.1215,-0.1366,-1.0000,-1505.4315,0.8449,-1568.5519,76,0.0919,6.9164,0.0001,4994,-470.2869,6028,-1035.1446,-1317.3645,-188.0670,-0.1387,-0.1236,-1.0000,-1.0000,-1.0000,-1.0000,2.4356,43.5229,0.1073,0.0928,0.0628,4031,-352.0990,3650,-603.6252,3341,-549.7072,4528,-636.7529,2965,-652.9467,3529,-215.7319,-61.6000,-158.0800,-125.6600,-72.1100,4.6500,120.2400,-27.5300,-60.6800,-73.9000,-143.3300,-121.8900,-226.1200,-22.2200,-63.7800,-93.5000,-191.8600,-67.0800,-112.6100,-8.3700,-0.3078,-3392.5099,-338.5199,-0.4140,-4562.7260,reject,"avg>=0.05,train+,holdout+,2x_cost_avg>0"
Qclose-Srecent-T1m15k2-Rnone-A1,0,close,recent,m15k2,none,1,4209,0.1297,-0.1044,-1.0000,-439.4222,0.8803,-513.0553,48,0.0979,6.8595,0.0000,1953,-79.1114,2256,-360.3108,-329.5642,-109.8580,-0.0908,-0.1894,-1.0000,-1.0000,-1.0000,-1.0000,3.2131,25.8823,0.1181,0.1031,0.0679,4209,-439.4222,0,0.0000,0,0.0000,1812,-277.2999,1045,-156.5921,1352,-5.5302,-58.3000,-7.6000,5.8200,21.8700,10.4700,25.5400,13.1900,19.4300,-39.3100,-62.1000,-60.1300,-103.8200,33.7500,-49.3900,-47.9600,-31.0300,43.7200,-107.6500,-45.9400,-0.2816,-1185.4215,-170.3879,-0.3921,-1650.4456,reject,"avg>=0.05,train+,holdout+,2x_cost_avg>0"
Qclose-Srecent-T1m15k2-Rnone-A3,0,close,recent,m15k2,none,3,11546,0.1228,-0.1556,-1.0000,-1796.6360,0.8230,-1877.6435,76,0.0904,6.8722,0.0002,5269,-627.9642,6277,-1168.6718,-1582.4878,-214.1482,-0.1590,-0.1344,-1.0000,-1.0000,-1.0000,-1.0000,2.7038,47.0657,0.1090,0.0962,0.0631,4209,-439.4222,3820,-720.6142,3517,-636.5995,4558,-730.9597,3027,-722.1209,3961,-343.5554,-42.7900,-140.5700,-145.6900,-83.5100,-40.6200,95.8300,-48.0900,-31.9400,-110.6800,-164.3800,-150.8100,-230.6000,-58.1100,-99.2100,-132.5900,-198.7300,-64.8900,-140.7200,-8.5300,-0.3228,-3727.3442,-368.7575,-0.4265,-4924.1432,reject,"avg>=0.05,train+,holdout+,2x_cost_avg>0"
Qclose-Srecent-T1m15k2-Rchand-A1,0,close,recent,m15k2,chand,1,4205,0.1294,-0.1061,-1.0000,-445.9759,0.8785,-523.7072,48,0.0975,6.8709,0.0000,1951,-78.3638,2254,-367.6121,-338.3578,-107.6180,-0.0933,-0.1855,-1.0000,-1.0000,-1.0000,-1.0000,3.1836,27.5313,0.1170,0.1030,0.0668,4205,-445.9759,0,0.0000,0,0.0000,1812,-291.9633,1045,-145.0697,1348,-8.9429,-60.6800,-10.9500,2.7700,26.9000,14.1400,28.6500,12.1600,22.6900,-40.5700,-61.0500,-62.8800,-109.8300,33.9100,-52.7300,-48.3200,-32.5700,44.2000,-105.0100,-46.8100,-0.2829,-1189.5205,-168.2701,-0.3931,-1653.1380,reject,"avg>=0.05,train+,holdout+,2x_cost_avg>0"
Qclose-Srecent-T1m15k2-Rchand-A3,0,close,recent,m15k2,chand,3,11532,0.1229,-0.1574,-1.0000,-1814.7876,0.8210,-1892.0071,76,0.0904,6.8645,0.0003,5263,-623.1299,6269,-1191.6577,-1601.6199,-213.1677,-0.1611,-0.1338,-1.0000,-1.0000,-1.0000,-1.0000,2.6734,45.5934,0.1083,0.0960,0.0631,4204,-448.2380,3816,-729.6069,3512,-636.9427,4556,-765.8914,3029,-682.3477,3947,-366.5485,-44.6000,-145.3000,-148.3900,-76.9500,-45.6000,101.0400,-46.7500,-49.9700,-106.2900,-164.4500,-142.4500,-229.1700,-60.8000,-105.1400,-133.2500,-203.5500,-65.1800,-136.5500,-11.4400,-0.3244,-3740.5364,-367.3132,-0.4279,-4933.6475,reject,"avg>=0.05,train+,holdout+,2x_cost_avg>0"
Qclose-Srecent-T1rr3-Rsess-A1,0,close,recent,rr3,sess,1,4139,0.2225,-0.1564,-1.0000,-647.2275,0.7992,-656.8702,28,0.2172,3.0000,0.0000,1919,-148.8673,2220,-498.3602,-532.4840,-114.7435,-0.1493,-0.2006,-1.0000,-1.0000,-1.0000,-1.0000,2.2378,17.3512,0.1870,0.0544,0.0169,4139,-647.2275,0,0.0000,0,0.0000,1808,-333.9198,1034,-194.9576,1297,-118.3501,-17.6100,-32.5400,-2.3500,-17.0400,12.3000,6.6700,-18.3000,-53.1700,-56.6200,-65.3200,-86.9100,-97.6700,-9.6900,-39.8300,-34.6500,-19.7600,-9.6100,-65.6600,-39.4800,-0.3131,-1295.4347,-163.6286,-0.4066,-1681.2805,reject,"avg>=0.05,train+,holdout+,2x_cost_avg>0"
Qclose-Srecent-T1rr3-Rsess-A3,0,close,recent,rr3,sess,3,11138,0.2183,-0.1763,-1.0000,-1963.3961,0.7749,-1975.1700,32,0.2136,3.0000,0.0000,5059,-656.8295,6079,-1306.5666,-1729.8195,-233.5766,-0.1802,-0.1517,-1.0000,-1.0000,-1.0000,-1.0000,2.2284,18.0775,0.1786,0.0531,0.0168,4045,-642.1464,3689,-647.7205,3404,-673.5293,4578,-919.1714,2987,-597.1056,3573,-447.1191,-26.7800,-190.1100,-103.6200,-46.3500,-12.1900,29.3900,-93.5700,-147.4100,-134.3400,-187.5200,-200.4700,-237.5000,-72.4700,-80.3800,-79.4900,-147.0100,-79.0600,-115.8200,-38.7000,-0.3328,-3691.2589,-387.0441,-0.4347,-4810.3288,reject,"avg>=0.05,train+,holdout+,2x_cost_avg>0"
Qclose-Srecent-T1rr3-Rnone-A1,0,close,recent,rr3,none,1,4208,0.2227,-0.1792,-1.0000,-754.1457,0.7698,-766.1094,28,0.2174,3.0000,0.0000,1953,-215.4538,2255,-538.6918,-633.9927,-120.1530,-0.1747,-0.2072,-1.0000,-1.0000,-1.0000,-1.0000,2.7747,2.9950,0.2184,0.0000,0.0000,4208,-754.1457,0,0.0000,0,0.0000,1812,-385.1670,1044,-208.8829,1352,-160.0958,-3.9700,-49.9600,8.9800,-15.9800,-16.6700,-8.5300,-34.1800,-50.7100,-73.5300,-62.6000,-101.1500,-90.9400,-24.2400,-37.2500,-50.0600,-23.2000,-3.3200,-67.6600,-49.1700,-0.3278,-1379.1809,-171.5753,-0.4200,-1767.2498,reject,"avg>=0.05,train+,holdout+,2x_cost_avg>0"
Qclose-Srecent-T1rr3-Rnone-A3,0,close,recent,rr3,none,3,11833,0.2196,-0.1923,-1.0000,-2275.1568,0.7541,-2303.2537,32,0.2146,3.0000,0.0000,5434,-835.1074,6399,-1440.0494,-2028.7387,-246.4180,-0.1988,-0.1514,-1.0000,-1.0000,-1.0000,-1.0000,2.7625,2.9950,0.2152,0.0000,0.0000,4208,-754.1457,3919,-764.2148,3706,-756.7963,4730,-1083.9669,3085,-654.5782,4018,-536.6116,-49.1800,-188.8000,-79.7200,-49.1500,-70.4600,2.5900,-128.8200,-142.9900,-166.5200,-203.9200,-236.6600,-261.1000,-109.7300,-104.3800,-99.1700,-140.7400,-107.9500,-100.1500,-38.3200,-0.3470,-4089.8285,-417.9871,-0.4463,-5231.4719,reject,"avg>=0.05,train+,holdout+,2x_cost_avg>0"
Qclose-Srecent-T1rr3-Rchand-A1,0,close,recent,rr3,chand,1,4206,0.2223,-0.1805,-1.0000,-759.3123,0.7682,-769.2479,28,0.2168,3.0000,0.0000,1952,-219.9491,2254,-539.3632,-641.4651,-117.8472,-0.1769,-0.2032,-1.0000,-1.0000,-1.0000,-1.0000,2.6696,8.5628,0.2068,0.0537,0.0019,4206,-759.3123,0,0.0000,0,0.0000,1812,-408.4605,1044,-206.8757,1350,-143.9761,-9.9600,-46.0900,1.8300,-12.2700,-13.6900,-2.1400,-26.5200,-46.3500,-75.1200,-68.7800,-95.3800,-94.7600,-29.0400,-44.8400,-52.5900,-25.7600,-3.8000,-67.6500,-46.3900,-0.3311,-1392.6768,-170.3246,-0.4224,-1776.7802,reject,"avg>=0.05,train+,holdout+,2x_cost_avg>0"
Qclose-Srecent-T1rr3-Rchand-A3,0,close,recent,rr3,chand,3,11765,0.2222,-0.1847,-1.0000,-2172.5301,0.7630,-2214.1275,32,0.2167,3.0000,0.0000,5398,-749.3854,6367,-1423.1447,-1908.7825,-263.7476,-0.1881,-0.1629,-1.0000,-1.0000,-1.0000,-1.0000,2.6382,9.3960,0.2038,0.0511,0.0026,4205,-760.1787,3903,-729.5906,3657,-682.7608,4684,-1057.1161,3073,-612.8565,4008,-502.5575,-14.5000,-185.4900,-97.3200,-25.4500,-54.6600,21.9800,-115.2700,-145.1900,-149.1800,-220.0600,-217.4000,-260.1000,-105.8900,-102.8500,-96.0400,-141.3700,-97.6300,-125.1400,-40.9700,-0.3433,-4026.6895,-440.6592,-0.4453,-5204.2887,reject,"avg>=0.05,train+,holdout+,2x_cost_avg>0"
Qclose-Srecent-T1rr5-Rsess-A1,0,close,recent,rr5,sess,1,4134,0.1575,-0.1232,-1.0000,-509.1226,0.8541,-529.5409,32,0.1405,5.0000,0.0000,1918,-78.7319,2216,-430.3907,-412.0358,-97.0868,-0.1156,-0.1700,-1.0000,-1.0000,-1.0000,-1.0000,3.7464,18.9512,0.1490,0.1439,0.0433,4134,-509.1226,0,0.0000,0,0.0000,1808,-284.2113,1034,-174.0392,1292,-50.8721,-11.9100,-19.1200,-24.9500,19.7700,-1.7300,15.4900,-0.9900,-18.1200,-36.0200,-82.5400,-66.3300,-100.9700,23.9800,-50.6800,-23.1800,-34.7300,3.5000,-61.0700,-39.5200,-0.2684,-1109.1796,-142.1639,-0.3792,-1567.2442,reject,"avg>=0.05,train+,holdout+,2x_cost_avg>0"
Qclose-Srecent-T1rr5-Rsess-A3,0,close,recent,rr5,sess,3,11032,0.1523,-0.1548,-1.0000,-1707.7827,0.8177,-1765.5537,43,0.1358,5.0000,0.0000,5000,-574.9175,6032,-1132.8652,-1485.6526,-222.1301,-0.1562,-0.1459,-1.0000,-1.0000,-1.0000,-1.0000,3.7100,24.1047,0.1438,0.1396,0.0423,4033,-489.4556,3654,-567.2562,3345,-651.0709,4538,-774.1156,2971,-625.0151,3523,-308.6520,25.0200,-162.8600,-137.3500,-11.8400,-55.9100,55.5200,-77.4900,-114.6600,-100.2100,-161.4300,-153.3600,-212.2000,-33.1600,-92.0700,-74.1000,-179.5600,-80.9500,-102.2300,-38.9400,-0.3092,-3405.3409,-373.7045,-0.4141,-4556.6352,reject,"avg>=0.05,train+,holdout+,2x_cost_avg>0"
Qclose-Srecent-T1rr5-Rnone-A1,0,close,recent,rr5,none,1,4208,0.1580,-0.1465,-1.0000,-616.2944,0.8264,-653.4552,32,0.1404,5.0000,0.0000,1953,-155.7781,2255,-460.5163,-512.1091,-104.1853,-0.1412,-0.1796,-1.0000,-1.0000,-1.0000,-1.0000,4.6667,4.9950,0.1492,0.1438,0.0000,4208,-616.2944,0,0.0000,0,0.0000,1812,-346.9160,1044,-199.1398,1352,-70.2386,6.7700,-35.1200,-13.9500,17.3900,-39.1900,-0.7700,-12.9200,-4.9700,-51.2200,-81.8500,-74.3800,-91.4500,6.5800,-62.5700,-34.7100,-39.7400,7.0000,-61.7400,-49.4500,-0.2809,-1181.5752,-146.4690,-0.3882,-1632.9073,reject,"avg>=0.05,train+,holdout+,2x_cost_avg>0"
Qclose-Srecent-T1rr5-Rnone-A3,0,close,recent,rr5,none,3,11644,0.1546,-0.1678,-1.0000,-1953.4671,0.8019,-2037.2950,43,0.1366,5.0000,0.0000,5325,-687.8170,6319,-1265.6501,-1687.0781,-266.3890,-0.1679,-0.1669,-1.0000,-1.0000,-1.0000,-1.0000,4.6401,4.9950,0.1452,0.1403,0.0000,4208,-616.2944,3855,-668.6568,3581,-668.5159,4614,-912.8913,3057,-653.8651,3973,-386.7107,48.2400,-164.7200,-154.5700,-19.9600,-81.6100,46.4300,-120.2800,-95.5700,-103.7400,-183.1200,-180.1000,-206.7600,-58.8800,-131.5800,-97.5600,-183.3000,-90.5600,-124.1700,-51.6600,-0.3207,-3718.3662,-429.7836,-0.4219,-4872.3079,reject,"avg>=0.05,train+,holdout+,2x_cost_avg>0"
Qclose-Srecent-T1rr5-Rchand-A1,0,close,recent,rr5,chand,1,4205,0.1577,-0.1491,-1.0000,-627.1657,0.8232,-657.7271,32,0.1403,5.0000,0.0000,1952,-163.0676,2253,-464.0982,-525.2069,-101.9588,-0.1449,-0.1758,-1.0000,-1.0000,-1.0000,-1.0000,4.3767,10.1628,0.1489,0.1436,0.0326,4205,-627.1657,0,0.0000,0,0.0000,1812,-359.9967,1043,-193.4321,1350,-73.7370,-1.4300,-32.5900,-19.6700,19.5200,-34.0700,8.7800,-11.0500,-7.3300,-50.6600,-84.1800,-75.3200,-95.7600,3.3000,-66.0200,-38.3800,-40.3500,7.6500,-63.0000,-46.6000,-0.2865,-1204.5745,-143.5198,-0.3927,-1650.1167,reject,"avg>=0.05,train+,holdout+,2x_cost_avg>0"
Qclose-Srecent-T1rr5-Rchand-A3,0,close,recent,rr5,chand,3,11614,0.1548,-0.1684,-1.0000,-1955.8767,0.8011,-2047.0735,43,0.1371,5.0000,0.0000,5317,-695.1214,6297,-1260.7553,-1678.9598,-276.9169,-0.1676,-0.1737,-1.0000,-1.0000,-1.0000,-1.0000,4.3162,10.9960,0.1453,0.1407,0.0313,4204,-632.1460,3848,-682.8547,3562,-640.8760,4598,-909.9610,3049,-639.5244,3967,-406.3913,56.6300,-156.9600,-148.2200,-16.6100,-78.8100,64.3900,-111.4600,-108.4500,-107.4300,-192.7400,-171.0000,-215.5500,-74.8200,-125.8500,-108.6500,-183.4300,-95.7800,-134.4700,-46.6600,-0.3202,-3707.6887,-426.6391,-0.4243,-4894.7595,reject,"avg>=0.05,train+,holdout+,2x_cost_avg>0"
Qclose-Sfirst-T1m1k5-Rsess-A1,0,close,first,m1k5,sess,1,4137,0.2004,-0.1169,-1.0000,-483.6660,0.8541,-559.1414,35,0.1866,3.6365,0.0012,1919,-133.8643,2218,-349.8017,-370.0864,-113.5797,-0.1038,-0.1982,-1.0000,-1.0000,-1.0000,-1.0000,2.6436,19.9252,0.1267,0.0897,0.0416,4137,-483.6660,0,0.0000,0,0.0000,1807,-196.3172,1034,-213.8462,1296,-73.5027,-17.4800,-15.9400,12.0400,35.0500,39.0200,11.4300,-18.2300,-23.6600,-39.9500,-73.7500,-61.0700,-102.0800,12.9000,-53.9100,-17.1600,-57.3000,-2.4100,-80.9600,-30.2100,-0.2872,-1188.1500,-166.8943,-0.3955,-1636.1096,reject,"avg>=0.05,train+,holdout+,2x_cost_avg>0"
Qclose-Sfirst-T1m1k5-Rsess-A3,0,close,first,m1k5,sess,3,11078,0.2109,-0.1524,-1.0000,-1687.7433,0.8072,-1734.7541,53,0.1981,3.2044,0.0100,5029,-638.3185,6049,-1049.4248,-1460.1598,-227.5835,-0.1531,-0.1480,-1.0000,-1.0000,-1.0000,-1.0000,2.3245,38.8361,0.1136,0.0779,0.0359,4042,-454.0567,3666,-718.9554,3370,-514.7312,4532,-635.2721,2974,-721.1947,3572,-331.2766,-37.3300,-157.5400,-75.7700,-39.2600,6.5700,84.5300,-53.7000,-74.9900,-99.0800,-156.6900,-161.0100,-250.6600,-56.4600,-113.7800,-111.5600,-163.4200,-81.2600,-120.6500,-25.6800,-0.3200,-3544.1005,-384.5410,-0.4226,-4679.3002,reject,"avg>=0.05,train+,holdout+,2x_cost_avg>0"
Qclose-Sfirst-T1m1k5-Rnone-A1,0,close,first,m1k5,none,1,4209,0.2012,-0.1340,-1.0000,-563.8363,0.8326,-613.3950,35,0.1865,3.6344,0.0012,1953,-197.7252,2256,-366.1112,-455.7027,-108.1337,-0.1256,-0.1864,-1.0000,-1.0000,-1.0000,-1.0000,2.8348,17.3121,0.1397,0.0941,0.0364,4209,-563.8363,0,0.0000,0,0.0000,1811,-239.7242,1045,-232.5246,1353,-91.5875,-4.2600,-23.8800,21.4100,23.5200,9.2800,3.7400,-32.8600,-14.0400,-56.9600,-65.8700,-70.3600,-94.9500,-2.8400,-62.7500,-22.0800,-62.7900,4.5600,-79.0600,-33.6300,-0.3000,-1262.7672,-162.9860,-0.4061,-1709.3246,reject,"avg>=0.05,train+,holdout+,2x_cost_avg>0"
Qclose-Sfirst-T1m1k5-Rnone-A3,0,close,first,m1k5,none,3,11672,0.2121,-0.1710,-1.0000,-1996.0832,0.7833,-2075.8482,53,0.1982,3.2129,0.0124,5334,-817.4817,6338,-1178.6015,-1717.4405,-278.6427,-0.1707,-0.1731,-1.0000,-1.0000,-1.0000,-1.0000,2.5328,41.2071,0.1253,0.0786,0.0296,4209,-563.8363,3857,-886.2502,3606,-545.9966,4625,-790.4486,3056,-795.2438,3991,-410.3908,5.5300,-134.0200,-92.8300,-23.0200,-47.3900,41.9000,-92.1400,-70.3900,-118.8900,-169.0000,-205.1000,-274.3500,-109.3300,-137.8800,-115.1100,-175.4200,-90.7500,-152.0400,-35.8600,-0.3362,-3923.5616,-438.6236,-0.4366,-5095.6487,reject,"avg>=0.05,train+,holdout+,2x_cost_avg>0"
Qclose-Sfirst-T1m1k5-Rchand-A1,0,close,first,m1k5,chand,1,4206,0.2009,-0.1376,-1.0000,-578.8516,0.8281,-621.9524,35,0.1864,3.6295,0.0012,1952,-192.7678,2254,-386.0838,-467.8014,-111.0502,-0.1290,-0.1915,-1.0000,-1.0000,-1.0000,-1.0000,2.8182,17.0864,0.1367,0.0932,0.0378,4206,-578.8516,0,0.0000,0,0.0000,1811,-259.6333,1045,-225.2982,1350,-93.9202,-7.9800,-21.8400,16.8800,23.2700,10.2500,6.9600,-23.7700,-14.2500,-59.2400,-71.4700,-70.0500,-99.6500,-3.1000,-66.4000,-25.2000,-62.2200,3.9100,-80.7900,-34.1700,-0.3031,-1274.9535,-166.0617,-0.4087,-1718.9166,reject,"avg>=0.05,train+,holdout+,2x_cost_avg>0"
Qclose-Sfirst-T1m1k5-Rchand-A3,0,close,first,m1k5,chand,3,11644,0.2116,-0.1736,-1.0000,-2021.2977,0.7801,-2109.0737,53,0.1977,3.1994,0.0104,5326,-801.6033,6318,-1219.6944,-1742.4686,-278.8291,-0.1736,-0.1734,-1.0000,-1.0000,-1.0000,-1.0000,2.5060,40.0546,0.1232,0.0785,0.0308,4205,-586.3221,3853,-867.4315,3586,-567.5441,4607,-817.7663,3050,-778.6753,3987,-424.8562,7.9400,-144.3200,-101.8500,-43.0100,-44.5400,55.8600,-88.7400,-69.7600,-122.9800,-176.2700,-193.2200,-277.9600,-91.7400,-142.2800,-124.2800,-185.3200,-96.0100,-151.4900,-31.3300,-0.3375,-3930.0513,-436.3085,-0.4381,-5100.4614,reject,"avg>=0.05,train+,holdout+,2x_cost_avg>0"
Qclose-Sfirst-T1m15k2-Rsess-A1,0,close,first,m15k2,sess,1,4132,0.1355,-0.0860,-1.0000,-355.3468,0.9007,-465.3259,48,0.1029,6.5643,0.0000,1918,-16.3485,2214,-338.9983,-251.3850,-103.9618,-0.0706,-0.1821,-1.0000,-1.0000,-1.0000,-1.0000,3.0895,28.3843,0.1193,0.1012,0.0641,4132,-355.3468,0,0.0000,0,0.0000,1807,-215.3550,1033,-158.2670,1292,18.2753,-49.4100,7.3100,6.0800,27.3400,34.6100,21.3900,21.3600,-6.9800,-22.1400,-75.8200,-48.8700,-103.7500,42.5300,-42.9400,-35.6900,-26.4100,28.0500,-94.8700,-37.1400,-0.2618,-1081.6441,-158.5879,-0.3727,-1540.1687,reject,"avg>=0.05,train+,holdout+,2x_cost_avg>0"
Qclose-Sfirst-T1m15k2-Rsess-A3,0,close,first,m15k2,sess,3,10957,0.1279,-0.1179,-1.0000,-1292.2824,0.8650,-1339.7901,76,0.0970,6.6865,0.0003,4962,-395.6046,5995,-896.6778,-1138.0103,-154.2721,-0.1205,-0.1022,-1.0000,-1.0000,-1.0000,-1.0000,2.6686,43.5229,0.1111,0.0948,0.0627,4021,-328.3283,3624,-664.5683,3312,-299.3858,4480,-458.1100,2946,-636.6582,3531,-197.5142,-68.1500,-150.5700,-119.2900,-78.0900,9.5800,125.1800,-15.4400,-24.1400,-42.4600,-126.4000,-128.6900,-181.2800,0.3000,-83.7000,-109.3200,-145.5300,-64.0600,-82.5100,-7.7000,-0.2884,-3159.9000,-301.1513,-0.3952,-4330.3136,reject,"avg>=0.05,train+,holdout+,2x_cost_avg>0"
Qclose-Sfirst-T1m15k2-Rnone-A1,0,close,first,m15k2,none,1,4209,0.1361,-0.0970,-1.0000,-408.3812,0.8879,-496.2576,48,0.1024,6.5536,0.0000,1953,-72.2939,2256,-336.0873,-298.0459,-110.3353,-0.0821,-0.1902,-1.0000,-1.0000,-1.0000,-1.0000,3.3517,25.8823,0.1214,0.1053,0.0665,4209,-408.3812,0,0.0000,0,0.0000,1811,-260.0199,1045,-150.3653,1353,2.0040,-41.6200,-4.3300,19.0900,16.0100,7.1400,16.6100,16.2200,15.5300,-33.4800,-66.0000,-54.7200,-94.2600,27.0200,-48.3200,-44.0100,-28.9500,36.6500,-103.1500,-43.8400,-0.2709,-1140.3055,-166.0989,-0.3806,-1601.9488,reject,"avg>=0.05,train+,holdout+,2x_cost_avg>0"
Qclose-Sfirst-T1m15k2-Rnone-A3,0,close,first,m15k2,none,3,11506,0.1292,-0.1387,-1.0000,-1595.5147,0.8410,-1660.7634,76,0.0953,6.6329,0.0003,5248,-546.6952,6258,-1048.8195,-1435.6526,-159.8622,-0.1447,-0.1008,-1.0000,-1.0000,-1.0000,-1.0000,2.9015,47.0657,0.1127,0.0985,0.0633,4209,-408.3812,3804,-791.8184,3493,-395.3151,4518,-553.6912,3020,-728.7787,3968,-313.0448,-52.0700,-136.2400,-139.4400,-90.7200,-28.8100,88.5500,-33.9600,-1.5100,-89.9400,-141.4000,-157.0400,-191.5300,-31.7700,-115.1100,-144.2600,-170.4100,-54.0300,-100.5000,-5.3300,-0.3043,-3501.6291,-312.8452,-0.4083,-4697.7204,reject,"avg>=0.05,train+,holdout+,2x_cost_avg>0"
Qclose-Sfirst-T1m15k2-Rchand-A1,0,close,first,m15k2,chand,1,4205,0.1358,-0.0999,-1.0000,-420.2160,0.8846,-507.9129,48,0.1020,6.5631,0.0000,1951,-74.4335,2254,-345.7825,-312.0015,-108.2145,-0.0861,-0.1866,-1.0000,-1.0000,-1.0000,-1.0000,3.2918,27.5313,0.1203,0.1046,0.0656,4205,-420.2160,0,0.0000,0,0.0000,1811,-277.0715,1045,-141.9105,1349,-1.2340,-44.6000,-7.8500,14.5300,19.3400,10.8600,18.7000,15.7200,18.9600,-34.8400,-64.7200,-57.3300,-100.5200,27.4000,-51.9000,-45.1100,-30.6200,37.0300,-100.4600,-44.7800,-0.2730,-1148.1298,-164.0595,-0.3823,-1607.5588,reject,"avg>=0.05,train+,holdout+,2x_cost_avg>0"
Qclose-Sfirst-T1m15k2-Rchand-A3,0,close,first,m15k2,chand,3,11492,0.1292,-0.1401,-1.0000,-1609.8319,0.8394,-1672.6922,76,0.0954,6.6227,0.0003,5242,-542.2072,6250,-1067.6246,-1451.1233,-158.7086,-0.1465,-0.1001,-1.0000,-1.0000,-1.0000,-1.0000,2.9078,45.5934,0.1120,0.0982,0.0634,4204,-422.4781,3800,-791.1178,3488,-396.2359,4515,-588.6876,3024,-685.2656,3953,-335.8786,-53.2700,-141.1600,-140.9900,-85.3000,-33.7300,94.9900,-33.2900,-18.7200,-82.9200,-142.6300,-148.6100,-188.2900,-34.7900,-121.0600,-145.6900,-175.6700,-56.7800,-94.9500,-6.9800,-0.3059,-3515.2089,-311.2488,-0.4097,-4708.0647,reject,"avg>=0.05,train+,holdout+,2x_cost_avg>0"
Qclose-Sfirst-T1rr3-Rsess-A1,0,close,first,rr3,sess,1,4137,0.2246,-0.1505,-1.0000,-622.6837,0.8062,-633.9643,28,0.2175,3.0000,0.0000,1919,-129.6115,2218,-493.0722,-519.7267,-102.9571,-0.1458,-0.1800,-1.0000,-1.0000,-1.0000,-1.0000,2.2516,17.3512,0.1919,0.0566,0.0169,4137,-622.6837,0,0.0000,0,0.0000,1806,-317.0063,1033,-202.8697,1298,-102.8078,-15.9700,-28.2200,1.1500,-24.2000,15.5100,11.1900,-8.6100,-49.7900,-55.0100,-77.6900,-81.8700,-93.5700,-6.9000,-40.8500,-35.9000,-28.9800,-6.0700,-62.0800,-34.8100,-0.2988,-1235.4449,-148.4389,-0.3932,-1625.0524,reject,"avg>=0.05,train+,holdout+,2x_cost_avg>0"
Qclose-Sfirst-T1rr3-Rsess-A3,0,close,first,rr3,sess,3,11069,0.2219,-0.1594,-1.0000,-1764.5561,0.7954,-1770.6326,31,0.2156,3.0000,0.0000,5023,-545.1530,6046,-1219.4031,-1579.9271,-184.6290,-0.1656,-0.1208,-1.0000,-1.0000,-1.0000,-1.0000,2.2427,20.6070,0.1851,0.0551,0.0169,4033,-617.7030,3662,-654.0632,3374,-492.7898,4535,-792.2987,2966,-566.3578,3568,-405.8995,-30.5800,-182.3600,-106.4600,-53.3000,-4.9500,43.1600,-82.4600,-116.2700,-119.7500,-165.6100,-204.4800,-214.7000,-55.5700,-77.0900,-77.6900,-131.8100,-63.8600,-87.5300,-33.2400,-0.3178,-3504.4320,-340.1877,-0.4162,-4578.3951,reject,"avg>=0.05,train+,holdout+,2x_cost_avg>0"
Qclose-Sfirst-T1rr3-Rnone-A1,0,close,first,rr3,none,1,4208,0.2248,-0.1713,-1.0000,-720.9556,0.7793,-732.1815,28,0.2179,3.0000,0.0000,1953,-190.5025,2255,-530.4530,-617.1601,-103.7955,-0.1701,-0.1790,-1.0000,-1.0000,-1.0000,-1.0000,2.7822,2.9950,0.2189,0.0000,0.0000,4208,-720.9556,0,0.0000,0,0.0000,1811,-366.9230,1044,-213.4416,1353,-140.5909,-3.4000,-45.9900,13.3700,-18.7100,-12.8500,4.5700,-25.7500,-46.0400,-72.4700,-77.0000,-97.1200,-87.8800,-19.5500,-47.8900,-46.2300,-34.2200,0.8100,-63.4700,-41.1400,-0.3111,-1309.0244,-151.7151,-0.4033,-1697.0631,reject,"avg>=0.05,train+,holdout+,2x_cost_avg>0"
Qclose-Sfirst-T1rr3-Rnone-A3,0,close,first,rr3,none,3,11780,0.2239,-0.1760,-1.0000,-2072.8434,0.7736,-2097.6485,31,0.2174,3.0000,0.0000,5405,-716.2752,6375,-1356.5682,-1884.6220,-188.2214,-0.1855,-0.1162,-1.0000,-1.0000,-1.0000,-1.0000,2.7745,2.9950,0.2181,0.0000,0.0000,4208,-720.9556,3897,-752.2069,3675,-599.6809,4689,-977.9495,3076,-625.4456,4015,-469.4483,-44.0700,-176.4400,-96.1700,-53.6000,-61.5800,20.4000,-113.0100,-126.9300,-151.1100,-184.3600,-233.0400,-245.1700,-95.9700,-106.7700,-90.1200,-126.6700,-84.2000,-77.5200,-26.5000,-0.3336,-3916.6110,-357.1642,-0.4289,-5008.5907,reject,"avg>=0.05,train+,holdout+,2x_cost_avg>0"
Qclose-Sfirst-T1rr3-Rchand-A1,0,close,first,rr3,chand,1,4206,0.2244,-0.1735,-1.0000,-729.5629,0.7766,-738.1839,28,0.2173,3.0000,0.0000,1952,-199.7077,2254,-529.8552,-624.3090,-105.2540,-0.1722,-0.1815,-1.0000,-1.0000,-1.0000,-1.0000,2.6818,6.5438,0.2097,0.0535,0.0017,4206,-729.5629,0,0.0000,0,0.0000,1811,-388.2662,1044,-215.3245,1351,-125.9722,-7.9100,-42.4400,6.1800,-17.8800,-10.3100,5.0600,-17.2500,-41.7400,-73.4600,-81.9500,-91.2400,-91.8000,-24.5000,-53.0500,-46.8000,-35.2200,-1.4900,-64.0100,-39.7500,-0.3150,-1325.0683,-153.8302,-0.4068,-1710.8056,reject,"avg>=0.05,train+,holdout+,2x_cost_avg>0"
Qclose-Sfirst-T1rr3-Rchand-A3,0,close,first,rr3,chand,3,11722,0.2250,-0.1726,-1.0000,-2023.6547,0.7775,-2059.0393,31,0.2181,3.0000,0.0000,5375,-661.1301,6347,-1362.5246,-1820.8706,-202.7841,-0.1801,-0.1257,-1.0000,-1.0000,-1.0000,-1.0000,2.6621,9.3960,0.2076,0.0524,0.0028,4205,-733.6074,3883,-744.4546,3634,-545.5927,4647,-952.0169,3068,-606.2910,4007,-465.3468,-15.9600,-175.5000,-111.1700,-40.3900,-43.9900,30.7000,-106.4100,-125.9800,-146.5100,-196.2400,-218.4200,-246.7700,-87.6500,-108.6900,-86.8600,-141.0200,-73.1200,-97.5700,-32.0900,-0.3304,-3861.6598,-382.1970,-0.4294,-4999.9249,reject,"avg>=0.05,train+,holdout+,2x_cost_avg>0"
Qclose-Sfirst-T1rr5-Rsess-A1,0,close,first,rr5,sess,1,4132,0.1624,-0.1114,-1.0000,-460.4259,0.8672,-497.0713,32,0.1416,5.0000,0.0000,1918,-70.8268,2214,-389.5991,-366.0377,-94.3883,-0.1028,-0.1653,-1.0000,-1.0000,-1.0000,-1.0000,3.7563,18.9512,0.1513,0.1459,0.0428,4132,-460.4259,0,0.0000,0,0.0000,1806,-249.9471,1033,-165.5917,1293,-44.8871,-1.4100,-13.2000,-21.0900,14.1400,-1.7100,18.5000,13.0300,-22.1400,-27.5200,-86.1200,-55.0000,-92.5700,17.2100,-55.3600,-18.0700,-34.7300,3.6900,-59.7300,-38.3500,-0.2589,-1069.3689,-139.1484,-0.3666,-1514.1173,reject,"avg>=0.05,train+,holdout+,2x_cost_avg>0"
Qclose-Sfirst-T1rr5-Rsess-A3,0,close,first,rr5,sess,3,10964,0.1560,-0.1396,-1.0000,-1531.0863,0.8348,-1589.6933,45,0.1366,5.0000,0.0000,4968,-485.8038,5996,-1045.2825,-1330.9841,-200.1022,-0.1408,-0.1325,-1.0000,-1.0000,-1.0000,-1.0000,3.7251,24.1047,0.1454,0.1406,0.0432,4023,-432.9811,3627,-627.1220,3314,-470.9832,4489,-617.1429,2953,-625.6430,3522,-288.3004,26.5800,-150.7400,-151.1100,-28.5400,-45.8200,71.4300,-55.7700,-91.0400,-85.3800,-146.6800,-148.6000,-187.4700,-11.8000,-105.7400,-78.2100,-142.0800,-72.3000,-92.6000,-35.2000,-0.2926,-3202.6434,-340.8156,-0.3948,-4317.5774,reject,"avg>=0.05,train+,holdout+,2x_cost_avg>0"
Qclose-Sfirst-T1rr5-Rnone-A1,0,close,first,rr5,none,1,4208,0.1628,-0.1285,-1.0000,-540.7388,0.8467,-586.6098,32,0.1414,5.0000,0.0000,1953,-126.4417,2255,-414.2970,-440.7326,-100.0062,-0.1215,-0.1724,-1.0000,-1.0000,-1.0000,-1.0000,4.6802,4.9950,0.1514,0.1457,0.0000,4208,-540.7388,0,0.0000,0,0.0000,1811,-290.4652,1044,-183.8642,1353,-66.4094,18.2000,-29.1500,-9.0300,12.8400,-39.1700,10.6200,5.0900,-9.3200,-41.8000,-86.0500,-62.6500,-83.0900,-0.3600,-63.9900,-23.1200,-39.7400,7.1900,-61.6500,-45.5500,-0.2680,-1127.3633,-142.4556,-0.3728,-1568.0215,reject,"avg>=0.05,train+,holdout+,2x_cost_avg>0"
Qclose-Sfirst-T1rr5-Rnone-A3,0,close,first,rr5,none,3,11595,0.1578,-0.1555,-1.0000,-1803.2399,0.8156,-1888.7732,45,0.1373,5.0000,0.0000,5298,-599.6701,6297,-1203.5698,-1576.9975,-226.2424,-0.1576,-0.1424,-1.0000,-1.0000,-1.0000,-1.0000,4.6557,4.9950,0.1464,0.1413,0.0000,4208,-540.7388,3833,-744.3096,3554,-518.1915,4571,-776.9449,3049,-651.5032,3975,-374.7919,48.9400,-157.9600,-168.1900,-28.5700,-62.0000,39.3600,-99.4400,-77.3500,-97.0600,-160.0000,-172.0800,-190.3600,-37.8400,-146.0500,-105.1200,-163.2700,-74.6800,-104.6500,-46.9100,-0.3048,-3519.1508,-377.3759,-0.4030,-4636.2992,reject,"avg>=0.05,train+,holdout+,2x_cost_avg>0"
Qclose-Sfirst-T1rr5-Rchand-A1,0,close,first,rr5,chand,1,4205,0.1624,-0.1327,-1.0000,-557.8759,0.8418,-597.2191,32,0.1413,5.0000,0.0000,1952,-137.9577,2253,-419.9181,-458.0456,-99.8302,-0.1264,-0.1721,-1.0000,-1.0000,-1.0000,-1.0000,4.3954,8.1438,0.1510,0.1455,0.0323,4205,-557.8759,0,0.0000,0,0.0000,1811,-306.1027,1043,-182.5847,1351,-69.1884,9.5000,-27.3300,-15.4000,11.7900,-33.5100,14.5800,7.1900,-11.0000,-40.9800,-88.0500,-64.4500,-87.5300,-0.5100,-67.5400,-24.4600,-40.3500,6.2700,-62.7100,-43.3800,-0.2738,-1151.2181,-140.3651,-0.3784,-1590.1788,reject,"avg>=0.05,train+,holdout+,2x_cost_avg>0"
Qclose-Sfirst-T1rr5-Rchand-A3,0,close,first,rr5,chand,3,11567,0.1579,-0.1552,-1.0000,-1795.2472,0.8159,-1887.3556,45,0.1379,5.0000,0.0000,5292,-603.6828,6275,-1191.5644,-1560.9469,-234.3003,-0.1564,-0.1476,-1.0000,-1.0000,-1.0000,-1.0000,4.3520,10.9960,0.1466,0.1417,0.0319,4204,-562.8562,3827,-731.5789,3536,-500.8121,4554,-758.7097,3044,-644.6540,3969,-391.8835,56.8800,-151.5400,-160.0300,-34.2100,-68.7700,69.0900,-90.5200,-93.5000,-98.8400,-164.1300,-164.8700,-197.0900,-41.9700,-145.3600,-110.6000,-165.5000,-81.6600,-112.3300,-40.3100,-0.3030,-3494.2344,-373.2207,-0.4050,-4653.3151,reject,"avg>=0.05,train+,holdout+,2x_cost_avg>0"
Qfullcandle-Srecent-T1m1k5-Rsess-A1,0,fullcandle,recent,m1k5,sess,1,4110,0.1893,-0.1166,-1.0000,-479.2733,0.8565,-553.2869,33,0.1764,3.8578,0.0002,1907,-55.3967,2203,-423.8765,-372.9305,-106.3428,-0.1053,-0.1869,-1.0000,-1.0000,-1.0000,-1.0000,2.6888,22.3000,0.1268,0.0925,0.0448,4110,-479.2733,0,0.0000,0,0.0000,1784,-206.2637,1034,-207.8971,1292,-65.1125,-17.8000,-21.0000,5.4400,35.9100,42.3300,22.0900,-39.3700,-20.1800,-46.0100,-73.1300,-64.1300,-97.4200,24.6000,-56.9600,-3.2000,-64.0800,-14.1300,-65.0100,-27.2100,-0.2923,-1201.4257,-161.4576,-0.4013,-1649.3879,reject,"avg>=0.05,train+,holdout+,2x_cost_avg>0"
Qfullcandle-Srecent-T1m1k5-Rsess-A3,0,fullcandle,recent,m1k5,sess,3,11050,0.2024,-0.1540,-1.0000,-1701.1714,0.8073,-1770.2488,53,0.1905,3.3666,0.0073,5014,-616.3997,6036,-1084.7717,-1492.6503,-208.5211,-0.1569,-0.1358,-1.0000,-1.0000,-1.0000,-1.0000,2.3868,38.8361,0.1144,0.0806,0.0376,4023,-455.4551,3663,-679.3174,3364,-566.3989,4502,-655.7036,2998,-713.7189,3550,-331.7489,-37.4100,-132.8500,-62.7200,-6.9600,7.2600,66.9400,-71.3100,-76.3000,-110.8500,-156.2300,-157.6500,-246.9100,-79.9400,-102.7300,-104.0400,-220.9600,-83.3800,-119.0500,-6.0900,-0.3249,-3588.9756,-371.1775,-0.4303,-4753.2919,reject,"avg>=0.05,train+,holdout+,2x_cost_avg>0"
Qfullcandle-Srecent-T1m1k5-Rnone-A1,0,fullcandle,recent,m1k5,none,1,4177,0.1891,-0.1454,-1.0000,-607.1481,0.8212,-641.4384,33,0.1757,3.8581,0.0002,1937,-166.7288,2240,-440.4194,-487.3513,-119.7968,-0.1353,-0.2080,-1.0000,-1.0000,-1.0000,-1.0000,2.8792,17.3121,0.1386,0.0955,0.0397,4177,-607.1481,0,0.0000,0,0.0000,1789,-267.7465,1043,-251.5659,1345,-87.8358,-3.9300,-28.2800,12.6200,21.1100,9.5500,6.9000,-52.4700,-17.4500,-64.6900,-64.9700,-78.7000,-93.3800,12.6500,-68.2000,-24.7800,-53.3200,-9.7200,-77.7800,-32.3000,-0.3146,-1314.1119,-174.6255,-0.4197,-1753.0263,reject,"avg>=0.05,train+,holdout+,2x_cost_avg>0"
Qfullcandle-Srecent-T1m1k5-Rnone-A3,0,fullcandle,recent,m1k5,none,3,11604,0.2039,-0.1713,-1.0000,-1987.2782,0.7852,-2086.1723,53,0.1910,3.3725,0.0097,5302,-788.7514,6302,-1198.5268,-1737.7737,-249.5044,-0.1737,-0.1558,-1.0000,-1.0000,-1.0000,-1.0000,2.5721,41.2071,0.1267,0.0814,0.0323,4177,-607.1481,3844,-786.1422,3583,-593.9879,4585,-811.5513,3066,-787.7838,3953,-387.9432,2.3300,-129.6000,-67.3400,15.3400,-65.4500,40.1600,-94.4400,-70.2800,-134.1700,-171.3700,-197.3400,-276.7400,-129.0200,-140.4400,-120.1600,-199.2600,-96.6500,-145.8600,-7.0000,-0.3385,-3928.3332,-415.9913,-0.4418,-5125.7621,reject,"avg>=0.05,train+,holdout+,2x_cost_avg>0"
Qfullcandle-Srecent-T1m1k5-Rchand-A1,0,fullcandle,recent,m1k5,chand,1,4174,0.1890,-0.1452,-1.0000,-606.0473,0.8214,-640.8669,33,0.1756,3.8531,0.0002,1936,-153.8177,2238,-452.2296,-488.4245,-117.6228,-0.1357,-0.2042,-1.0000,-1.0000,-1.0000,-1.0000,2.8712,17.0864,0.1349,0.0963,0.0417,4174,-606.0473,0,0.0000,0,0.0000,1789,-276.5879,1043,-242.3250,1342,-87.1344,-5.2100,-25.7300,9.2000,23.7800,11.8800,11.6100,-45.4100,-19.2200,-66.1700,-70.8700,-78.4100,-97.4100,15.2600,-71.5600,-26.5000,-53.6700,-6.4200,-77.9400,-33.2700,-0.3146,-1313.3363,-173.6005,-0.4198,-1752.1746,reject,"avg>=0.05,train+,holdout+,2x_cost_avg>0"
Qfullcandle-Srecent-T1m1k5-Rchand-A3,0,fullcandle,recent,m1k5,chand,3,11576,0.2038,-0.1724,-1.0000,-1996.0533,0.7838,-2103.6289,53,0.1907,3.3632,0.0075,5293,-782.7816,6283,-1213.2717,-1741.0631,-254.9902,-0.1745,-0.1595,-1.0000,-1.0000,-1.0000,-1.0000,2.5489,40.0546,0.1231,0.0822,0.0337,4173,-613.5178,3839,-772.4653,3564,-610.0702,4569,-828.0256,3060,-766.1079,3947,-401.9198,6.5900,-137.7600,-78.6100,5.6700,-54.9900,51.8000,-91.2300,-70.4000,-141.9700,-183.2300,-185.2100,-272.6100,-112.0800,-139.4500,-127.0600,-210.5000,-99.6300,-148.7400,-6.6200,-0.3399,-3934.5440,-419.3457,-0.4431,-5128.4147,reject,"avg>=0.05,train+,holdout+,2x_cost_avg>0"
Qfullcandle-Srecent-T1m15k2-Rsess-A1,0,fullcandle,recent,m15k2,sess,1,4106,0.1296,-0.0737,-1.0000,-302.7813,0.9155,-433.7274,42,0.0977,6.9616,0.0000,1906,93.3576,2200,-396.1388,-233.5963,-69.1850,-0.0660,-0.1220,-1.0000,-1.0000,-1.0000,-1.0000,3.1162,28.3843,0.1181,0.1013,0.0667,4106,-302.7813,0,0.0000,0,0.0000,1784,-192.3309,1033,-140.9335,1289,30.4831,-56.9500,-0.4700,-3.2800,40.9100,59.2300,44.2600,-1.6000,-4.8400,-15.2200,-78.2000,-48.0400,-102.4400,60.0700,-38.6100,-23.7400,-64.6600,27.8900,-63.6500,-33.4300,-0.2575,-1057.4222,-129.9430,-0.3717,-1526.0212,reject,"avg>=0.05,train+,holdout+,2x_cost_avg>0"
Qfullcandle-Srecent-T1m15k2-Rsess-A3,0,fullcandle,recent,m15k2,sess,3,10941,0.1222,-0.1141,-1.0000,-1248.8834,0.8702,-1303.1683,76,0.0928,7.0486,0.0001,4952,-363.9954,5989,-884.8880,-1123.5273,-125.3561,-0.1191,-0.0832,-1.0000,-1.0000,-1.0000,-1.0000,2.6132,43.5229,0.1090,0.0943,0.0649,4002,-300.2283,3626,-567.4709,3313,-381.1842,4461,-487.5134,2967,-589.9510,3513,-171.4190,-59.1400,-112.7000,-100.1800,-18.5700,50.2800,125.6400,-19.5300,-58.5100,-51.6800,-138.0000,-118.6400,-208.6300,-37.1000,-56.6800,-97.9400,-222.1300,-55.8000,-56.1700,-13.3900,-0.2918,-3192.2437,-283.2982,-0.4013,-4390.3994,reject,"avg>=0.05,train+,holdout+,2x_cost_avg>0"
Qfullcandle-Srecent-T1m15k2-Rnone-A1,0,fullcandle,recent,m15k2,none,1,4177,0.1293,-0.0956,-1.0000,-399.1921,0.8905,-486.9985,42,0.0970,6.9386,0.0000,1937,3.2757,2240,-402.4678,-313.4308,-85.7613,-0.0870,-0.1489,-1.0000,-1.0000,-1.0000,-1.0000,3.3576,25.8823,0.1192,0.1046,0.0697,4177,-399.1921,0,0.0000,0,0.0000,1789,-243.0335,1043,-164.8427,1345,8.6841,-50.2600,-12.2200,6.0800,28.7600,33.3200,34.9400,-4.3200,1.5900,-26.8000,-69.2600,-57.2200,-96.8700,49.4000,-45.2200,-48.5700,-56.7600,36.0600,-80.1900,-41.6300,-0.2750,-1148.7765,-146.9509,-0.3864,-1613.9917,reject,"avg>=0.05,train+,holdout+,2x_cost_avg>0"
Qfullcandle-Srecent-T1m15k2-Rnone-A3,0,fullcandle,recent,m15k2,none,3,11459,0.1238,-0.1336,-1.0000,-1530.5772,0.8479,-1605.1653,76,0.0914,6.9918,0.0002,5219,-522.6719,6240,-1007.9053,-1385.9655,-144.6117,-0.1402,-0.0918,-1.0000,-1.0000,-1.0000,-1.0000,2.8490,47.0657,0.1108,0.0979,0.0653,4177,-399.1921,3795,-665.7787,3487,-465.6064,4489,-589.2412,3028,-665.7948,3942,-275.5412,-42.3700,-109.6400,-124.2300,-22.8600,-7.2900,100.7900,-26.3300,-45.0000,-93.3000,-160.3500,-143.4700,-218.4700,-66.8900,-81.8900,-130.1800,-214.5000,-53.2500,-80.5400,-10.8200,-0.3069,-3517.1124,-307.6751,-0.4139,-4741.9018,reject,"avg>=0.05,train+,holdout+,2x_cost_avg>0"
Qfullcandle-Srecent-T1m15k2-Rchand-A1,0,fullcandle,recent,m15k2,chand,1,4173,0.1292,-0.0969,-1.0000,-404.3771,0.8890,-499.7275,42,0.0966,6.9506,0.0000,1935,9.7937,2238,-414.1708,-322.2683,-82.1089,-0.0896,-0.1426,-1.0000,-1.0000,-1.0000,-1.0000,3.3246,27.5313,0.1184,0.1050,0.0683,4173,-404.3771,0,0.0000,0,0.0000,1789,-257.9283,1043,-152.7906,1341,6.3417,-50.2300,-14.9900,3.5400,33.7800,36.3800,37.7500,-5.3100,5.6700,-28.8200,-67.9700,-60.2800,-102.6800,46.7300,-49.1000,-48.4200,-58.3200,37.3500,-77.2000,-42.2500,-0.2758,-1150.8238,-143.6023,-0.3869,-1614.4761,reject,"avg>=0.05,train+,holdout+,2x_cost_avg>0"
Qfullcandle-Srecent-T1m15k2-Rchand-A3,0,fullcandle,recent,m15k2,chand,3,11440,0.1240,-0.1358,-1.0000,-1553.7616,0.8453,-1626.0081,76,0.0914,6.9827,0.0003,5210,-512.5976,6230,-1041.1640,-1408.5702,-145.1914,-0.1428,-0.0921,-1.0000,-1.0000,-1.0000,-1.0000,2.8619,45.5934,0.1100,0.0979,0.0650,4172,-397.5346,3789,-661.8366,3479,-494.3904,4486,-629.2577,3030,-627.2815,3924,-297.2224,-42.5000,-114.3200,-126.3500,-16.1600,-11.5600,105.3400,-25.3200,-64.3300,-89.3900,-160.1900,-135.3600,-217.4300,-71.4900,-89.1400,-131.3800,-218.9900,-53.7100,-78.1600,-13.3200,-0.3087,-3531.5575,-307.5059,-0.4153,-4750.7457,reject,"avg>=0.05,train+,holdout+,2x_cost_avg>0"
Qfullcandle-Srecent-T1rr3-Rsess-A1,0,fullcandle,recent,rr3,sess,1,4112,0.2218,-0.1552,-1.0000,-638.2656,0.8009,-655.6121,29,0.2169,3.0000,0.0000,1908,-98.4059,2204,-539.8597,-556.6800,-81.5856,-0.1571,-0.1436,-1.0000,-1.0000,-1.0000,-1.0000,2.2427,17.3512,0.1846,0.0559,0.0173,4112,-638.2656,0,0.0000,0,0.0000,1784,-324.8091,1033,-192.0034,1295,-121.4531,-9.0900,-33.3700,-9.5200,-22.0500,16.5500,6.7900,-36.4600,-53.7900,-51.6400,-74.4800,-80.8600,-95.9300,-1.6600,-46.1100,-28.0400,-37.0300,-10.5200,-38.1800,-32.8800,-0.3050,-1253.2064,-131.9709,-0.3970,-1630.3077,reject,"avg>=0.05,train+,holdout+,2x_cost_avg>0"
Qfullcandle-Srecent-T1rr3-Rsess-A3,0,fullcandle,recent,rr3,sess,3,11058,0.2199,-0.1676,-1.0000,-1853.2315,0.7855,-1865.1486,35,0.2155,3.0000,0.0000,5017,-610.9340,6041,-1242.2976,-1659.9099,-193.3216,-0.1741,-0.1267,-1.0000,-1.0000,-1.0000,-1.0000,2.2287,19.3015,0.1784,0.0540,0.0171,4016,-644.8971,3665,-608.4348,3377,-599.8996,4512,-836.5254,2990,-582.6093,3556,-434.0968,-16.4300,-157.1700,-92.6500,-30.0800,3.9000,30.4900,-96.2900,-132.7100,-126.9100,-187.8200,-196.6700,-221.5800,-79.9300,-96.0900,-89.7200,-170.2500,-79.3700,-87.0000,-26.9500,-0.3235,-3560.5703,-346.1912,-0.4248,-4665.4763,reject,"avg>=0.05,train+,holdout+,2x_cost_avg>0"
Qfullcandle-Srecent-T1rr3-Rnone-A1,0,fullcandle,recent,rr3,none,1,4176,0.2213,-0.1844,-1.0000,-769.8666,0.7637,-791.8666,29,0.2165,3.0000,0.0000,1937,-203.5695,2239,-566.2971,-670.1641,-99.7025,-0.1862,-0.1731,-1.0000,-1.0000,-1.0000,-1.0000,2.7745,2.9950,0.2172,0.0000,0.0000,4176,-769.8666,0,0.0000,0,0.0000,1789,-375.0343,1042,-222.5244,1345,-172.3078,6.0700,-50.7800,-0.4600,-23.3900,-16.1400,-13.7800,-47.8500,-56.2100,-69.0900,-73.5600,-99.5700,-88.5700,-13.7200,-41.0400,-56.7200,-25.3600,-4.8600,-53.4700,-41.3700,-0.3254,-1358.9027,-151.3411,-0.4150,-1733.0912,reject,"avg>=0.05,train+,holdout+,2x_cost_avg>0"
Qfullcandle-Srecent-T1rr3-Rnone-A3,0,fullcandle,recent,rr3,none,3,11741,0.2213,-0.1858,-1.0000,-2180.9353,0.7619,-2209.5359,35,0.2166,3.0000,0.0000,5385,-784.5472,6356,-1396.3881,-1976.6200,-204.3153,-0.1952,-0.1267,-1.0000,-1.0000,-1.0000,-1.0000,2.7629,2.9950,0.2171,0.0000,0.0000,4176,-769.8666,3885,-711.6858,3680,-699.3830,4663,-1009.6924,3080,-659.2402,3998,-512.0027,-31.5400,-174.9700,-79.2300,-17.3700,-61.0700,1.8600,-129.2400,-140.2600,-166.9500,-207.3600,-227.4100,-241.3000,-114.7900,-121.0500,-115.6800,-150.2600,-102.5200,-73.1500,-28.6500,-0.3399,-3973.5050,-370.1226,-0.4370,-5082.8163,reject,"avg>=0.05,train+,holdout+,2x_cost_avg>0"
Qfullcandle-Srecent-T1rr3-Rchand-A1,0,fullcandle,recent,rr3,chand,1,4174,0.2211,-0.1825,-1.0000,-761.6929,0.7661,-780.9967,29,0.2161,3.0000,0.0000,1936,-194.6067,2238,-567.0863,-665.8750,-95.8180,-0.1851,-0.1664,-1.0000,-1.0000,-1.0000,-1.0000,2.6791,8.5628,0.2058,0.0556,0.0019,4174,-761.6929,0,0.0000,0,0.0000,1789,-390.4471,1042,-222.3580,1343,-148.8878,2.3900,-46.3100,-6.0500,-18.6500,-11.6600,-6.7600,-41.3000,-53.2800,-69.9800,-78.4100,-94.4900,-93.1900,-14.3700,-48.7700,-56.5100,-28.5400,-4.1400,-52.8000,-38.8700,-0.3266,-1363.3468,-148.8099,-0.4162,-1737.1831,reject,"avg>=0.05,train+,holdout+,2x_cost_avg>0"
Qfullcandle-Srecent-T1rr3-Rchand-A3,0,fullcandle,recent,rr3,chand,3,11670,0.2243,-0.1762,-1.0000,-2056.3483,0.7732,-2099.9817,35,0.2191,3.0000,0.0000,5345,-698.6153,6325,-1357.7330,-1831.3349,-225.0134,-0.1819,-0.1404,-1.0000,-1.0000,-1.0000,-1.0000,2.6447,9.3960,0.2052,0.0517,0.0027,4173,-762.5593,3870,-667.2277,3627,-626.5613,4617,-976.2725,3070,-615.2981,3983,-464.7777,3.0800,-168.4200,-85.5900,0.4500,-35.6800,18.4900,-109.3000,-137.7900,-151.0700,-222.2000,-206.3100,-243.8700,-109.5200,-123.4000,-109.4500,-150.7400,-92.8100,-100.8200,-31.3800,-0.3351,-3898.9421,-397.1093,-0.4342,-5034.4390,reject,"avg>=0.05,train+,holdout+,2x_cost_avg>0"
Qfullcandle-Srecent-T1rr5-Rsess-A1,0,fullcandle,recent,rr5,sess,1,4106,0.1605,-0.1030,-1.0000,-422.9454,0.8776,-465.3370,32,0.1442,5.0000,0.0000,1906,21.0891,2200,-444.0345,-360.1974,-62.7480,-0.1018,-0.1107,-1.0000,-1.0000,-1.0000,-1.0000,3.7571,18.9512,0.1529,0.1476,0.0443,4106,-422.9454,0,0.0000,0,0.0000,1784,-243.0367,1033,-163.5737,1289,-16.3350,6.2800,-15.3400,-29.8000,25.8600,6.7200,16.4300,-20.4400,-17.6300,-24.8300,-87.2200,-60.2900,-88.7300,42.1200,-45.1200,-14.9600,-53.2800,-2.3500,-25.8100,-34.5800,-0.2547,-1045.3652,-103.7152,-0.3621,-1486.4689,reject,"avg>=0.05,train+,holdout+,2x_cost_avg>0"
Qfullcandle-Srecent-T1rr5-Rsess-A3,0,fullcandle,recent,rr5,sess,3,10951,0.1550,-0.1366,-1.0000,-1495.5738,0.8387,-1576.6855,38,0.1392,5.0000,0.0000,4958,-475.4377,5993,-1020.1361,-1332.4591,-163.1147,-0.1411,-0.1083,-1.0000,-1.0000,-1.0000,-1.0000,3.7164,24.1047,0.1470,0.1428,0.0431,4004,-413.3192,3630,-545.4272,3317,-536.8274,4471,-642.7735,2974,-591.7072,3506,-261.0931,37.2000,-128.0200,-117.1400,22.2100,-21.8300,53.9000,-76.0000,-106.0200,-78.3700,-154.0500,-147.9700,-184.3200,-39.4200,-103.5900,-83.3100,-205.7200,-72.2500,-67.7100,-23.1500,-0.2962,-3237.6988,-311.6955,-0.4008,-4378.3519,reject,"avg>=0.05,train+,holdout+,2x_cost_avg>0"
Qfullcandle-Srecent-T1rr5-Rnone-A1,0,fullcandle,recent,rr5,none,1,4176,0.1602,-0.1310,-1.0000,-547.1740,0.8443,-603.8815,32,0.1434,5.0000,0.0000,1937,-82.1791,2239,-464.9949,-467.4441,-79.7299,-0.1298,-0.1384,-1.0000,-1.0000,-1.0000,-1.0000,4.6712,4.9950,0.1525,0.1468,0.0000,4176,-547.1740,0,0.0000,0,0.0000,1789,-297.9194,1042,-208.3887,1345,-40.8659,26.1300,-30.3300,-20.7900,23.2800,-33.0500,-2.0800,-28.4100,-11.1400,-39.1100,-87.5200,-72.7900,-82.8200,27.4100,-54.0800,-38.5600,-43.5700,-0.4400,-35.7800,-43.5100,-0.2727,-1138.5897,-115.5269,-0.3754,-1567.0037,reject,"avg>=0.05,train+,holdout+,2x_cost_avg>0"
Qfullcandle-Srecent-T1rr5-Rnone-A3,0,fullcandle,recent,rr5,none,3,11549,0.1573,-0.1506,-1.0000,-1738.8255,0.8216,-1846.6647,38,0.1398,5.0000,0.0000,5272,-601.6468,6277,-1137.1786,-1546.1740,-192.6515,-0.1551,-0.1221,-1.0000,-1.0000,-1.0000,-1.0000,4.6430,5.9331,0.1483,0.1435,0.0001,4176,-547.1740,3824,-641.8620,3549,-549.7894,4544,-797.4678,3057,-621.5644,3948,-319.7932,66.4300,-146.1400,-139.9200,17.1700,-63.7000,41.3700,-104.3500,-88.4600,-92.1700,-177.3200,-164.3200,-182.1600,-63.4900,-130.9500,-119.7000,-198.4900,-74.4300,-85.7600,-32.4600,-0.3087,-3551.4401,-353.4775,-0.4095,-4693.7465,reject,"avg>=0.05,train+,holdout+,2x_cost_avg>0"
Qfullcandle-Srecent-T1rr5-Rchand-A1,0,fullcandle,recent,rr5,chand,1,4173,0.1601,-0.1333,-1.0000,-556.4079,0.8416,-610.1424,32,0.1435,5.0000,0.0000,1936,-85.4568,2237,-470.9511,-479.1957,-77.2121,-0.1332,-0.1340,-1.0000,-1.0000,-1.0000,-1.0000,4.3879,10.1628,0.1524,0.1469,0.0326,4173,-556.4079,0,0.0000,0,0.0000,1789,-311.4577,1041,-204.5449,1343,-40.4053,21.5600,-28.1800,-25.5700,25.6100,-27.0200,5.2800,-27.2500,-15.0000,-39.2200,-89.2700,-74.4300,-86.6800,23.8600,-58.3800,-40.5700,-43.9500,2.2800,-38.7500,-40.7400,-0.2779,-1159.3096,-113.2982,-0.3782,-1577.4148,reject,"avg>=0.05,train+,holdout+,2x_cost_avg>0"
Qfullcandle-Srecent-T1rr5-Rchand-A3,0,fullcandle,recent,rr5,chand,3,11518,0.1579,-0.1507,-1.0000,-1735.2774,0.8214,-1857.2462,38,0.1406,5.0000,0.0000,5263,-603.5408,6255,-1131.7366,-1534.2364,-201.0410,-0.1543,-0.1276,-1.0000,-1.0000,-1.0000,-1.0000,4.3283,10.9960,0.1488,0.1441,0.0318,4172,-555.7515,3817,-649.7046,3529,-529.8213,4528,-778.6638,3050,-610.7243,3940,-345.8894,76.5400,-138.6900,-134.0300,28.6300,-52.8500,56.4500,-97.0200,-102.7900,-98.4900,-187.1400,-155.8700,-192.6900,-80.0100,-132.0800,-130.8200,-193.3700,-81.0500,-95.7100,-24.2800,-0.3078,-3535.6289,-353.0116,-0.4113,-4707.5132,reject,"avg>=0.05,train+,holdout+,2x_cost_avg>0"
Qfullcandle-Sfirst-T1m1k5-Rsess-A1,0,fullcandle,first,m1k5,sess,1,4110,0.1964,-0.1166,-1.0000,-479.1351,0.8553,-559.3913,33,0.1827,3.7187,0.0002,1907,-80.8806,2203,-398.2545,-368.2183,-110.9168,-0.1040,-0.1949,-1.0000,-1.0000,-1.0000,-1.0000,2.7012,19.9252,0.1273,0.0922,0.0423,4110,-479.1351,0,0.0000,0,0.0000,1783,-201.6549,1034,-199.9688,1293,-77.5115,-8.9500,-20.8500,7.2600,36.5300,44.9300,13.5900,-31.3500,-20.7700,-41.2500,-77.4400,-62.9500,-89.8000,15.7700,-58.5800,-12.0300,-62.3300,-16.1300,-60.6300,-34.1600,-0.2880,-1183.5972,-163.5927,-0.3959,-1627.2471,reject,"avg>=0.05,train+,holdout+,2x_cost_avg>0"
Qfullcandle-Sfirst-T1m1k5-Rsess-A3,0,fullcandle,first,m1k5,sess,3,11004,0.2117,-0.1405,-1.0000,-1546.3752,0.8219,-1604.4172,53,0.1992,3.2313,0.0095,4991,-578.5041,6013,-967.8712,-1376.0547,-170.3206,-0.1452,-0.1118,-1.0000,-1.0000,-1.0000,-1.0000,2.3887,38.8361,0.1165,0.0802,0.0365,4015,-454.1032,3647,-680.2641,3342,-412.0079,4466,-555.4596,2981,-699.3942,3557,-291.5215,-29.7600,-125.6200,-54.6600,-13.5700,13.7500,77.3400,-57.6400,-64.0400,-91.7900,-149.4800,-157.3000,-228.7500,-68.4500,-128.6200,-113.6000,-183.8600,-75.3900,-89.6900,-5.2400,-0.3104,-3415.0750,-330.4462,-0.4150,-4563.3046,reject,"avg>=0.05,train+,holdout+,2x_cost_avg>0"
Qfullcandle-Sfirst-T1m1k5-Rnone-A1,0,fullcandle,first,m1k5,none,1,4177,0.1963,-0.1390,-1.0000,-580.4257,0.8275,-629.5579,33,0.1819,3.7207,0.0002,1937,-172.1344,2240,-408.2913,-457.9812,-122.4445,-0.1272,-0.2126,-1.0000,-1.0000,-1.0000,-1.0000,2.8743,17.3121,0.1391,0.0948,0.0376,4177,-580.4257,0,0.0000,0,0.0000,1788,-244.0520,1043,-236.4055,1346,-99.9682,5.6300,-28.1300,14.9800,23.8800,12.6100,4.2100,-40.7200,-17.7600,-58.8300,-69.9500,-78.3100,-86.5700,5.4400,-66.1900,-26.7800,-51.5100,-12.3000,-72.6400,-37.5000,-0.3057,-1277.0028,-174.8609,-0.4108,-1715.9070,reject,"avg>=0.05,train+,holdout+,2x_cost_avg>0"
Qfullcandle-Sfirst-T1m1k5-Rnone-A3,0,fullcandle,first,m1k5,none,3,11580,0.2130,-0.1610,-1.0000,-1864.8312,0.7957,-1954.1212,53,0.1994,3.2364,0.0115,5287,-760.7769,6293,-1104.0543,-1649.8664,-214.9648,-0.1652,-0.1348,-1.0000,-1.0000,-1.0000,-1.0000,2.5658,41.2071,0.1275,0.0800,0.0304,4177,-580.4257,3834,-798.5121,3569,-485.8934,4556,-724.2734,3060,-778.0614,3964,-362.4964,10.2700,-120.2500,-73.0300,7.8600,-47.6400,30.4000,-87.7100,-64.5300,-125.7000,-163.5400,-197.2100,-262.8600,-107.6800,-151.9200,-116.5400,-179.7900,-82.2800,-125.8400,-6.8400,-0.3268,-3784.7119,-378.8571,-0.4292,-4969.1667,reject,"avg>=0.05,train+,holdout+,2x_cost_avg>0"
Qfullcandle-Sfirst-T1m1k5-Rchand-A1,0,fullcandle,first,m1k5,chand,1,4174,0.1962,-0.1404,-1.0000,-586.1204,0.8257,-633.4170,33,0.1818,3.7156,0.0002,1936,-163.8159,2238,-422.3045,-463.8819,-122.2385,-0.1289,-0.2122,-1.0000,-1.0000,-1.0000,-1.0000,2.8546,17.0864,0.1358,0.0956,0.0386,4174,-586.1204,0,0.0000,0,0.0000,1788,-256.3818,1043,-230.9019,1343,-98.8367,4.3500,-25.5800,11.5800,24.1700,14.5900,6.8300,-32.9700,-19.2000,-60.3200,-75.5200,-77.9000,-90.6200,8.5300,-69.9700,-29.9600,-51.8900,-9.9900,-73.6400,-38.6100,-0.3070,-1281.3181,-175.2065,-0.4119,-1719.1401,reject,"avg>=0.05,train+,holdout+,2x_cost_avg>0"
Qfullcandle-Sfirst-T1m1k5-Rchand-A3,0,fullcandle,first,m1k5,chand,3,11551,0.2126,-0.1617,-1.0000,-1868.3048,0.7948,-1966.7522,53,0.1989,3.2245,0.0097,5277,-739.9632,6274,-1128.3415,-1657.0561,-211.2486,-0.1664,-0.1326,-1.0000,-1.0000,-1.0000,-1.0000,2.5452,40.0546,0.1251,0.0808,0.0314,4173,-593.5909,3829,-769.8896,3549,-504.8243,4537,-734.3198,3055,-758.8750,3959,-375.1099,13.5600,-129.8000,-80.3400,-4.2300,-45.2500,43.9600,-85.2800,-63.2400,-127.9400,-172.7200,-185.5800,-263.1800,-89.9000,-151.3200,-127.2300,-188.5800,-86.1900,-121.6600,-3.3900,-0.3275,-3783.3238,-373.5299,-0.4298,-4963.8721,reject,"avg>=0.05,train+,holdout+,2x_cost_avg>0"
Qfullcandle-Sfirst-T1m15k2-Rsess-A1,0,fullcandle,first,m15k2,sess,1,4105,0.1342,-0.0779,-1.0000,-319.7969,0.9103,-455.6066,42,0.1013,6.7012,0.0000,1906,62.1819,2199,-381.9788,-241.7918,-78.0051,-0.0683,-0.1376,-1.0000,-1.0000,-1.0000,-1.0000,3.1187,28.3843,0.1191,0.1013,0.0658,4105,-319.7969,0,0.0000,0,0.0000,1783,-196.1250,1033,-137.8321,1289,14.1601,-43.6800,-0.3200,3.8500,36.4800,56.6000,36.1900,-0.2700,-8.3500,-10.6400,-81.6800,-47.2000,-92.7400,50.1500,-41.0200,-36.7700,-62.3700,22.3100,-59.1500,-41.1700,-0.2562,-1051.8852,-134.3389,-0.3682,-1511.6309,reject,"avg>=0.05,train+,holdout+,2x_cost_avg>0"
Qfullcandle-Sfirst-T1m15k2-Rsess-A3,0,fullcandle,first,m15k2,sess,3,10883,0.1285,-0.0969,-1.0000,-1054.1876,0.8890,-1098.9908,76,0.0979,6.8133,0.0003,4922,-317.8540,5961,-736.3336,-958.6594,-95.5283,-0.1021,-0.0639,-1.0000,-1.0000,-1.0000,-1.0000,2.7700,43.5229,0.1129,0.0967,0.0649,3993,-307.7098,3605,-587.2456,3285,-159.2323,4413,-317.0281,2949,-585.4786,3521,-151.6809,-59.9200,-103.4000,-88.9400,-24.2400,55.2100,136.0500,-18.8200,-29.0600,-17.4700,-121.0800,-126.4500,-163.7100,-23.0500,-86.4600,-116.6300,-170.6900,-52.7800,-35.1700,-7.5900,-0.2735,-2976.0538,-248.7414,-0.3835,-4173.1470,reject,"avg>=0.05,train+,holdout+,2x_cost_avg>0"
Qfullcandle-Sfirst-T1m15k2-Rnone-A1,0,fullcandle,first,m15k2,none,1,4177,0.1341,-0.0944,-1.0000,-394.1243,0.8913,-496.8064,42,0.1006,6.6815,0.0000,1937,-14.5854,2240,-379.5389,-299.0766,-95.0476,-0.0831,-0.1650,-1.0000,-1.0000,-1.0000,-1.0000,3.3576,25.8823,0.1204,0.1049,0.0687,4177,-394.1243,0,0.0000,0,0.0000,1788,-235.9911,1043,-154.7451,1346,-3.3881,-35.1800,-12.0700,15.5000,25.7700,30.0000,32.8900,-1.8500,-2.3100,-20.9700,-73.1600,-57.2500,-87.2700,40.8600,-44.1500,-55.6500,-54.2400,28.9900,-76.2300,-47.8100,-0.2701,-1128.3754,-151.2894,-0.3803,-1588.6447,reject,"avg>=0.05,train+,holdout+,2x_cost_avg>0"
Qfullcandle-Sfirst-T1m15k2-Rnone-A3,0,fullcandle,first,m15k2,none,3,11423,0.1301,-0.1170,-1.0000,-1336.5767,0.8657,-1413.9324,76,0.0962,6.7534,0.0003,5200,-466.9693,6223,-869.6074,-1242.2802,-94.2965,-0.1261,-0.0601,-1.0000,-1.0000,-1.0000,-1.0000,3.0400,47.0657,0.1145,0.1004,0.0658,4177,-394.1243,3783,-693.2676,3463,-249.1848,4448,-415.7553,3020,-679.1749,3955,-241.6465,-44.3500,-102.7800,-112.5500,-29.4100,1.2900,100.3900,-23.0000,-21.1700,-68.6000,-137.3700,-150.7100,-177.4800,-45.1100,-106.0000,-145.2200,-180.2200,-42.3800,-49.4300,-2.4800,-0.2889,-3299.6121,-254.5777,-0.3961,-4524.0126,reject,"avg>=0.05,train+,holdout+,2x_cost_avg>0"
Qfullcandle-Sfirst-T1m15k2-Rchand-A1,0,fullcandle,first,m15k2,chand,1,4173,0.1340,-0.0969,-1.0000,-404.1952,0.8884,-511.0859,42,0.1002,6.6918,0.0000,1935,-11.6680,2238,-392.5272,-312.8115,-91.3837,-0.0870,-0.1587,-1.0000,-1.0000,-1.0000,-1.0000,3.3352,27.5313,0.1196,0.1052,0.0673,4173,-404.1952,0,0.0000,0,0.0000,1788,-252.5677,1043,-145.6157,1342,-6.0119,-35.7800,-14.8400,12.1300,29.2600,33.0900,34.6400,-2.3200,1.9500,-23.1000,-71.6400,-60.1600,-93.1600,38.2600,-48.2800,-56.9300,-55.9300,30.1800,-73.1900,-48.3700,-0.2717,-1133.9818,-147.8909,-0.3815,-1591.9754,reject,"avg>=0.05,train+,holdout+,2x_cost_avg>0"
Qfullcandle-Sfirst-T1m15k2-Rchand-A3,0,fullcandle,first,m15k2,chand,3,11404,0.1301,-0.1189,-1.0000,-1355.8618,0.8635,-1432.7616,76,0.0963,6.7419,0.0004,5191,-457.4716,6213,-898.3902,-1261.1951,-94.6667,-0.1282,-0.0603,-1.0000,-1.0000,-1.0000,-1.0000,3.0243,45.5934,0.1136,0.1004,0.0657,4172,-397.3527,3777,-677.1953,3455,-281.3138,4444,-455.7349,3024,-636.1806,3936,-263.9463,-43.6000,-107.7400,-113.6800,-23.6400,-2.6000,106.1300,-22.6000,-39.3600,-62.7500,-138.3600,-142.5200,-174.4600,-49.9700,-113.0200,-147.3500,-185.6600,-45.3000,-45.6300,-3.7300,-0.2906,-3314.3677,-254.2274,-0.3976,-4533.6069,reject,"avg>=0.05,train+,holdout+,2x_cost_avg>0"
Qfullcandle-Sfirst-T1rr3-Rsess-A1,0,fullcandle,first,rr3,sess,1,4111,0.2235,-0.1527,-1.0000,-627.9419,0.8036,-649.8171,23,0.2167,3.0000,0.0000,1908,-90.1400,2203,-537.8019,-547.4706,-80.4713,-0.1545,-0.1417,-1.0000,-1.0000,-1.0000,-1.0000,2.2487,17.3512,0.1885,0.0567,0.0173,4111,-627.9419,0,0.0000,0,0.0000,1782,-307.4311,1033,-201.1967,1296,-119.3141,-4.5800,-33.2200,-9.0400,-26.2800,19.7500,11.1400,-27.3300,-50.4100,-50.0300,-83.9900,-76.6700,-87.4500,-4.1600,-47.1300,-35.2800,-42.7900,-10.1500,-34.7000,-35.6200,-0.2964,-1217.6727,-127.2491,-0.3898,-1600.5137,reject,"avg>=0.05,train+,holdout+,2x_cost_avg>0"
Qfullcandle-Sfirst-T1rr3-Rsess-A3,0,fullcandle,first,rr3,sess,3,10997,0.2235,-0.1519,-1.0000,-1670.2076,0.8047,-1678.6787,35,0.2177,3.0000,0.0000,4984,-516.8477,6013,-1153.3599,-1518.3164,-151.8912,-0.1601,-0.1002,-1.0000,-1.0000,-1.0000,-1.0000,2.2437,20.6070,0.1851,0.0558,0.0170,4005,-635.1775,3643,-595.1913,3349,-439.8388,4470,-702.1578,2971,-573.2245,3556,-394.8253,-14.2500,-153.5400,-90.4600,-34.0900,11.4600,44.0900,-87.1900,-107.0600,-114.4200,-160.3000,-198.4700,-195.9700,-76.5000,-99.5400,-91.1900,-150.8900,-70.2600,-60.4500,-21.1800,-0.3093,-3386.9729,-306.6828,-0.4081,-4457.9453,reject,"avg>=0.05,train+,holdout+,2x_cost_avg>0"
Qfullcandle-Sfirst-T1rr3-Rnone-A1,0,fullcandle,first,rr3,none,1,4176,0.2232,-0.1783,-1.0000,-744.6845,0.7708,-769.4365,23,0.2165,3.0000,0.0000,1937,-185.5643,2239,-559.1202,-649.6232,-95.0613,-0.1805,-0.1650,-1.0000,-1.0000,-1.0000,-1.0000,2.7793,2.9950,0.2172,0.0000,0.0000,4176,-744.6845,0,0.0000,0,0.0000,1788,-354.6865,1042,-227.3645,1346,-162.6335,10.1200,-50.6300,0.3000,-22.5800,-12.3200,-0.8500,-39.9800,-51.5400,-68.0200,-84.5000,-95.4300,-80.5300,-13.1200,-51.6700,-56.5600,-32.3200,-4.4900,-49.2700,-41.3000,-0.3138,-1310.2337,-143.0105,-0.4041,-1687.5600,reject,"avg>=0.05,train+,holdout+,2x_cost_avg>0"
Qfullcandle-Sfirst-T1rr3-Rnone-A3,0,fullcandle,first,rr3,none,3,11690,0.2258,-0.1686,-1.0000,-1970.8856,0.7825,-1999.6764,35,0.2198,3.0000,0.0000,5356,-684.7122,6334,-1286.1734,-1817.6567,-153.2290,-0.1802,-0.0955,-1.0000,-1.0000,-1.0000,-1.0000,2.7752,2.9950,0.2204,0.0000,0.0000,4176,-744.6845,3866,-680.2540,3648,-545.9471,4622,-888.5405,3070,-642.4058,3998,-439.9393,-18.9800,-167.3200,-89.9300,-21.3900,-52.3600,19.5000,-108.4100,-129.0300,-152.8700,-177.2600,-220.9700,-221.9400,-112.5000,-127.0200,-106.7300,-130.4200,-86.0500,-46.4700,-20.7100,-0.3273,-3811.3610,-316.5530,-0.4215,-4885.2194,reject,"avg>=0.05,train+,holdout+,2x_cost_avg>0"
Qfullcandle-Sfirst-T1rr3-Rchand-A1,0,fullcandle,first,rr3,chand,1,4174,0.2230,-0.1776,-1.0000,-741.3984,0.7717,-765.7312,23,0.2161,3.0000,0.0000,1936,-184.6785,2238,-556.7200,-646.6472,-94.7512,-0.1797,-0.1645,-1.0000,-1.0000,-1.0000,-1.0000,2.6904,6.5438,0.2075,0.0553,0.0017,4174,-741.3984,0,0.0000,0,0.0000,1788,-368.9987,1042,-230.1129,1344,-142.2868,7.7300,-46.1600,-4.6800,-20.5400,-8.2800,1.6400,-32.5900,-48.6800,-68.3200,-88.6700,-90.5700,-85.2500,-13.8600,-56.9800,-56.9100,-34.5300,-5.6100,-49.2300,-39.9100,-0.3157,-1317.6864,-143.5127,-0.4063,-1695.9185,reject,"avg>=0.05,train+,holdout+,2x_cost_avg>0"
Qfullcandle-Sfirst-T1rr3-Rchand-A3,0,fullcandle,first,rr3,chand,3,11632,0.2272,-0.1637,-1.0000,-1904.2855,0.7884,-1944.7177,35,0.2206,3.0000,0.0000,5325,-619.1167,6307,-1285.1688,-1732.5819,-171.7036,-0.1727,-0.1074,-1.0000,-1.0000,-1.0000,-1.0000,2.6704,9.3960,0.2093,0.0534,0.0029,4173,-745.4428,3854,-664.7331,3605,-494.1095,4580,-858.0814,3065,-617.3079,3987,-428.8961,8.6800,-161.8800,-94.9800,-10.6800,-27.9100,28.4100,-103.5900,-123.9100,-150.0000,-192.1700,-204.7900,-227.1800,-101.4300,-129.0600,-99.9600,-142.1300,-75.0100,-74.2000,-22.5000,-0.3226,-3740.8965,-345.2737,-0.4196,-4848.7864,reject,"avg>=0.05,train+,holdout+,2x_cost_avg>0"
Qfullcandle-Sfirst-T1rr5-Rsess-A1,0,fullcandle,first,rr5,sess,1,4105,0.1639,-0.1004,-1.0000,-412.0517,0.8802,-465.1068,32,0.1437,5.0000,0.0000,1906,8.4146,2199,-420.4664,-341.1533,-70.8984,-0.0964,-0.1250,-1.0000,-1.0000,-1.0000,-1.0000,3.7560,18.9512,0.1537,0.1479,0.0434,4105,-412.0517,0,0.0000,0,0.0000,1782,-219.8019,1033,-156.4075,1290,-35.8423,16.9200,-15.1900,-26.0400,20.0100,6.7500,19.2700,-6.9800,-21.6400,-16.3300,-90.9900,-54.6200,-81.6200,31.0700,-49.8000,-19.1200,-52.8400,-6.9200,-26.3500,-37.6300,-0.2531,-1038.7431,-109.9577,-0.3517,-1442.9249,reject,"avg>=0.05,train+,holdout+,2x_cost_avg>0"
Qfullcandle-Sfirst-T1rr5-Rsess-A3,0,fullcandle,first,rr5,sess,3,10890,0.1581,-0.1242,-1.0000,-1353.0255,0.8526,-1428.8515,45,0.1398,5.0000,0.0000,4928,-415.1817,5962,-937.8438,-1202.2569,-150.7686,-0.1280,-0.1008,-1.0000,-1.0000,-1.0000,-1.0000,3.7311,24.1047,0.1483,0.1435,0.0439,3995,-395.1514,3608,-585.7795,3287,-372.0946,4424,-511.1285,2956,-608.2008,3510,-233.6963,38.8000,-117.0500,-127.2600,5.2900,-11.7400,69.6300,-55.6900,-89.5000,-61.4600,-139.4800,-144.2100,-164.2200,-30.1800,-120.3500,-92.2900,-162.5300,-68.3500,-59.8200,-22.5900,-0.2806,-3050.2850,-283.0836,-0.3814,-4143.1896,reject,"avg>=0.05,train+,holdout+,2x_cost_avg>0"
Qfullcandle-Sfirst-T1rr5-Rnone-A1,0,fullcandle,first,rr5,none,1,4176,0.1636,-0.1218,-1.0000,-508.4432,0.8547,-573.8402,32,0.1430,5.0000,0.0000,1937,-71.5229,2239,-436.9203,-420.7097,-87.7335,-0.1169,-0.1523,-1.0000,-1.0000,-1.0000,-1.0000,4.6790,4.9950,0.1533,0.1470,0.0000,4176,-508.4432,0,0.0000,0,0.0000,1788,-253.4586,1042,-193.3944,1346,-61.5902,37.7200,-30.1900,-15.9800,18.5100,-33.0300,9.1400,-10.9600,-15.4900,-29.6800,-91.9200,-66.7900,-76.3100,17.6200,-55.5000,-34.7400,-43.1400,-6.0100,-37.8900,-43.8300,-0.2675,-1116.7631,-121.7716,-0.3609,-1506.3917,reject,"avg>=0.05,train+,holdout+,2x_cost_avg>0"
Qfullcandle-Sfirst-T1rr5-Rnone-A3,0,fullcandle,first,rr5,none,3,11508,0.1602,-0.1398,-1.0000,-1608.4842,0.8338,-1712.7180,45,0.1404,5.0000,0.0000,5251,-534.4834,6257,-1074.0007,-1454.1262,-154.3580,-0.1464,-0.0981,-1.0000,-1.0000,-1.0000,-1.0000,4.6599,4.9950,0.1494,0.1442,0.0000,4176,-508.4432,3808,-688.3062,3524,-411.7348,4502,-679.6351,3049,-632.5591,3957,-296.2900,61.7200,-140.5200,-149.5300,2.9200,-44.0900,38.9100,-87.9000,-76.8900,-83.4100,-154.1000,-157.3000,-171.4600,-51.3700,-146.5300,-127.3600,-167.2400,-64.3100,-66.1400,-23.9100,-0.2933,-3362.2519,-302.8151,-0.3904,-4459.1867,reject,"avg>=0.05,train+,holdout+,2x_cost_avg>0"
Qfullcandle-Sfirst-T1rr5-Rchand-A1,0,fullcandle,first,rr5,chand,1,4173,0.1634,-0.1250,-1.0000,-521.6445,0.8509,-583.7477,32,0.1431,5.0000,0.0000,1936,-80.9239,2237,-440.7206,-435.3279,-86.3166,-0.1210,-0.1499,-1.0000,-1.0000,-1.0000,-1.0000,4.4080,8.1438,0.1531,0.1471,0.0324,4173,-521.6445,0,0.0000,0,0.0000,1788,-268.9296,1041,-193.0036,1344,-59.7113,32.2600,-28.0400,-21.2000,18.4400,-26.4500,12.2800,-9.5600,-18.6800,-29.5500,-93.2800,-68.9200,-79.7600,16.6000,-59.8900,-36.0400,-43.5100,-4.4900,-40.0900,-41.7400,-0.2725,-1136.8558,-120.0720,-0.3650,-1522.5836,reject,"avg>=0.05,train+,holdout+,2x_cost_avg>0"
Qfullcandle-Sfirst-T1rr5-Rchand-A3,0,fullcandle,first,rr5,chand,3,11477,0.1604,-0.1396,-1.0000,-1601.8781,0.8339,-1725.9629,45,0.1410,5.0000,0.0000,5242,-537.8598,6235,-1064.0183,-1437.3527,-164.5254,-0.1451,-0.1047,-1.0000,-1.0000,-1.0000,-1.0000,4.3617,10.9960,0.1497,0.1446,0.0328,4172,-520.9881,3801,-672.8470,3504,-408.0429,4484,-651.8686,3045,-631.6053,3948,-318.4042,77.5300,-133.7500,-141.2900,6.8200,-42.8100,62.3600,-85.7800,-94.7500,-88.3300,-158.3800,-150.7400,-178.9600,-62.1400,-145.2800,-132.4700,-169.3800,-72.3100,-73.5500,-18.6700,-0.2919,-3340.5659,-300.7875,-0.3922,-4473.5735,reject,"avg>=0.05,train+,holdout+,2x_cost_avg>0"
