USER_ID,PASSWORD,TOTP_SECRET,BROKER,API_KEY,API_SECRET,VENDOR_CODE,IMEI,ACCESS_TOKEN,CLIENT_ID,IS_MASTER,COPY_MULTIPLIER,COPY,SUBSCRIPTION_EXPIRY,SUBSCRIPTION_STATUS
GCY647,Ashok@12345,TKPULF7IBGFYQEK5TD27ULH5QSRNQHKD,ZERODHA,6prvk9bum6ao2mx2,e258t0srjouqefeplsbnfouib0822031,,,qgE8T1HnSQJfiDmvlNOEbtineFHAFPcL,GCY647,TRUE,1.0,TRUE,17-01-2027,Active
FA55537,Shrey@913,3N7YC542S3XB4RPL6G3U762JOO322F64,FINVASIA,,b5edd9c922d1cdd797f0a2c9985cc2c2,FA55537_U,abc1234,,FA55537,TRUE,1.0,TRUE,30-04-2026,Active
FN107927,Sanjeev@743,RUAX4ZEAY3BR7257H224M7D77JYWBRVF,FINVASIA,,55c4333dd336027112a55a458c18d8ed,FN107927_U,abc1234,,,FALSE,1.0,TRUE,29-09-2026,Active
FN148473,Chandra@911,6STR443P345NS4UPYS4LB3T7WT2SKWXS,FINVASIA,,fbc68f5ac68a565013b5c03efbebe339,FN148473_U,abc1234,,FN148473,FALSE,1.0,TRUE,07-10-2026,Active
FN118751,Mkmk2011@743,4424D5VF7YK556DN5W7DUS424VTCCT4I,FINVASIA,,2deaf35e80ec991a5bfdcd9f5f5a277b,FN118751_U,abc1234,,,FALSE,1.0,TRUE,13-10-2026,Active
FN169255,Jasneet@913,FR4746C3H23QA7UW346J53SO7N67T25Q,FINVASIA,,db2545c29b636d386fd87d308df3de2c,FN169255_U,abc1234,,,TRUE,1.0,TRUE,03-06-2026,Active
FN178278,Meenu@12345,RV74J2GMVA67PSYN6Z267W5JU7UW3H2E,FINVASIA,,f6fd1a0c24ff3882df5a3574826c64c4,FN178278_U,abc1234,,FN178278,TRUE,1.0,TRUE,20-01-2027,Active
FN123919,Rajesh@321,IKE5S57ONDFQ652DI4C3AWAO26KPNP6F,FINVASIA,,b5afe20b2ef3c84e652c058605e0cbc4,FN123919_U,abc1234,,FN123919,TRUE,1.0,TRUE,20-08-2026,Active
N/A,N/A,56YQTKDUWB7VROA7VQQJG4ZGSLINPBHL,Groww,eyJraWQiOiJaTUtjVXciLCJhbGciOiJFUzI1NiJ9.eyJleHAiOjI1NjE3MTM0MjksImlhdCI6MTc3MzMxMzQyOSwibmJmIjoxNzczMzEzNDI5LCJzdWIiOiJ7XCJ0b2tlblJlZklkXCI6XCIwNTM3ODI3YS1lNTVhLTQ5MDItOWFlZC1mZDFlNWU2MWJlZWJcIixcInZlbmRvckludGVncmF0aW9uS2V5XCI6XCJlMzFmZjIzYjA4NmI0MDZjODg3NGIyZjZkODQ5NTMxM1wiLFwidXNlckFjY291bnRJZFwiOlwiODU0YjIwMGMtMDFjMy00OTNjLWE5NjctOTBjYTU5ZWM4MzA4XCIsXCJkZXZpY2VJZFwiOlwiZWU0OGNjM2EtYWYyOS01ZDkzLWE5MmEtZGM5NDI4YjdlYjllXCIsXCJzZXNzaW9uSWRcIjpcIjZiZWYzNWNkLWVhMGYtNDlmNi04YWMyLTU0YzgyNTMyZjViNVwiLFwiYWRkaXRpb25hbERhdGFcIjpcIno1NC9NZzltdjE2WXdmb0gvS0EwYkU5RjlIcnNscnlPMmRrVFR0UjRCcFJSTkczdTlLa2pWZDNoWjU1ZStNZERhWXBOVi9UOUxIRmtQejFFQisybTdRPT1cIixcInJvbGVcIjpcImF1dGgtdG90cFwiLFwic291cmNlSXBBZGRyZXNzXCI6XCIxMjQuMTIzLjc3LjI0MSwxNzIuNjkuMjAzLjEyOCwzNS4yNDEuMjMuMTIzXCIsXCJ0d29GYUV4cGlyeVRzXCI6MjU2MTcxMzQyOTE4MyxcInZlbmRvck5hbWVcIjpcImdyb3d3QXBpXCJ9IiwiaXNzIjoiYXBleC1hdXRoLXByb2QtYXBwIn0.ngmO2enRoNipMXmLBxZrmeQERZDjQzqh6Ai8qFQUgGD9rwse3NNQnE9ChtdMEuVsDDeTCxf-hyWBwpCDlld4xA,,,,eyJraWQiOiJaTUtjVXciLCJhbGciOiJFUzI1NiJ9.eyJleHAiOjE3NzM3OTM4MDAsImlhdCI6MTc3Mzc0MDEyNiwibmJmIjoxNzczNzQwMTI2LCJzdWIiOiJ7XCJ0b2tlblJlZklkXCI6XCI0YWI3ZjEwYy1jNzU0LTQ5NDEtOGNmNC05NjhlNjVhNzhlN2FcIixcInZlbmRvckludGVncmF0aW9uS2V5XCI6XCJlMzFmZjIzYjA4NmI0MDZjODg3NGIyZjZkODQ5NTMxM1wiLFwidXNlckFjY291bnRJZFwiOlwiODU0YjIwMGMtMDFjMy00OTNjLWE5NjctOTBjYTU5ZWM4MzA4XCIsXCJkZXZpY2VJZFwiOlwiZWU0OGNjM2EtYWYyOS01ZDkzLWE5MmEtZGM5NDI4YjdlYjllXCIsXCJzZXNzaW9uSWRcIjpcImMxODRkZjA4LTFmMjAtNDE4Yy1iMWU5LWFjN2Y1NjEzYTQyZVwiLFwiYWRkaXRpb25hbERhdGFcIjpcIno1NC9NZzltdjE2WXdmb0gvS0EwYkU5RjlIcnNscnlPMmRrVFR0UjRCcFJSTkczdTlLa2pWZDNoWjU1ZStNZERhWXBOVi9UOUxIRmtQejFFQisybTdRPT1cIixcInJvbGVcIjpcIm9yZGVyLWJhc2ljLGxpdmVfZGF0YS1iYXNpYyxub25fdHJhZGluZy1iYXNpYyxvcmRlcl9yZWFkX29ubHktYmFzaWNcIixcInNvdXJjZUlwQWRkcmVzc1wiOm51bGwsXCJ0d29GYUV4cGlyeVRzXCI6MTc3Mzc5MzgwMDAwMCxcInZlbmRvck5hbWVcIjpcImdyb3d3QXBpXCJ9IiwiaXNzIjoiYXBleC1hdXRoLXByb2QtYXBwIn0.WOfD4qsz4ilwkIklAFSnyZypfPZ6K9wtEYPzQYe5VwV_uO5Be6mVArfOpi3RD5aTxPps-ZtrzA3tdipSvOQMNA,,TRUE,1.0,TRUE,03-04-2026,Active
